canal,fecha_cierre,documento,tipo_periodo,rol,inicio,fin,orden,es_total,linea_original,monto,pagina,fuente_texto,estado_doc,clave,categoria,periodo,version_principal
Canal 13,2017-12-31,data/raw/pdf/Canal 13/29080/2018040075032.pdf,anual,actual,2017-01-01,2017-12-31,0,False,Costos de Publicidad,-69127409,74,ocr,OK,costosdepublicidad,Contenidos y producción,FY2017,True
Canal 13,2017-12-31,data/raw/pdf/Canal 13/29080/2018040075032.pdf,anual,comparativo,2016-01-01,2016-12-31,0,False,Costos de Publicidad,-61366334,74,ocr,OK,costosdepublicidad,Contenidos y producción,FY2016,True
Canal 13,2017-12-31,data/raw/pdf/Canal 13/29080/2018040075032.pdf,anual,actual,2017-01-01,2017-12-31,1,False,Otros costos de explotación,-11484000,74,ocr,OK,otroscostosdeexplotacion,Otros costos,FY2017,True
Canal 13,2017-12-31,data/raw/pdf/Canal 13/29080/2018040075032.pdf,anual,comparativo,2016-01-01,2016-12-31,1,False,Otros costos de explotación,-12166727,74,ocr,OK,otroscostosdeexplotacion,Otros costos,FY2016,True
Canal 13,2020-03-31,data/raw/pdf/Canal 13/29049/2020050177776_1.pdf,trimestre,actual,2020-01-01,2020-03-31,0,False,Costos de Publicidad Exhibida,-14440009,79,pdfplumber,OK,costosdepublicidadexhibida,Contenidos y producción,Q1 2020,False
Canal 13,2020-03-31,data/raw/pdf/Canal 13/29049/2020050177776_1.pdf,trimestre,comparativo,2019-01-01,2019-03-31,0,False,Costos de Publicidad Exhibida,-14655966,79,pdfplumber,OK,costosdepublicidadexhibida,Contenidos y producción,Q1 2019,True
Canal 13,2020-03-31,data/raw/pdf/Canal 13/29049/2020050177776_1.pdf,trimestre,actual,2020-01-01,2020-03-31,1,False,Costos de Mantenciones Técnicas (a),-1254915,79,pdfplumber,OK,costosdemantencionestecnicas,Técnica y transmisión,Q1 2020,False
Canal 13,2020-03-31,data/raw/pdf/Canal 13/29049/2020050177776_1.pdf,trimestre,comparativo,2019-01-01,2019-03-31,1,False,Costos de Mantenciones Técnicas (a),-1276593,79,pdfplumber,OK,costosdemantencionestecnicas,Técnica y transmisión,Q1 2019,True
Canal 13,2020-03-31,data/raw/pdf/Canal 13/29049/2020050177776_1.pdf,trimestre,actual,2020-01-01,2020-03-31,2,False,Costos por Bonificación Agencia,-280674,79,pdfplumber,OK,costosporbonificacionagencia,Comercialización de audiencias,Q1 2020,False
Canal 13,2020-03-31,data/raw/pdf/Canal 13/29049/2020050177776_1.pdf,trimestre,comparativo,2019-01-01,2019-03-31,2,False,Costos por Bonificación Agencia,-593949,79,pdfplumber,OK,costosporbonificacionagencia,Comercialización de audiencias,Q1 2019,True
Canal 13,2020-03-31,data/raw/pdf/Canal 13/29049/2020050177776_1.pdf,trimestre,actual,2020-01-01,2020-03-31,3,False,Otros costos de explotación (b),-10689890,79,pdfplumber,OK,otroscostosdeexplotacion,Otros costos,Q1 2020,False
Canal 13,2020-03-31,data/raw/pdf/Canal 13/29049/2020050177776_1.pdf,trimestre,comparativo,2019-01-01,2019-03-31,3,False,Otros costos de explotación (b),-1127129,79,pdfplumber,OK,otroscostosdeexplotacion,Otros costos,Q1 2019,True
Canal 13,2020-06-30,data/raw/pdf/Canal 13/29819/2.pdf,semestre,actual,2020-01-01,2020-06-30,0,False,Costos de Publicidad Exhibida,-24472698,74,pdfplumber,OK,costosdepublicidadexhibida,Contenidos y producción,H1 2020,False
Canal 13,2020-06-30,data/raw/pdf/Canal 13/29819/2.pdf,semestre,comparativo,2019-01-01,2019-06-30,0,False,Costos de Publicidad Exhibida,-29153904,74,pdfplumber,OK,costosdepublicidadexhibida,Contenidos y producción,H1 2019,True
Canal 13,2020-06-30,data/raw/pdf/Canal 13/29819/2.pdf,trimestre,actual,2020-04-01,2020-06-30,0,False,Costos de Publicidad Exhibida,-10771713,74,pdfplumber,OK,costosdepublicidadexhibida,Contenidos y producción,Q2 2020,False
Canal 13,2020-06-30,data/raw/pdf/Canal 13/29819/2.pdf,trimestre,comparativo,2019-04-01,2019-06-30,0,False,Costos de Publicidad Exhibida,-14488325,74,pdfplumber,OK,costosdepublicidadexhibida,Contenidos y producción,Q2 2019,True
Canal 13,2020-06-30,data/raw/pdf/Canal 13/29819/2.pdf,semestre,actual,2020-01-01,2020-06-30,1,False,Costos mantenciones técnicas(a),-2596316,74,pdfplumber,OK,costosmantencionestecnicas,Técnica y transmisión,H1 2020,False
Canal 13,2020-06-30,data/raw/pdf/Canal 13/29819/2.pdf,semestre,comparativo,2019-01-01,2019-06-30,1,False,Costos mantenciones técnicas(a),-2245724,74,pdfplumber,OK,costosmantencionestecnicas,Técnica y transmisión,H1 2019,True
Canal 13,2020-06-30,data/raw/pdf/Canal 13/29819/2.pdf,trimestre,actual,2020-04-01,2020-06-30,1,False,Costos mantenciones técnicas(a),-1337142,74,pdfplumber,OK,costosmantencionestecnicas,Técnica y transmisión,Q2 2020,False
Canal 13,2020-06-30,data/raw/pdf/Canal 13/29819/2.pdf,trimestre,comparativo,2019-04-01,2019-06-30,1,False,Costos mantenciones técnicas(a),-969131,74,pdfplumber,OK,costosmantencionestecnicas,Técnica y transmisión,Q2 2019,True
Canal 13,2020-06-30,data/raw/pdf/Canal 13/29819/2.pdf,semestre,actual,2020-01-01,2020-06-30,2,False,Costos por Bonificación Agencia,-493618,74,pdfplumber,OK,costosporbonificacionagencia,Comercialización de audiencias,H1 2020,False
Canal 13,2020-06-30,data/raw/pdf/Canal 13/29819/2.pdf,semestre,comparativo,2019-01-01,2019-06-30,2,False,Costos por Bonificación Agencia,-1316751,74,pdfplumber,OK,costosporbonificacionagencia,Comercialización de audiencias,H1 2019,True
Canal 13,2020-06-30,data/raw/pdf/Canal 13/29819/2.pdf,trimestre,actual,2020-04-01,2020-06-30,2,False,Costos por Bonificación Agencia,-212944,74,pdfplumber,OK,costosporbonificacionagencia,Comercialización de audiencias,Q2 2020,False
Canal 13,2020-06-30,data/raw/pdf/Canal 13/29819/2.pdf,trimestre,comparativo,2019-04-01,2019-06-30,2,False,Costos por Bonificación Agencia,-722803,74,pdfplumber,OK,costosporbonificacionagencia,Comercialización de audiencias,Q2 2019,True
Canal 13,2020-06-30,data/raw/pdf/Canal 13/29819/2.pdf,semestre,actual,2020-01-01,2020-06-30,3,False,Otros costos de explotación(b),-9043490,74,pdfplumber,OK,otroscostosdeexplotacion,Otros costos,H1 2020,False
Canal 13,2020-06-30,data/raw/pdf/Canal 13/29819/2.pdf,semestre,comparativo,2019-01-01,2019-06-30,3,False,Otros costos de explotación(b),-2075845,74,pdfplumber,OK,otroscostosdeexplotacion,Otros costos,H1 2019,True
Canal 13,2020-06-30,data/raw/pdf/Canal 13/29819/2.pdf,trimestre,actual,2020-04-01,2020-06-30,3,False,Otros costos de explotación(b),817590,74,pdfplumber,OK,otroscostosdeexplotacion,Otros costos,Q2 2020,False
Canal 13,2020-06-30,data/raw/pdf/Canal 13/29819/2.pdf,trimestre,comparativo,2019-04-01,2019-06-30,3,False,Otros costos de explotación(b),-958328,74,pdfplumber,OK,otroscostosdeexplotacion,Otros costos,Q2 2019,True
Canal 13,2020-09-30,data/raw/pdf/Canal 13/38818/2020110488373_1.pdf,acumulado9m,actual,2020-01-01,2020-09-30,0,False,Costos de Publicidad Exhibida,-31953049,69,pdfplumber,OK,costosdepublicidadexhibida,Contenidos y producción,9M 2020,False
Canal 13,2020-09-30,data/raw/pdf/Canal 13/38818/2020110488373_1.pdf,acumulado9m,comparativo,2019-01-01,2019-09-30,0,False,Costos de Publicidad Exhibida,-42628102,69,pdfplumber,OK,costosdepublicidadexhibida,Contenidos y producción,9M 2019,True
Canal 13,2020-09-30,data/raw/pdf/Canal 13/38818/2020110488373_1.pdf,trimestre,actual,2020-07-01,2020-09-30,0,False,Costos de Publicidad Exhibida,-7480351,69,pdfplumber,OK,costosdepublicidadexhibida,Contenidos y producción,Q3 2020,False
Canal 13,2020-09-30,data/raw/pdf/Canal 13/38818/2020110488373_1.pdf,trimestre,comparativo,2019-07-01,2019-09-30,0,False,Costos de Publicidad Exhibida,-13424006,69,pdfplumber,OK,costosdepublicidadexhibida,Contenidos y producción,Q3 2019,True
Canal 13,2020-09-30,data/raw/pdf/Canal 13/38818/2020110488373_1.pdf,acumulado9m,actual,2020-01-01,2020-09-30,1,False,Costos mantenciones técnicas (a),-3665661,69,pdfplumber,OK,costosmantencionestecnicas,Técnica y transmisión,9M 2020,False
Canal 13,2020-09-30,data/raw/pdf/Canal 13/38818/2020110488373_1.pdf,acumulado9m,comparativo,2019-01-01,2019-09-30,1,False,Costos mantenciones técnicas (a),-3337026,69,pdfplumber,OK,costosmantencionestecnicas,Técnica y transmisión,9M 2019,True
Canal 13,2020-09-30,data/raw/pdf/Canal 13/38818/2020110488373_1.pdf,trimestre,actual,2020-07-01,2020-09-30,1,False,Costos mantenciones técnicas (a),-1069346,69,pdfplumber,OK,costosmantencionestecnicas,Técnica y transmisión,Q3 2020,False
Canal 13,2020-09-30,data/raw/pdf/Canal 13/38818/2020110488373_1.pdf,trimestre,comparativo,2019-07-01,2019-09-30,1,False,Costos mantenciones técnicas (a),-1091302,69,pdfplumber,OK,costosmantencionestecnicas,Técnica y transmisión,Q3 2019,True
Canal 13,2020-09-30,data/raw/pdf/Canal 13/38818/2020110488373_1.pdf,acumulado9m,actual,2020-01-01,2020-09-30,2,False,Costos por Bonificación Agencia,-773176,69,pdfplumber,OK,costosporbonificacionagencia,Comercialización de audiencias,9M 2020,False
Canal 13,2020-09-30,data/raw/pdf/Canal 13/38818/2020110488373_1.pdf,acumulado9m,comparativo,2019-01-01,2019-09-30,2,False,Costos por Bonificación Agencia,-1945659,69,pdfplumber,OK,costosporbonificacionagencia,Comercialización de audiencias,9M 2019,True
Canal 13,2020-09-30,data/raw/pdf/Canal 13/38818/2020110488373_1.pdf,trimestre,actual,2020-07-01,2020-09-30,2,False,Costos por Bonificación Agencia,-279557,69,pdfplumber,OK,costosporbonificacionagencia,Comercialización de audiencias,Q3 2020,False
Canal 13,2020-09-30,data/raw/pdf/Canal 13/38818/2020110488373_1.pdf,trimestre,comparativo,2019-07-01,2019-09-30,2,False,Costos por Bonificación Agencia,-628907,69,pdfplumber,OK,costosporbonificacionagencia,Comercialización de audiencias,Q3 2019,True
Canal 13,2020-09-30,data/raw/pdf/Canal 13/38818/2020110488373_1.pdf,acumulado9m,actual,2020-01-01,2020-09-30,3,False,Otros costos de explotación (b),-11932232,69,pdfplumber,OK,otroscostosdeexplotacion,Otros costos,9M 2020,False
Canal 13,2020-09-30,data/raw/pdf/Canal 13/38818/2020110488373_1.pdf,acumulado9m,comparativo,2019-01-01,2019-09-30,3,False,Otros costos de explotación (b),-2050748,69,pdfplumber,OK,otroscostosdeexplotacion,Otros costos,9M 2019,True
Canal 13,2020-09-30,data/raw/pdf/Canal 13/38818/2020110488373_1.pdf,trimestre,actual,2020-07-01,2020-09-30,3,False,Otros costos de explotación (b),-2888742,69,pdfplumber,OK,otroscostosdeexplotacion,Otros costos,Q3 2020,False
Canal 13,2020-09-30,data/raw/pdf/Canal 13/38818/2020110488373_1.pdf,trimestre,comparativo,2019-07-01,2019-09-30,3,False,Otros costos de explotación (b),-25096,69,pdfplumber,OK,otroscostosdeexplotacion,Otros costos,Q3 2019,True
Canal 13,2020-12-31,data/raw/pdf/Canal 13/47350/2021030123089_1.pdf,anual,actual,2020-01-01,2020-12-31,0,False,Costos de Publicidad Exhibida,-40268317,75,pdfplumber,OK,costosdepublicidadexhibida,Contenidos y producción,FY2020,False
Canal 13,2020-12-31,data/raw/pdf/Canal 13/47350/2021030123089_1.pdf,anual,comparativo,2019-01-01,2019-12-31,0,False,Costos de Publicidad Exhibida,-55065722,75,pdfplumber,OK,costosdepublicidadexhibida,Contenidos y producción,FY2019,True
Canal 13,2020-12-31,data/raw/pdf/Canal 13/47350/2021030123089_1.pdf,anual,actual,2020-01-01,2020-12-31,1,False,Costos mantenciones técnicas (a),-4873264,75,pdfplumber,OK,costosmantencionestecnicas,Técnica y transmisión,FY2020,False
Canal 13,2020-12-31,data/raw/pdf/Canal 13/47350/2021030123089_1.pdf,anual,comparativo,2019-01-01,2019-12-31,1,False,Costos mantenciones técnicas (a),-4346768,75,pdfplumber,OK,costosmantencionestecnicas,Técnica y transmisión,FY2019,True
Canal 13,2020-12-31,data/raw/pdf/Canal 13/47350/2021030123089_1.pdf,anual,actual,2020-01-01,2020-12-31,2,False,Costos por Bonificación Agencia,-1156764,75,pdfplumber,OK,costosporbonificacionagencia,Comercialización de audiencias,FY2020,False
Canal 13,2020-12-31,data/raw/pdf/Canal 13/47350/2021030123089_1.pdf,anual,comparativo,2019-01-01,2019-12-31,2,False,Costos por Bonificación Agencia,-1776742,75,pdfplumber,OK,costosporbonificacionagencia,Comercialización de audiencias,FY2019,True
Canal 13,2020-12-31,data/raw/pdf/Canal 13/47350/2021030123089_1.pdf,anual,actual,2020-01-01,2020-12-31,3,False,Otros costos de explotación (b),-6276235,75,pdfplumber,OK,otroscostosdeexplotacion,Otros costos,FY2020,False
Canal 13,2020-12-31,data/raw/pdf/Canal 13/47350/2021030123089_1.pdf,anual,comparativo,2019-01-01,2019-12-31,3,False,Otros costos de explotación (b),-4127922,75,pdfplumber,OK,otroscostosdeexplotacion,Otros costos,FY2019,True
Canal 13,2021-03-31,data/raw/pdf/Canal 13/47714/2021050211434_3.pdf,trimestre,actual,2021-01-01,2021-03-31,0,False,Costos de Publicidad Exhibida,-8003702,65,pdfplumber,OK,costosdepublicidadexhibida,Contenidos y producción,Q1 2021,False
Canal 13,2021-03-31,data/raw/pdf/Canal 13/47714/2021050211434_3.pdf,trimestre,comparativo,2020-01-01,2020-03-31,0,False,Costos de Publicidad Exhibida,-18590304,65,pdfplumber,OK,costosdepublicidadexhibida,Contenidos y producción,Q1 2020,True
Canal 13,2021-03-31,data/raw/pdf/Canal 13/47714/2021050211434_3.pdf,trimestre,actual,2021-01-01,2021-03-31,1,False,Costos mantenciones técnicas (a),-1239573,65,pdfplumber,OK,costosmantencionestecnicas,Técnica y transmisión,Q1 2021,False
Canal 13,2021-03-31,data/raw/pdf/Canal 13/47714/2021050211434_3.pdf,trimestre,comparativo,2020-01-01,2020-03-31,1,False,Costos mantenciones técnicas (a),-1458056,65,pdfplumber,OK,costosmantencionestecnicas,Técnica y transmisión,Q1 2020,True
Canal 13,2021-03-31,data/raw/pdf/Canal 13/47714/2021050211434_3.pdf,trimestre,actual,2021-01-01,2021-03-31,2,False,Costos por Bonificación Agencia,-232114,65,pdfplumber,OK,costosporbonificacionagencia,Comercialización de audiencias,Q1 2021,False
Canal 13,2021-03-31,data/raw/pdf/Canal 13/47714/2021050211434_3.pdf,trimestre,comparativo,2020-01-01,2020-03-31,2,False,Costos por Bonificación Agencia,-280674,65,pdfplumber,OK,costosporbonificacionagencia,Comercialización de audiencias,Q1 2020,True
Canal 13,2021-03-31,data/raw/pdf/Canal 13/47714/2021050211434_3.pdf,trimestre,actual,2021-01-01,2021-03-31,3,False,Otros costos de explotación (b),-686541,65,pdfplumber,OK,otroscostosdeexplotacion,Otros costos,Q1 2021,False
Canal 13,2021-03-31,data/raw/pdf/Canal 13/47714/2021050211434_3.pdf,trimestre,comparativo,2020-01-01,2020-03-31,3,False,Otros costos de explotación (b),-4772878,65,pdfplumber,OK,otroscostosdeexplotacion,Otros costos,Q1 2020,True
Canal 13,2021-06-30,data/raw/pdf/Canal 13/49397/2021090376181_3.pdf,semestre,actual,2021-01-01,2021-06-30,0,False,Costos de Publicidad Exhibida,-17126927,69,pdfplumber,OK,costosdepublicidadexhibida,Contenidos y producción,H1 2021,False
Canal 13,2021-06-30,data/raw/pdf/Canal 13/49397/2021090376181_3.pdf,semestre,comparativo,2020-01-01,2020-06-30,0,False,Costos de Publicidad Exhibida,-24472698,69,pdfplumber,OK,costosdepublicidadexhibida,Contenidos y producción,H1 2020,True
Canal 13,2021-06-30,data/raw/pdf/Canal 13/49397/2021090376181_3.pdf,trimestre,actual,2021-04-01,2021-06-30,0,False,Costos de Publicidad Exhibida,-9123225,69,pdfplumber,OK,costosdepublicidadexhibida,Contenidos y producción,Q2 2021,False
Canal 13,2021-06-30,data/raw/pdf/Canal 13/49397/2021090376181_3.pdf,trimestre,comparativo,2020-04-01,2020-06-30,0,False,Costos de Publicidad Exhibida,-10771713,69,pdfplumber,OK,costosdepublicidadexhibida,Contenidos y producción,Q2 2020,True
Canal 13,2021-06-30,data/raw/pdf/Canal 13/49397/2021090376181_3.pdf,semestre,actual,2021-01-01,2021-06-30,1,False,Costos mantenciones técnicas(a),-2520707,69,pdfplumber,OK,costosmantencionestecnicas,Técnica y transmisión,H1 2021,False
Canal 13,2021-06-30,data/raw/pdf/Canal 13/49397/2021090376181_3.pdf,semestre,comparativo,2020-01-01,2020-06-30,1,False,Costos mantenciones técnicas(a),-2596316,69,pdfplumber,OK,costosmantencionestecnicas,Técnica y transmisión,H1 2020,True
Canal 13,2021-06-30,data/raw/pdf/Canal 13/49397/2021090376181_3.pdf,trimestre,actual,2021-04-01,2021-06-30,1,False,Costos mantenciones técnicas(a),-1281134,69,pdfplumber,OK,costosmantencionestecnicas,Técnica y transmisión,Q2 2021,False
Canal 13,2021-06-30,data/raw/pdf/Canal 13/49397/2021090376181_3.pdf,trimestre,comparativo,2020-04-01,2020-06-30,1,False,Costos mantenciones técnicas(a),-1337142,69,pdfplumber,OK,costosmantencionestecnicas,Técnica y transmisión,Q2 2020,True
Canal 13,2021-06-30,data/raw/pdf/Canal 13/49397/2021090376181_3.pdf,semestre,actual,2021-01-01,2021-06-30,2,False,Costos por Bonificación Agencia,-559228,69,pdfplumber,OK,costosporbonificacionagencia,Comercialización de audiencias,H1 2021,False
Canal 13,2021-06-30,data/raw/pdf/Canal 13/49397/2021090376181_3.pdf,semestre,comparativo,2020-01-01,2020-06-30,2,False,Costos por Bonificación Agencia,-493618,69,pdfplumber,OK,costosporbonificacionagencia,Comercialización de audiencias,H1 2020,True
Canal 13,2021-06-30,data/raw/pdf/Canal 13/49397/2021090376181_3.pdf,trimestre,actual,2021-04-01,2021-06-30,2,False,Costos por Bonificación Agencia,-327115,69,pdfplumber,OK,costosporbonificacionagencia,Comercialización de audiencias,Q2 2021,False
Canal 13,2021-06-30,data/raw/pdf/Canal 13/49397/2021090376181_3.pdf,trimestre,comparativo,2020-04-01,2020-06-30,2,False,Costos por Bonificación Agencia,-212944,69,pdfplumber,OK,costosporbonificacionagencia,Comercialización de audiencias,Q2 2020,True
Canal 13,2021-06-30,data/raw/pdf/Canal 13/49397/2021090376181_3.pdf,semestre,actual,2021-01-01,2021-06-30,3,False,Otros costos de explotación(b),-1098035,69,pdfplumber,OK,otroscostosdeexplotacion,Otros costos,H1 2021,False
Canal 13,2021-06-30,data/raw/pdf/Canal 13/49397/2021090376181_3.pdf,semestre,comparativo,2020-01-01,2020-06-30,3,False,Otros costos de explotación(b),-9043490,69,pdfplumber,OK,otroscostosdeexplotacion,Otros costos,H1 2020,True
Canal 13,2021-06-30,data/raw/pdf/Canal 13/49397/2021090376181_3.pdf,trimestre,actual,2021-04-01,2021-06-30,3,False,Otros costos de explotación(b),-411493,69,pdfplumber,OK,otroscostosdeexplotacion,Otros costos,Q2 2021,False
Canal 13,2021-06-30,data/raw/pdf/Canal 13/49397/2021090376181_3.pdf,trimestre,comparativo,2020-04-01,2020-06-30,3,False,Otros costos de explotación(b),817590,69,pdfplumber,OK,otroscostosdeexplotacion,Otros costos,Q2 2020,True
Canal 13,2021-09-30,data/raw/pdf/Canal 13/49903/2021110476519_1.pdf,acumulado9m,actual,2021-01-01,2021-09-30,0,False,Costos de Publicidad Exhibida,-27149463,67,pdfplumber,OK,costosdepublicidadexhibida,Contenidos y producción,9M 2021,False
Canal 13,2021-09-30,data/raw/pdf/Canal 13/49903/2021110476519_1.pdf,acumulado9m,comparativo,2020-01-01,2020-09-30,0,False,Costos de Publicidad Exhibida,-31953049,67,pdfplumber,OK,costosdepublicidadexhibida,Contenidos y producción,9M 2020,True
Canal 13,2021-09-30,data/raw/pdf/Canal 13/49903/2021110476519_1.pdf,trimestre,actual,2021-07-01,2021-09-30,0,False,Costos de Publicidad Exhibida,-10022536,67,pdfplumber,OK,costosdepublicidadexhibida,Contenidos y producción,Q3 2021,False
Canal 13,2021-09-30,data/raw/pdf/Canal 13/49903/2021110476519_1.pdf,trimestre,comparativo,2020-07-01,2020-09-30,0,False,Costos de Publicidad Exhibida,-7480351,67,pdfplumber,OK,costosdepublicidadexhibida,Contenidos y producción,Q3 2020,True
Canal 13,2021-09-30,data/raw/pdf/Canal 13/49903/2021110476519_1.pdf,acumulado9m,actual,2021-01-01,2021-09-30,1,False,Costos mantenciones técnicas (a),-3877473,67,pdfplumber,OK,costosmantencionestecnicas,Técnica y transmisión,9M 2021,False
Canal 13,2021-09-30,data/raw/pdf/Canal 13/49903/2021110476519_1.pdf,acumulado9m,comparativo,2020-01-01,2020-09-30,1,False,Costos mantenciones técnicas (a),-3665661,67,pdfplumber,OK,costosmantencionestecnicas,Técnica y transmisión,9M 2020,True
Canal 13,2021-09-30,data/raw/pdf/Canal 13/49903/2021110476519_1.pdf,trimestre,actual,2021-07-01,2021-09-30,1,False,Costos mantenciones técnicas (a),-1353297,67,pdfplumber,OK,costosmantencionestecnicas,Técnica y transmisión,Q3 2021,False
Canal 13,2021-09-30,data/raw/pdf/Canal 13/49903/2021110476519_1.pdf,trimestre,comparativo,2020-07-01,2020-09-30,1,False,Costos mantenciones técnicas (a),-1069346,67,pdfplumber,OK,costosmantencionestecnicas,Técnica y transmisión,Q3 2020,True
Canal 13,2021-09-30,data/raw/pdf/Canal 13/49903/2021110476519_1.pdf,acumulado9m,actual,2021-01-01,2021-09-30,2,False,Costos por Bonificación Agencia,-882512,67,pdfplumber,OK,costosporbonificacionagencia,Comercialización de audiencias,9M 2021,False
Canal 13,2021-09-30,data/raw/pdf/Canal 13/49903/2021110476519_1.pdf,acumulado9m,comparativo,2020-01-01,2020-09-30,2,False,Costos por Bonificación Agencia,-773176,67,pdfplumber,OK,costosporbonificacionagencia,Comercialización de audiencias,9M 2020,True
Canal 13,2021-09-30,data/raw/pdf/Canal 13/49903/2021110476519_1.pdf,trimestre,actual,2021-07-01,2021-09-30,2,False,Costos por Bonificación Agencia,-323284,67,pdfplumber,OK,costosporbonificacionagencia,Comercialización de audiencias,Q3 2021,False
Canal 13,2021-09-30,data/raw/pdf/Canal 13/49903/2021110476519_1.pdf,trimestre,comparativo,2020-07-01,2020-09-30,2,False,Costos por Bonificación Agencia,-279557,67,pdfplumber,OK,costosporbonificacionagencia,Comercialización de audiencias,Q3 2020,True
Canal 13,2021-09-30,data/raw/pdf/Canal 13/49903/2021110476519_1.pdf,acumulado9m,actual,2021-01-01,2021-09-30,3,False,Otros costos de explotación (b),-1633701,67,pdfplumber,OK,otroscostosdeexplotacion,Otros costos,9M 2021,False
Canal 13,2021-09-30,data/raw/pdf/Canal 13/49903/2021110476519_1.pdf,acumulado9m,comparativo,2020-01-01,2020-09-30,3,False,Otros costos de explotación (b),-11932232,67,pdfplumber,OK,otroscostosdeexplotacion,Otros costos,9M 2020,True
Canal 13,2021-09-30,data/raw/pdf/Canal 13/49903/2021110476519_1.pdf,trimestre,actual,2021-07-01,2021-09-30,3,False,Otros costos de explotación (b),-535667,67,pdfplumber,OK,otroscostosdeexplotacion,Otros costos,Q3 2021,False
Canal 13,2021-09-30,data/raw/pdf/Canal 13/49903/2021110476519_1.pdf,trimestre,comparativo,2020-07-01,2020-09-30,3,False,Otros costos de explotación (b),-2888742,67,pdfplumber,OK,otroscostosdeexplotacion,Otros costos,Q3 2020,True
Canal 13,2021-12-31,data/raw/pdf/Canal 13/50693/Estados financieros.pdf,anual,actual,2021-01-01,2021-12-31,0,False,Costos de Publicidad Exhibida,-39300588,70,ocr,OK,costosdepublicidadexhibida,Contenidos y producción,FY2021,False
Canal 13,2021-12-31,data/raw/pdf/Canal 13/50693/Estados financieros.pdf,anual,comparativo,2020-01-01,2020-12-31,0,False,Costos de Publicidad Exhibida,-40268317,70,ocr,OK,costosdepublicidadexhibida,Contenidos y producción,FY2020,True
Canal 13,2021-12-31,data/raw/pdf/Canal 13/50693/Estados financieros.pdf,anual,actual,2021-01-01,2021-12-31,1,False,Costos mantenciones técnicas (a),-5256378,70,ocr,OK,costosmantencionestecnicas,Técnica y transmisión,FY2021,False
Canal 13,2021-12-31,data/raw/pdf/Canal 13/50693/Estados financieros.pdf,anual,comparativo,2020-01-01,2020-12-31,1,False,Costos mantenciones técnicas (a),-4873264,70,ocr,OK,costosmantencionestecnicas,Técnica y transmisión,FY2020,True
Canal 13,2021-12-31,data/raw/pdf/Canal 13/50693/Estados financieros.pdf,anual,actual,2021-01-01,2021-12-31,2,False,Costos por Bonificación Agencia,-1273542,70,ocr,OK,costosporbonificacionagencia,Comercialización de audiencias,FY2021,False
Canal 13,2021-12-31,data/raw/pdf/Canal 13/50693/Estados financieros.pdf,anual,comparativo,2020-01-01,2020-12-31,2,False,Costos por Bonificación Agencia,-1156764,70,ocr,OK,costosporbonificacionagencia,Comercialización de audiencias,FY2020,True
Canal 13,2021-12-31,data/raw/pdf/Canal 13/50693/Estados financieros.pdf,anual,actual,2021-01-01,2021-12-31,3,False,Otros costos de explotación (b),-2894216,70,ocr,OK,otroscostosdeexplotacion,Otros costos,FY2021,False
Canal 13,2021-12-31,data/raw/pdf/Canal 13/50693/Estados financieros.pdf,anual,comparativo,2020-01-01,2020-12-31,3,False,Otros costos de explotación (b),-6276235,70,ocr,OK,otroscostosdeexplotacion,Otros costos,FY2020,True
Canal 13,2022-03-31,data/raw/pdf/Canal 13/51266/Estados Financieros Marzo 2022.pdf,trimestre,actual,2022-01-01,2022-03-31,0,False,Costos de Publicidad Exhibida,-9732497,66,pdfplumber,OK,costosdepublicidadexhibida,Contenidos y producción,Q1 2022,False
Canal 13,2022-03-31,data/raw/pdf/Canal 13/51266/Estados Financieros Marzo 2022.pdf,trimestre,comparativo,2021-01-01,2021-03-31,0,False,Costos de Publicidad Exhibida,-8003702,66,pdfplumber,OK,costosdepublicidadexhibida,Contenidos y producción,Q1 2021,True
Canal 13,2022-03-31,data/raw/pdf/Canal 13/51266/Estados Financieros Marzo 2022.pdf,trimestre,actual,2022-01-01,2022-03-31,1,False,Costos mantenciones técnicas (a),-1086884,66,pdfplumber,OK,costosmantencionestecnicas,Técnica y transmisión,Q1 2022,False
Canal 13,2022-03-31,data/raw/pdf/Canal 13/51266/Estados Financieros Marzo 2022.pdf,trimestre,comparativo,2021-01-01,2021-03-31,1,False,Costos mantenciones técnicas (a),-1239573,66,pdfplumber,OK,costosmantencionestecnicas,Técnica y transmisión,Q1 2021,True
Canal 13,2022-03-31,data/raw/pdf/Canal 13/51266/Estados Financieros Marzo 2022.pdf,trimestre,actual,2022-01-01,2022-03-31,2,False,Costos por Bonificación Agencia,-253300,66,pdfplumber,OK,costosporbonificacionagencia,Comercialización de audiencias,Q1 2022,False
Canal 13,2022-03-31,data/raw/pdf/Canal 13/51266/Estados Financieros Marzo 2022.pdf,trimestre,comparativo,2021-01-01,2021-03-31,2,False,Costos por Bonificación Agencia,-232114,66,pdfplumber,OK,costosporbonificacionagencia,Comercialización de audiencias,Q1 2021,True
Canal 13,2022-03-31,data/raw/pdf/Canal 13/51266/Estados Financieros Marzo 2022.pdf,trimestre,actual,2022-01-01,2022-03-31,3,False,Otros costos de explotación (b),-514644,66,pdfplumber,OK,otroscostosdeexplotacion,Otros costos,Q1 2022,False
Canal 13,2022-03-31,data/raw/pdf/Canal 13/51266/Estados Financieros Marzo 2022.pdf,trimestre,comparativo,2021-01-01,2021-03-31,3,False,Otros costos de explotación (b),-415672,66,pdfplumber,OK,otroscostosdeexplotacion,Otros costos,Q1 2021,True
Canal 13,2022-06-30,data/raw/pdf/Canal 13/53286/2022090357517_2.pdf,semestre,actual,2022-01-01,2022-06-30,0,False,Costos de Publicidad Exhibida,-20544435,68,pdfplumber,OK,costosdepublicidadexhibida,Contenidos y producción,H1 2022,False
Canal 13,2022-06-30,data/raw/pdf/Canal 13/53286/2022090357517_2.pdf,semestre,comparativo,2021-01-01,2021-06-30,0,False,Costos de Publicidad Exhibida,-17858032,68,pdfplumber,OK,costosdepublicidadexhibida,Contenidos y producción,H1 2021,True
Canal 13,2022-06-30,data/raw/pdf/Canal 13/53286/2022090357517_2.pdf,trimestre,actual,2022-04-01,2022-06-30,0,False,Costos de Publicidad Exhibida,-10743262,68,pdfplumber,OK,costosdepublicidadexhibida,Contenidos y producción,Q2 2022,False
Canal 13,2022-06-30,data/raw/pdf/Canal 13/53286/2022090357517_2.pdf,trimestre,comparativo,2021-04-01,2021-06-30,0,False,Costos de Publicidad Exhibida,-9351253,68,pdfplumber,OK,costosdepublicidadexhibida,Contenidos y producción,Q2 2021,True
Canal 13,2022-06-30,data/raw/pdf/Canal 13/53286/2022090357517_2.pdf,semestre,actual,2022-01-01,2022-06-30,1,False,CostosMantención Técnicas (a),-3120982,68,pdfplumber,OK,costosmantenciontecnicas,Técnica y transmisión,H1 2022,False
Canal 13,2022-06-30,data/raw/pdf/Canal 13/53286/2022090357517_2.pdf,semestre,comparativo,2021-01-01,2021-06-30,1,False,CostosMantención Técnicas (a),-2520707,68,pdfplumber,OK,costosmantenciontecnicas,Técnica y transmisión,H1 2021,True
Canal 13,2022-06-30,data/raw/pdf/Canal 13/53286/2022090357517_2.pdf,trimestre,actual,2022-04-01,2022-06-30,1,False,CostosMantención Técnicas (a),-1607594,68,pdfplumber,OK,costosmantenciontecnicas,Técnica y transmisión,Q2 2022,False
Canal 13,2022-06-30,data/raw/pdf/Canal 13/53286/2022090357517_2.pdf,trimestre,comparativo,2021-04-01,2021-06-30,1,False,CostosMantención Técnicas (a),-1281134,68,pdfplumber,OK,costosmantenciontecnicas,Técnica y transmisión,Q2 2021,True
Canal 13,2022-06-30,data/raw/pdf/Canal 13/53286/2022090357517_2.pdf,semestre,actual,2022-01-01,2022-06-30,2,False,Costos por Bonificación Agencia,-568318,68,pdfplumber,OK,costosporbonificacionagencia,Comercialización de audiencias,H1 2022,False
Canal 13,2022-06-30,data/raw/pdf/Canal 13/53286/2022090357517_2.pdf,semestre,comparativo,2021-01-01,2021-06-30,2,False,Costos por Bonificación Agencia,-559228,68,pdfplumber,OK,costosporbonificacionagencia,Comercialización de audiencias,H1 2021,True
Canal 13,2022-06-30,data/raw/pdf/Canal 13/53286/2022090357517_2.pdf,trimestre,actual,2022-04-01,2022-06-30,2,False,Costos por Bonificación Agencia,-315018,68,pdfplumber,OK,costosporbonificacionagencia,Comercialización de audiencias,Q2 2022,False
Canal 13,2022-06-30,data/raw/pdf/Canal 13/53286/2022090357517_2.pdf,trimestre,comparativo,2021-04-01,2021-06-30,2,False,Costos por Bonificación Agencia,-327115,68,pdfplumber,OK,costosporbonificacionagencia,Comercialización de audiencias,Q2 2021,True
Canal 13,2022-06-30,data/raw/pdf/Canal 13/53286/2022090357517_2.pdf,semestre,actual,2022-01-01,2022-06-30,3,False,Otros Costos de Explotación (b),-62127,68,pdfplumber,OK,otroscostosdeexplotacion,Otros costos,H1 2022,False
Canal 13,2022-06-30,data/raw/pdf/Canal 13/53286/2022090357517_2.pdf,semestre,comparativo,2021-01-01,2021-06-30,3,False,Otros Costos de Explotación (b),-70778,68,pdfplumber,OK,otroscostosdeexplotacion,Otros costos,H1 2021,True
Canal 13,2022-06-30,data/raw/pdf/Canal 13/53286/2022090357517_2.pdf,trimestre,actual,2022-04-01,2022-06-30,3,False,Otros Costos de Explotación (b),-42663,68,pdfplumber,OK,otroscostosdeexplotacion,Otros costos,Q2 2022,False
Canal 13,2022-06-30,data/raw/pdf/Canal 13/53286/2022090357517_2.pdf,trimestre,comparativo,2021-04-01,2021-06-30,3,False,Otros Costos de Explotación (b),-35389,68,pdfplumber,OK,otroscostosdeexplotacion,Otros costos,Q2 2021,True
Canal 13,2022-09-30,data/raw/pdf/Canal 13/57118/2022110453755_0.pdf,acumulado9m,actual,2022-01-01,2022-09-30,0,False,Costos de Publicidad Exhibida,-30729058,66,pdfplumber,OK,costosdepublicidadexhibida,Contenidos y producción,9M 2022,False
Canal 13,2022-09-30,data/raw/pdf/Canal 13/57118/2022110453755_0.pdf,acumulado9m,comparativo,2021-01-01,2021-09-30,0,False,Costos de Publicidad Exhibida,-27203426,66,pdfplumber,OK,costosdepublicidadexhibida,Contenidos y producción,9M 2021,True
Canal 13,2022-09-30,data/raw/pdf/Canal 13/57118/2022110453755_0.pdf,trimestre,actual,2022-07-01,2022-09-30,0,False,Costos de Publicidad Exhibida,-10104262,66,pdfplumber,OK,costosdepublicidadexhibida,Contenidos y producción,Q3 2022,False
Canal 13,2022-09-30,data/raw/pdf/Canal 13/57118/2022110453755_0.pdf,trimestre,comparativo,2021-07-01,2021-09-30,0,False,Costos de Publicidad Exhibida,-9345394,66,pdfplumber,OK,costosdepublicidadexhibida,Contenidos y producción,Q3 2021,True
Canal 13,2022-09-30,data/raw/pdf/Canal 13/57118/2022110453755_0.pdf,acumulado9m,actual,2022-01-01,2022-09-30,1,False,Costos Mantención Técnicas (a),-4774021,66,pdfplumber,OK,costosmantenciontecnicas,Técnica y transmisión,9M 2022,False
Canal 13,2022-09-30,data/raw/pdf/Canal 13/57118/2022110453755_0.pdf,acumulado9m,comparativo,2021-01-01,2021-09-30,1,False,Costos Mantención Técnicas (a),-3877473,66,pdfplumber,OK,costosmantenciontecnicas,Técnica y transmisión,9M 2021,True
Canal 13,2022-09-30,data/raw/pdf/Canal 13/57118/2022110453755_0.pdf,trimestre,actual,2022-07-01,2022-09-30,1,False,Costos Mantención Técnicas (a),-1653107,66,pdfplumber,OK,costosmantenciontecnicas,Técnica y transmisión,Q3 2022,False
Canal 13,2022-09-30,data/raw/pdf/Canal 13/57118/2022110453755_0.pdf,trimestre,comparativo,2021-07-01,2021-09-30,1,False,Costos Mantención Técnicas (a),-1356766,66,pdfplumber,OK,costosmantenciontecnicas,Técnica y transmisión,Q3 2021,True
Canal 13,2022-09-30,data/raw/pdf/Canal 13/57118/2022110453755_0.pdf,acumulado9m,actual,2022-01-01,2022-09-30,2,False,Costos por Bonificación Agencia,-852403,66,pdfplumber,OK,costosporbonificacionagencia,Comercialización de audiencias,9M 2022,False
Canal 13,2022-09-30,data/raw/pdf/Canal 13/57118/2022110453755_0.pdf,acumulado9m,comparativo,2021-01-01,2021-09-30,2,False,Costos por Bonificación Agencia,-882512,66,pdfplumber,OK,costosporbonificacionagencia,Comercialización de audiencias,9M 2021,True
Canal 13,2022-09-30,data/raw/pdf/Canal 13/57118/2022110453755_0.pdf,trimestre,actual,2022-07-01,2022-09-30,2,False,Costos por Bonificación Agencia,-284085,66,pdfplumber,OK,costosporbonificacionagencia,Comercialización de audiencias,Q3 2022,False
Canal 13,2022-09-30,data/raw/pdf/Canal 13/57118/2022110453755_0.pdf,trimestre,comparativo,2021-07-01,2021-09-30,2,False,Costos por Bonificación Agencia,-323284,66,pdfplumber,OK,costosporbonificacionagencia,Comercialización de audiencias,Q3 2021,True
Canal 13,2022-09-30,data/raw/pdf/Canal 13/57118/2022110453755_0.pdf,acumulado9m,actual,2022-01-01,2022-09-30,3,False,Otros Costos de Explotación (b),-231604,66,pdfplumber,OK,otroscostosdeexplotacion,Otros costos,9M 2022,False
Canal 13,2022-09-30,data/raw/pdf/Canal 13/57118/2022110453755_0.pdf,acumulado9m,comparativo,2021-01-01,2021-09-30,3,False,Otros Costos de Explotación (b),-814600,66,pdfplumber,OK,otroscostosdeexplotacion,Otros costos,9M 2021,True
Canal 13,2022-09-30,data/raw/pdf/Canal 13/57118/2022110453755_0.pdf,trimestre,actual,2022-07-01,2022-09-30,3,False,Otros Costos de Explotación (b),-249770,66,pdfplumber,OK,otroscostosdeexplotacion,Otros costos,Q3 2022,False
Canal 13,2022-09-30,data/raw/pdf/Canal 13/57118/2022110453755_0.pdf,trimestre,comparativo,2021-07-01,2021-09-30,3,False,Otros Costos de Explotación (b),-743822,66,pdfplumber,OK,otroscostosdeexplotacion,Otros costos,Q3 2021,True
Canal 13,2022-12-31,data/raw/pdf/Canal 13/68977/2023030137056_2.pdf,anual,actual,2022-01-01,2022-12-31,0,False,Costos de Publicidad Exhibida,-43541491,70,pdfplumber,OK,costosdepublicidadexhibida,Contenidos y producción,FY2022,False
Canal 13,2022-12-31,data/raw/pdf/Canal 13/68977/2023030137056_2.pdf,anual,comparativo,2021-01-01,2021-12-31,0,False,Costos de Publicidad Exhibida,-40046153,70,pdfplumber,OK,costosdepublicidadexhibida,Contenidos y producción,FY2021,True
Canal 13,2022-12-31,data/raw/pdf/Canal 13/68977/2023030137056_2.pdf,anual,actual,2022-01-01,2022-12-31,1,False,CostosMantención Técnicas (a),-6518731,70,pdfplumber,OK,costosmantenciontecnicas,Técnica y transmisión,FY2022,False
Canal 13,2022-12-31,data/raw/pdf/Canal 13/68977/2023030137056_2.pdf,anual,comparativo,2021-01-01,2021-12-31,1,False,CostosMantención Técnicas (a),-6005238,70,pdfplumber,OK,costosmantenciontecnicas,Técnica y transmisión,FY2021,True
Canal 13,2022-12-31,data/raw/pdf/Canal 13/68977/2023030137056_2.pdf,anual,actual,2022-01-01,2022-12-31,2,False,Costos por Bonificación Agencia,-1243201,70,pdfplumber,OK,costosporbonificacionagencia,Comercialización de audiencias,FY2022,False
Canal 13,2022-12-31,data/raw/pdf/Canal 13/68977/2023030137056_2.pdf,anual,comparativo,2021-01-01,2021-12-31,2,False,Costos por Bonificación Agencia,-1273542,70,pdfplumber,OK,costosporbonificacionagencia,Comercialización de audiencias,FY2021,True
Canal 13,2022-12-31,data/raw/pdf/Canal 13/68977/2023030137056_2.pdf,anual,actual,2022-01-01,2022-12-31,3,False,Otros Costos de Explotación(b),-345848,70,pdfplumber,OK,otroscostosdeexplotacion,Otros costos,FY2022,False
Canal 13,2022-12-31,data/raw/pdf/Canal 13/68977/2023030137056_2.pdf,anual,comparativo,2021-01-01,2021-12-31,3,False,Otros Costos de Explotación(b),-350890,70,pdfplumber,OK,otroscostosdeexplotacion,Otros costos,FY2021,True
Canal 13,2023-03-31,data/raw/pdf/Canal 13/70644/2023050231569_3.pdf,trimestre,actual,2023-01-01,2023-03-31,0,False,Costos de Publicidad Exhibida,-13450567,66,pdfplumber,OK,costosdepublicidadexhibida,Contenidos y producción,Q1 2023,False
Canal 13,2023-03-31,data/raw/pdf/Canal 13/70644/2023050231569_3.pdf,trimestre,comparativo,2022-01-01,2022-03-31,0,False,Costos de Publicidad Exhibida,-9732497,66,pdfplumber,OK,costosdepublicidadexhibida,Contenidos y producción,Q1 2022,True
Canal 13,2023-03-31,data/raw/pdf/Canal 13/70644/2023050231569_3.pdf,trimestre,actual,2023-01-01,2023-03-31,1,False,Costos Mantención Técnicas (a),-1075794,66,pdfplumber,OK,costosmantenciontecnicas,Técnica y transmisión,Q1 2023,False
Canal 13,2023-03-31,data/raw/pdf/Canal 13/70644/2023050231569_3.pdf,trimestre,comparativo,2022-01-01,2022-03-31,1,False,Costos Mantención Técnicas (a),-1086884,66,pdfplumber,OK,costosmantenciontecnicas,Técnica y transmisión,Q1 2022,True
Canal 13,2023-03-31,data/raw/pdf/Canal 13/70644/2023050231569_3.pdf,trimestre,actual,2023-01-01,2023-03-31,2,False,Costos por Bonificación Agencia,-325024,66,pdfplumber,OK,costosporbonificacionagencia,Comercialización de audiencias,Q1 2023,False
Canal 13,2023-03-31,data/raw/pdf/Canal 13/70644/2023050231569_3.pdf,trimestre,comparativo,2022-01-01,2022-03-31,2,False,Costos por Bonificación Agencia,-253300,66,pdfplumber,OK,costosporbonificacionagencia,Comercialización de audiencias,Q1 2022,True
Canal 13,2023-03-31,data/raw/pdf/Canal 13/70644/2023050231569_3.pdf,trimestre,actual,2023-01-01,2023-03-31,3,False,Otros Costos de Explotación (b),-609233,66,pdfplumber,OK,otroscostosdeexplotacion,Otros costos,Q1 2023,False
Canal 13,2023-03-31,data/raw/pdf/Canal 13/70644/2023050231569_3.pdf,trimestre,comparativo,2022-01-01,2022-03-31,3,False,Otros Costos de Explotación (b),-514644,66,pdfplumber,OK,otroscostosdeexplotacion,Otros costos,Q1 2022,True
Canal 13,2023-06-30,data/raw/pdf/Canal 13/73693/2023090394048-1 Estados Financieros Intermedios Junio 2023.pdf,semestre,actual,2023-01-01,2023-06-30,0,False,Costos de Publicidad Exhibida,-25135796,66,pdfplumber,OK,costosdepublicidadexhibida,Contenidos y producción,H1 2023,False
Canal 13,2023-06-30,data/raw/pdf/Canal 13/73693/2023090394048-1 Estados Financieros Intermedios Junio 2023.pdf,semestre,comparativo,2022-01-01,2022-06-30,0,False,Costos de Publicidad Exhibida,-20544435,66,pdfplumber,OK,costosdepublicidadexhibida,Contenidos y producción,H1 2022,True
Canal 13,2023-06-30,data/raw/pdf/Canal 13/73693/2023090394048-1 Estados Financieros Intermedios Junio 2023.pdf,trimestre,actual,2023-04-01,2023-06-30,0,False,Costos de Publicidad Exhibida,-11548442,66,pdfplumber,OK,costosdepublicidadexhibida,Contenidos y producción,Q2 2023,False
Canal 13,2023-06-30,data/raw/pdf/Canal 13/73693/2023090394048-1 Estados Financieros Intermedios Junio 2023.pdf,trimestre,comparativo,2022-04-01,2022-06-30,0,False,Costos de Publicidad Exhibida,-10743262,66,pdfplumber,OK,costosdepublicidadexhibida,Contenidos y producción,Q2 2022,True
Canal 13,2023-06-30,data/raw/pdf/Canal 13/73693/2023090394048-1 Estados Financieros Intermedios Junio 2023.pdf,semestre,actual,2023-01-01,2023-06-30,1,False,CostosMantención Técnicas (a),-3055950,66,pdfplumber,OK,costosmantenciontecnicas,Técnica y transmisión,H1 2023,False
Canal 13,2023-06-30,data/raw/pdf/Canal 13/73693/2023090394048-1 Estados Financieros Intermedios Junio 2023.pdf,semestre,comparativo,2022-01-01,2022-06-30,1,False,CostosMantención Técnicas (a),-3120982,66,pdfplumber,OK,costosmantenciontecnicas,Técnica y transmisión,H1 2022,True
Canal 13,2023-06-30,data/raw/pdf/Canal 13/73693/2023090394048-1 Estados Financieros Intermedios Junio 2023.pdf,trimestre,actual,2023-04-01,2023-06-30,1,False,CostosMantención Técnicas (a),-1584267,66,pdfplumber,OK,costosmantenciontecnicas,Técnica y transmisión,Q2 2023,False
Canal 13,2023-06-30,data/raw/pdf/Canal 13/73693/2023090394048-1 Estados Financieros Intermedios Junio 2023.pdf,trimestre,comparativo,2022-04-01,2022-06-30,1,False,CostosMantención Técnicas (a),-1607594,66,pdfplumber,OK,costosmantenciontecnicas,Técnica y transmisión,Q2 2022,True
Canal 13,2023-06-30,data/raw/pdf/Canal 13/73693/2023090394048-1 Estados Financieros Intermedios Junio 2023.pdf,semestre,actual,2023-01-01,2023-06-30,2,False,Costos por Bonificación Agencia,-644707,66,pdfplumber,OK,costosporbonificacionagencia,Comercialización de audiencias,H1 2023,False
Canal 13,2023-06-30,data/raw/pdf/Canal 13/73693/2023090394048-1 Estados Financieros Intermedios Junio 2023.pdf,semestre,comparativo,2022-01-01,2022-06-30,2,False,Costos por Bonificación Agencia,-568318,66,pdfplumber,OK,costosporbonificacionagencia,Comercialización de audiencias,H1 2022,True
Canal 13,2023-06-30,data/raw/pdf/Canal 13/73693/2023090394048-1 Estados Financieros Intermedios Junio 2023.pdf,trimestre,actual,2023-04-01,2023-06-30,2,False,Costos por Bonificación Agencia,-319684,66,pdfplumber,OK,costosporbonificacionagencia,Comercialización de audiencias,Q2 2023,False
Canal 13,2023-06-30,data/raw/pdf/Canal 13/73693/2023090394048-1 Estados Financieros Intermedios Junio 2023.pdf,trimestre,comparativo,2022-04-01,2022-06-30,2,False,Costos por Bonificación Agencia,-315018,66,pdfplumber,OK,costosporbonificacionagencia,Comercialización de audiencias,Q2 2022,True
Canal 13,2023-06-30,data/raw/pdf/Canal 13/73693/2023090394048-1 Estados Financieros Intermedios Junio 2023.pdf,semestre,actual,2023-01-01,2023-06-30,3,False,Otros Costos de Explotación (b),-134444,66,pdfplumber,OK,otroscostosdeexplotacion,Otros costos,H1 2023,False
Canal 13,2023-06-30,data/raw/pdf/Canal 13/73693/2023090394048-1 Estados Financieros Intermedios Junio 2023.pdf,semestre,comparativo,2022-01-01,2022-06-30,3,False,Otros Costos de Explotación (b),-62127,66,pdfplumber,OK,otroscostosdeexplotacion,Otros costos,H1 2022,True
Canal 13,2023-06-30,data/raw/pdf/Canal 13/73693/2023090394048-1 Estados Financieros Intermedios Junio 2023.pdf,trimestre,actual,2023-04-01,2023-06-30,3,False,Otros Costos de Explotación (b),-57886,66,pdfplumber,OK,otroscostosdeexplotacion,Otros costos,Q2 2023,False
Canal 13,2023-06-30,data/raw/pdf/Canal 13/73693/2023090394048-1 Estados Financieros Intermedios Junio 2023.pdf,trimestre,comparativo,2022-04-01,2022-06-30,3,False,Otros Costos de Explotación (b),-42663,66,pdfplumber,OK,otroscostosdeexplotacion,Otros costos,Q2 2022,True
Canal 13,2023-09-30,data/raw/pdf/Canal 13/75889/2023110517059_3.pdf,acumulado9m,actual,2023-01-01,2023-09-30,0,False,Costos de Publicidad Exhibida,-35522869,62,pdfplumber,OK,costosdepublicidadexhibida,Contenidos y producción,9M 2023,False
Canal 13,2023-09-30,data/raw/pdf/Canal 13/75889/2023110517059_3.pdf,acumulado9m,comparativo,2022-01-01,2022-09-30,0,False,Costos de Publicidad Exhibida,-30729058,62,pdfplumber,OK,costosdepublicidadexhibida,Contenidos y producción,9M 2022,True
Canal 13,2023-09-30,data/raw/pdf/Canal 13/75889/2023110517059_3.pdf,trimestre,actual,2023-07-01,2023-09-30,0,False,Costos de Publicidad Exhibida,-10387074,62,pdfplumber,OK,costosdepublicidadexhibida,Contenidos y producción,Q3 2023,False
Canal 13,2023-09-30,data/raw/pdf/Canal 13/75889/2023110517059_3.pdf,trimestre,comparativo,2022-07-01,2022-09-30,0,False,Costos de Publicidad Exhibida,-10104262,62,pdfplumber,OK,costosdepublicidadexhibida,Contenidos y producción,Q3 2022,True
Canal 13,2023-09-30,data/raw/pdf/Canal 13/75889/2023110517059_3.pdf,acumulado9m,actual,2023-01-01,2023-09-30,1,False,Costos Mantención Técnicas (a),-4675915,62,pdfplumber,OK,costosmantenciontecnicas,Técnica y transmisión,9M 2023,False
Canal 13,2023-09-30,data/raw/pdf/Canal 13/75889/2023110517059_3.pdf,acumulado9m,comparativo,2022-01-01,2022-09-30,1,False,Costos Mantención Técnicas (a),-4774021,62,pdfplumber,OK,costosmantenciontecnicas,Técnica y transmisión,9M 2022,True
Canal 13,2023-09-30,data/raw/pdf/Canal 13/75889/2023110517059_3.pdf,trimestre,actual,2023-07-01,2023-09-30,1,False,Costos Mantención Técnicas (a),-1619965,62,pdfplumber,OK,costosmantenciontecnicas,Técnica y transmisión,Q3 2023,False
Canal 13,2023-09-30,data/raw/pdf/Canal 13/75889/2023110517059_3.pdf,trimestre,comparativo,2022-07-01,2022-09-30,1,False,Costos Mantención Técnicas (a),-1653107,62,pdfplumber,OK,costosmantenciontecnicas,Técnica y transmisión,Q3 2022,True
Canal 13,2023-09-30,data/raw/pdf/Canal 13/75889/2023110517059_3.pdf,acumulado9m,actual,2023-01-01,2023-09-30,2,False,Costos por Bonificación Agencia,-965116,62,pdfplumber,OK,costosporbonificacionagencia,Comercialización de audiencias,9M 2023,False
Canal 13,2023-09-30,data/raw/pdf/Canal 13/75889/2023110517059_3.pdf,acumulado9m,comparativo,2022-01-01,2022-09-30,2,False,Costos por Bonificación Agencia,-852403,62,pdfplumber,OK,costosporbonificacionagencia,Comercialización de audiencias,9M 2022,True
Canal 13,2023-09-30,data/raw/pdf/Canal 13/75889/2023110517059_3.pdf,trimestre,actual,2023-07-01,2023-09-30,2,False,Costos por Bonificación Agencia,-320408,62,pdfplumber,OK,costosporbonificacionagencia,Comercialización de audiencias,Q3 2023,False
Canal 13,2023-09-30,data/raw/pdf/Canal 13/75889/2023110517059_3.pdf,trimestre,comparativo,2022-07-01,2022-09-30,2,False,Costos por Bonificación Agencia,-284085,62,pdfplumber,OK,costosporbonificacionagencia,Comercialización de audiencias,Q3 2022,True
Canal 13,2023-09-30,data/raw/pdf/Canal 13/75889/2023110517059_3.pdf,acumulado9m,actual,2023-01-01,2023-09-30,3,False,Otros Costos de Explotación (b),-207102,62,pdfplumber,OK,otroscostosdeexplotacion,Otros costos,9M 2023,False
Canal 13,2023-09-30,data/raw/pdf/Canal 13/75889/2023110517059_3.pdf,acumulado9m,comparativo,2022-01-01,2022-09-30,3,False,Otros Costos de Explotación (b),-231604,62,pdfplumber,OK,otroscostosdeexplotacion,Otros costos,9M 2022,True
Canal 13,2023-09-30,data/raw/pdf/Canal 13/75889/2023110517059_3.pdf,trimestre,actual,2023-07-01,2023-09-30,3,False,Otros Costos de Explotación (b),-72658,62,pdfplumber,OK,otroscostosdeexplotacion,Otros costos,Q3 2023,False
Canal 13,2023-09-30,data/raw/pdf/Canal 13/75889/2023110517059_3.pdf,trimestre,comparativo,2022-07-01,2022-09-30,3,False,Otros Costos de Explotación (b),-249770,62,pdfplumber,OK,otroscostosdeexplotacion,Otros costos,Q3 2022,True
Canal 13,2023-12-31,data/raw/pdf/Canal 13/79944/2024040190694_4.pdf,anual,actual,2023-01-01,2023-12-31,0,False,Costos de Publicidad Exhibida,-49344957,67,pdfplumber,OK,costosdepublicidadexhibida,Contenidos y producción,FY2023,False
Canal 13,2023-12-31,data/raw/pdf/Canal 13/79944/2024040190694_4.pdf,anual,comparativo,2022-01-01,2022-12-31,0,False,Costos de Publicidad Exhibida,-43541491,67,pdfplumber,OK,costosdepublicidadexhibida,Contenidos y producción,FY2022,True
Canal 13,2023-12-31,data/raw/pdf/Canal 13/79944/2024040190694_4.pdf,anual,actual,2023-01-01,2023-12-31,1,False,Costos Mantención Técnicas (a),-6516412,67,pdfplumber,OK,costosmantenciontecnicas,Técnica y transmisión,FY2023,False
Canal 13,2023-12-31,data/raw/pdf/Canal 13/79944/2024040190694_4.pdf,anual,comparativo,2022-01-01,2022-12-31,1,False,Costos Mantención Técnicas (a),-6518731,67,pdfplumber,OK,costosmantenciontecnicas,Técnica y transmisión,FY2022,True
Canal 13,2023-12-31,data/raw/pdf/Canal 13/79944/2024040190694_4.pdf,anual,actual,2023-01-01,2023-12-31,2,False,Costos por Bonificación Agencia,-1414408,67,pdfplumber,OK,costosporbonificacionagencia,Comercialización de audiencias,FY2023,False
Canal 13,2023-12-31,data/raw/pdf/Canal 13/79944/2024040190694_4.pdf,anual,comparativo,2022-01-01,2022-12-31,2,False,Costos por Bonificación Agencia,-1243201,67,pdfplumber,OK,costosporbonificacionagencia,Comercialización de audiencias,FY2022,True
Canal 13,2023-12-31,data/raw/pdf/Canal 13/79944/2024040190694_4.pdf,anual,actual,2023-01-01,2023-12-31,3,False,Otros Costos de Explotación (b),-762818,67,pdfplumber,OK,otroscostosdeexplotacion,Otros costos,FY2023,False
Canal 13,2023-12-31,data/raw/pdf/Canal 13/79944/2024040190694_4.pdf,anual,comparativo,2022-01-01,2022-12-31,3,False,Otros Costos de Explotación (b),-345848,67,pdfplumber,OK,otroscostosdeexplotacion,Otros costos,FY2022,True
Canal 13,2024-03-31,data/raw/pdf/Canal 13/82002/Estados financieros 1.pdf,trimestre,actual,2024-01-01,2024-03-31,0,False,Costos de Publicidad Exhibida,-14220597,63,pdfplumber,OK,costosdepublicidadexhibida,Contenidos y producción,Q1 2024,False
Canal 13,2024-03-31,data/raw/pdf/Canal 13/82002/Estados financieros 1.pdf,trimestre,comparativo,2023-01-01,2023-03-31,0,False,Costos de Publicidad Exhibida,-13450567,63,pdfplumber,OK,costosdepublicidadexhibida,Contenidos y producción,Q1 2023,True
Canal 13,2024-03-31,data/raw/pdf/Canal 13/82002/Estados financieros 1.pdf,trimestre,actual,2024-01-01,2024-03-31,1,False,Costos Mantención Técnicas (a),-1697259,63,pdfplumber,OK,costosmantenciontecnicas,Técnica y transmisión,Q1 2024,False
Canal 13,2024-03-31,data/raw/pdf/Canal 13/82002/Estados financieros 1.pdf,trimestre,comparativo,2023-01-01,2023-03-31,1,False,Costos Mantención Técnicas (a),-1075794,63,pdfplumber,OK,costosmantenciontecnicas,Técnica y transmisión,Q1 2023,True
Canal 13,2024-03-31,data/raw/pdf/Canal 13/82002/Estados financieros 1.pdf,trimestre,actual,2024-01-01,2024-03-31,2,False,Costos por Bonificación Agencia,-342212,63,pdfplumber,OK,costosporbonificacionagencia,Comercialización de audiencias,Q1 2024,False
Canal 13,2024-03-31,data/raw/pdf/Canal 13/82002/Estados financieros 1.pdf,trimestre,comparativo,2023-01-01,2023-03-31,2,False,Costos por Bonificación Agencia,-325024,63,pdfplumber,OK,costosporbonificacionagencia,Comercialización de audiencias,Q1 2023,True
Canal 13,2024-03-31,data/raw/pdf/Canal 13/82002/Estados financieros 1.pdf,trimestre,actual,2024-01-01,2024-03-31,3,False,Otros Costos de Explotación (b),-141822,63,pdfplumber,OK,otroscostosdeexplotacion,Otros costos,Q1 2024,False
Canal 13,2024-03-31,data/raw/pdf/Canal 13/82002/Estados financieros 1.pdf,trimestre,comparativo,2023-01-01,2023-03-31,3,False,Otros Costos de Explotación (b),-609233,63,pdfplumber,OK,otroscostosdeexplotacion,Otros costos,Q1 2023,True
Canal 13,2024-06-30,data/raw/pdf/Canal 13/85354/2024090487105_3.pdf,semestre,actual,2024-01-01,2024-06-30,0,False,Costos de Publicidad Exhibida,-28214544,66,pdfplumber,OK,costosdepublicidadexhibida,Contenidos y producción,H1 2024,False
Canal 13,2024-06-30,data/raw/pdf/Canal 13/85354/2024090487105_3.pdf,semestre,comparativo,2023-01-01,2023-06-30,0,False,Costos de Publicidad Exhibida,-25135796,66,pdfplumber,OK,costosdepublicidadexhibida,Contenidos y producción,H1 2023,True
Canal 13,2024-06-30,data/raw/pdf/Canal 13/85354/2024090487105_3.pdf,trimestre,actual,2024-04-01,2024-06-30,0,False,Costos de Publicidad Exhibida,-13993947,66,pdfplumber,OK,costosdepublicidadexhibida,Contenidos y producción,Q2 2024,False
Canal 13,2024-06-30,data/raw/pdf/Canal 13/85354/2024090487105_3.pdf,trimestre,comparativo,2023-04-01,2023-06-30,0,False,Costos de Publicidad Exhibida,-11548442,66,pdfplumber,OK,costosdepublicidadexhibida,Contenidos y producción,Q2 2023,True
Canal 13,2024-06-30,data/raw/pdf/Canal 13/85354/2024090487105_3.pdf,semestre,actual,2024-01-01,2024-06-30,1,False,CostosMantención Técnicas (a),-3373560,66,pdfplumber,OK,costosmantenciontecnicas,Técnica y transmisión,H1 2024,False
Canal 13,2024-06-30,data/raw/pdf/Canal 13/85354/2024090487105_3.pdf,semestre,comparativo,2023-01-01,2023-06-30,1,False,CostosMantención Técnicas (a),-3055950,66,pdfplumber,OK,costosmantenciontecnicas,Técnica y transmisión,H1 2023,True
Canal 13,2024-06-30,data/raw/pdf/Canal 13/85354/2024090487105_3.pdf,trimestre,actual,2024-04-01,2024-06-30,1,False,CostosMantención Técnicas (a),-1676301,66,pdfplumber,OK,costosmantenciontecnicas,Técnica y transmisión,Q2 2024,False
Canal 13,2024-06-30,data/raw/pdf/Canal 13/85354/2024090487105_3.pdf,trimestre,comparativo,2023-04-01,2023-06-30,1,False,CostosMantención Técnicas (a),-1584267,66,pdfplumber,OK,costosmantenciontecnicas,Técnica y transmisión,Q2 2023,True
Canal 13,2024-06-30,data/raw/pdf/Canal 13/85354/2024090487105_3.pdf,semestre,actual,2024-01-01,2024-06-30,2,False,Costos por Bonificación Agencia,-729055,66,pdfplumber,OK,costosporbonificacionagencia,Comercialización de audiencias,H1 2024,False
Canal 13,2024-06-30,data/raw/pdf/Canal 13/85354/2024090487105_3.pdf,semestre,comparativo,2023-01-01,2023-06-30,2,False,Costos por Bonificación Agencia,-644707,66,pdfplumber,OK,costosporbonificacionagencia,Comercialización de audiencias,H1 2023,True
Canal 13,2024-06-30,data/raw/pdf/Canal 13/85354/2024090487105_3.pdf,trimestre,actual,2024-04-01,2024-06-30,2,False,Costos por Bonificación Agencia,-386843,66,pdfplumber,OK,costosporbonificacionagencia,Comercialización de audiencias,Q2 2024,False
Canal 13,2024-06-30,data/raw/pdf/Canal 13/85354/2024090487105_3.pdf,trimestre,comparativo,2023-04-01,2023-06-30,2,False,Costos por Bonificación Agencia,-319684,66,pdfplumber,OK,costosporbonificacionagencia,Comercialización de audiencias,Q2 2023,True
Canal 13,2024-06-30,data/raw/pdf/Canal 13/85354/2024090487105_3.pdf,semestre,actual,2024-01-01,2024-06-30,3,False,Otros Costos de Explotación (b),-679972,66,pdfplumber,OK,otroscostosdeexplotacion,Otros costos,H1 2024,False
Canal 13,2024-06-30,data/raw/pdf/Canal 13/85354/2024090487105_3.pdf,semestre,comparativo,2023-01-01,2023-06-30,3,False,Otros Costos de Explotación (b),-134444,66,pdfplumber,OK,otroscostosdeexplotacion,Otros costos,H1 2023,True
Canal 13,2024-06-30,data/raw/pdf/Canal 13/85354/2024090487105_3.pdf,trimestre,actual,2024-04-01,2024-06-30,3,False,Otros Costos de Explotación (b),-538150,66,pdfplumber,OK,otroscostosdeexplotacion,Otros costos,Q2 2024,False
Canal 13,2024-06-30,data/raw/pdf/Canal 13/85354/2024090487105_3.pdf,trimestre,comparativo,2023-04-01,2023-06-30,3,False,Otros Costos de Explotación (b),-57886,66,pdfplumber,OK,otroscostosdeexplotacion,Otros costos,Q2 2023,True
Canal 13,2024-09-30,data/raw/pdf/Canal 13/88266/2024110657792_2.pdf,acumulado9m,actual,2024-01-01,2024-09-30,0,False,Costos de Publicidad Exhibida,-42055540,62,pdfplumber,OK,costosdepublicidadexhibida,Contenidos y producción,9M 2024,False
Canal 13,2024-09-30,data/raw/pdf/Canal 13/88266/2024110657792_2.pdf,acumulado9m,comparativo,2023-01-01,2023-09-30,0,False,Costos de Publicidad Exhibida,-35522869,62,pdfplumber,OK,costosdepublicidadexhibida,Contenidos y producción,9M 2023,True
Canal 13,2024-09-30,data/raw/pdf/Canal 13/88266/2024110657792_2.pdf,trimestre,actual,2024-07-01,2024-09-30,0,False,Costos de Publicidad Exhibida,-13840996,62,pdfplumber,OK,costosdepublicidadexhibida,Contenidos y producción,Q3 2024,False
Canal 13,2024-09-30,data/raw/pdf/Canal 13/88266/2024110657792_2.pdf,trimestre,comparativo,2023-07-01,2023-09-30,0,False,Costos de Publicidad Exhibida,-10387074,62,pdfplumber,OK,costosdepublicidadexhibida,Contenidos y producción,Q3 2023,True
Canal 13,2024-09-30,data/raw/pdf/Canal 13/88266/2024110657792_2.pdf,acumulado9m,actual,2024-01-01,2024-09-30,1,False,Costos Mantención Técnicas (a),-5125557,62,pdfplumber,OK,costosmantenciontecnicas,Técnica y transmisión,9M 2024,False
Canal 13,2024-09-30,data/raw/pdf/Canal 13/88266/2024110657792_2.pdf,acumulado9m,comparativo,2023-01-01,2023-09-30,1,False,Costos Mantención Técnicas (a),-4675915,62,pdfplumber,OK,costosmantenciontecnicas,Técnica y transmisión,9M 2023,True
Canal 13,2024-09-30,data/raw/pdf/Canal 13/88266/2024110657792_2.pdf,trimestre,actual,2024-07-01,2024-09-30,1,False,Costos Mantención Técnicas (a),-1751997,62,pdfplumber,OK,costosmantenciontecnicas,Técnica y transmisión,Q3 2024,False
Canal 13,2024-09-30,data/raw/pdf/Canal 13/88266/2024110657792_2.pdf,trimestre,comparativo,2023-07-01,2023-09-30,1,False,Costos Mantención Técnicas (a),-1619965,62,pdfplumber,OK,costosmantenciontecnicas,Técnica y transmisión,Q3 2023,True
Canal 13,2024-09-30,data/raw/pdf/Canal 13/88266/2024110657792_2.pdf,acumulado9m,actual,2024-01-01,2024-09-30,2,False,Costos por Bonificación Agencia,-1110344,62,pdfplumber,OK,costosporbonificacionagencia,Comercialización de audiencias,9M 2024,False
Canal 13,2024-09-30,data/raw/pdf/Canal 13/88266/2024110657792_2.pdf,acumulado9m,comparativo,2023-01-01,2023-09-30,2,False,Costos por Bonificación Agencia,-965116,62,pdfplumber,OK,costosporbonificacionagencia,Comercialización de audiencias,9M 2023,True
Canal 13,2024-09-30,data/raw/pdf/Canal 13/88266/2024110657792_2.pdf,trimestre,actual,2024-07-01,2024-09-30,2,False,Costos por Bonificación Agencia,-381289,62,pdfplumber,OK,costosporbonificacionagencia,Comercialización de audiencias,Q3 2024,False
Canal 13,2024-09-30,data/raw/pdf/Canal 13/88266/2024110657792_2.pdf,trimestre,comparativo,2023-07-01,2023-09-30,2,False,Costos por Bonificación Agencia,-320408,62,pdfplumber,OK,costosporbonificacionagencia,Comercialización de audiencias,Q3 2023,True
Canal 13,2024-09-30,data/raw/pdf/Canal 13/88266/2024110657792_2.pdf,acumulado9m,actual,2024-01-01,2024-09-30,3,False,Otros Costos de Explotación (b),-1056103,62,pdfplumber,OK,otroscostosdeexplotacion,Otros costos,9M 2024,False
Canal 13,2024-09-30,data/raw/pdf/Canal 13/88266/2024110657792_2.pdf,acumulado9m,comparativo,2023-01-01,2023-09-30,3,False,Otros Costos de Explotación (b),-207102,62,pdfplumber,OK,otroscostosdeexplotacion,Otros costos,9M 2023,True
Canal 13,2024-09-30,data/raw/pdf/Canal 13/88266/2024110657792_2.pdf,trimestre,actual,2024-07-01,2024-09-30,3,False,Otros Costos de Explotación (b),-376131,62,pdfplumber,OK,otroscostosdeexplotacion,Otros costos,Q3 2024,False
Canal 13,2024-09-30,data/raw/pdf/Canal 13/88266/2024110657792_2.pdf,trimestre,comparativo,2023-07-01,2023-09-30,3,False,Otros Costos de Explotación (b),-72658,62,pdfplumber,OK,otroscostosdeexplotacion,Otros costos,Q3 2023,True
Canal 13,2024-12-31,data/raw/pdf/Canal 13/93013/estados financieros.pdf,anual,actual,2024-01-01,2024-12-31,0,False,Costos de Publicidad Exhibida,-55136880,65,pdfplumber,OK,costosdepublicidadexhibida,Contenidos y producción,FY2024,False
Canal 13,2024-12-31,data/raw/pdf/Canal 13/93013/estados financieros.pdf,anual,comparativo,2023-01-01,2023-12-31,0,False,Costos de Publicidad Exhibida,-49344957,65,pdfplumber,OK,costosdepublicidadexhibida,Contenidos y producción,FY2023,True
Canal 13,2024-12-31,data/raw/pdf/Canal 13/93013/estados financieros.pdf,anual,actual,2024-01-01,2024-12-31,1,False,Costos Mantención Técnicas (a),-7003499,65,pdfplumber,OK,costosmantenciontecnicas,Técnica y transmisión,FY2024,False
Canal 13,2024-12-31,data/raw/pdf/Canal 13/93013/estados financieros.pdf,anual,comparativo,2023-01-01,2023-12-31,1,False,Costos Mantención Técnicas (a),-6516412,65,pdfplumber,OK,costosmantenciontecnicas,Técnica y transmisión,FY2023,True
Canal 13,2024-12-31,data/raw/pdf/Canal 13/93013/estados financieros.pdf,anual,actual,2024-01-01,2024-12-31,2,False,Costos por Bonificación Agencia,-1565301,65,pdfplumber,OK,costosporbonificacionagencia,Comercialización de audiencias,FY2024,False
Canal 13,2024-12-31,data/raw/pdf/Canal 13/93013/estados financieros.pdf,anual,comparativo,2023-01-01,2023-12-31,2,False,Costos por Bonificación Agencia,-1414408,65,pdfplumber,OK,costosporbonificacionagencia,Comercialización de audiencias,FY2023,True
Canal 13,2024-12-31,data/raw/pdf/Canal 13/93013/estados financieros.pdf,anual,actual,2024-01-01,2024-12-31,3,False,Otros Costos de Explotación (b),-1193724,65,pdfplumber,OK,otroscostosdeexplotacion,Otros costos,FY2024,False
Canal 13,2024-12-31,data/raw/pdf/Canal 13/93013/estados financieros.pdf,anual,comparativo,2023-01-01,2023-12-31,3,False,Otros Costos de Explotación (b),-762818,65,pdfplumber,OK,otroscostosdeexplotacion,Otros costos,FY2023,True
Canal 13,2025-03-31,data/raw/pdf/Canal 13/95045/2025050380967_0.pdf,trimestre,actual,2025-01-01,2025-03-31,0,False,Costos de Publicidad Exhibida,-12866270,82,ocr,OK,costosdepublicidadexhibida,Contenidos y producción,Q1 2025,False
Canal 13,2025-03-31,data/raw/pdf/Canal 13/95045/2025050380967_0.pdf,trimestre,comparativo,2024-01-01,2024-03-31,0,False,Costos de Publicidad Exhibida,-14220597,82,ocr,OK,costosdepublicidadexhibida,Contenidos y producción,Q1 2024,True
Canal 13,2025-03-31,data/raw/pdf/Canal 13/95045/2025050380967_0.pdf,trimestre,actual,2025-01-01,2025-03-31,1,False,Costos Mantención Técnicas (a),-1739672,82,ocr,OK,costosmantenciontecnicas,Técnica y transmisión,Q1 2025,False
Canal 13,2025-03-31,data/raw/pdf/Canal 13/95045/2025050380967_0.pdf,trimestre,comparativo,2024-01-01,2024-03-31,1,False,Costos Mantención Técnicas (a),-1697259,82,ocr,OK,costosmantenciontecnicas,Técnica y transmisión,Q1 2024,True
Canal 13,2025-03-31,data/raw/pdf/Canal 13/95045/2025050380967_0.pdf,trimestre,actual,2025-01-01,2025-03-31,2,False,Costos por Bonificación Agencia,-272932,82,ocr,OK,costosporbonificacionagencia,Comercialización de audiencias,Q1 2025,False
Canal 13,2025-03-31,data/raw/pdf/Canal 13/95045/2025050380967_0.pdf,trimestre,comparativo,2024-01-01,2024-03-31,2,False,Costos por Bonificación Agencia,-342212,82,ocr,OK,costosporbonificacionagencia,Comercialización de audiencias,Q1 2024,True
Canal 13,2025-03-31,data/raw/pdf/Canal 13/95045/2025050380967_0.pdf,trimestre,actual,2025-01-01,2025-03-31,3,False,Otros Costos de Explotación (b),-229067,82,ocr,OK,otroscostosdeexplotacion,Otros costos,Q1 2025,False
Canal 13,2025-03-31,data/raw/pdf/Canal 13/95045/2025050380967_0.pdf,trimestre,comparativo,2024-01-01,2024-03-31,3,False,Otros Costos de Explotación (b),-141822,82,ocr,OK,otroscostosdeexplotacion,Otros costos,Q1 2024,True
Canal 13,2025-06-30,data/raw/pdf/Canal 13/98820/2025090628474_3.pdf,semestre,actual,2025-01-01,2025-06-30,0,False,Costos de Publicidad Exhibida,-27235030,64,pdfplumber,OK,costosdepublicidadexhibida,Contenidos y producción,H1 2025,False
Canal 13,2025-06-30,data/raw/pdf/Canal 13/98820/2025090628474_3.pdf,semestre,comparativo,2024-01-01,2024-06-30,0,False,Costos de Publicidad Exhibida,-28214544,64,pdfplumber,OK,costosdepublicidadexhibida,Contenidos y producción,H1 2024,True
Canal 13,2025-06-30,data/raw/pdf/Canal 13/98820/2025090628474_3.pdf,trimestre,actual,2025-04-01,2025-06-30,0,False,Costos de Publicidad Exhibida,-14368760,64,pdfplumber,OK,costosdepublicidadexhibida,Contenidos y producción,Q2 2025,False
Canal 13,2025-06-30,data/raw/pdf/Canal 13/98820/2025090628474_3.pdf,trimestre,comparativo,2024-04-01,2024-06-30,0,False,Costos de Publicidad Exhibida,-13993947,64,pdfplumber,OK,costosdepublicidadexhibida,Contenidos y producción,Q2 2024,True
Canal 13,2025-06-30,data/raw/pdf/Canal 13/98820/2025090628474_3.pdf,semestre,actual,2025-01-01,2025-06-30,1,False,Costos Mantención Técnicas (a),-3388531,64,pdfplumber,OK,costosmantenciontecnicas,Técnica y transmisión,H1 2025,False
Canal 13,2025-06-30,data/raw/pdf/Canal 13/98820/2025090628474_3.pdf,semestre,comparativo,2024-01-01,2024-06-30,1,False,Costos Mantención Técnicas (a),-3373560,64,pdfplumber,OK,costosmantenciontecnicas,Técnica y transmisión,H1 2024,True
Canal 13,2025-06-30,data/raw/pdf/Canal 13/98820/2025090628474_3.pdf,trimestre,actual,2025-04-01,2025-06-30,1,False,Costos Mantención Técnicas (a),-1648859,64,pdfplumber,OK,costosmantenciontecnicas,Técnica y transmisión,Q2 2025,False
Canal 13,2025-06-30,data/raw/pdf/Canal 13/98820/2025090628474_3.pdf,trimestre,comparativo,2024-04-01,2024-06-30,1,False,Costos Mantención Técnicas (a),-1676301,64,pdfplumber,OK,costosmantenciontecnicas,Técnica y transmisión,Q2 2024,True
Canal 13,2025-06-30,data/raw/pdf/Canal 13/98820/2025090628474_3.pdf,semestre,actual,2025-01-01,2025-06-30,2,False,Costos por Bonificación Agencia,-513517,64,pdfplumber,OK,costosporbonificacionagencia,Comercialización de audiencias,H1 2025,False
Canal 13,2025-06-30,data/raw/pdf/Canal 13/98820/2025090628474_3.pdf,semestre,comparativo,2024-01-01,2024-06-30,2,False,Costos por Bonificación Agencia,-729055,64,pdfplumber,OK,costosporbonificacionagencia,Comercialización de audiencias,H1 2024,True
Canal 13,2025-06-30,data/raw/pdf/Canal 13/98820/2025090628474_3.pdf,trimestre,actual,2025-04-01,2025-06-30,2,False,Costos por Bonificación Agencia,-240584,64,pdfplumber,OK,costosporbonificacionagencia,Comercialización de audiencias,Q2 2025,False
Canal 13,2025-06-30,data/raw/pdf/Canal 13/98820/2025090628474_3.pdf,trimestre,comparativo,2024-04-01,2024-06-30,2,False,Costos por Bonificación Agencia,-386843,64,pdfplumber,OK,costosporbonificacionagencia,Comercialización de audiencias,Q2 2024,True
Canal 13,2025-06-30,data/raw/pdf/Canal 13/98820/2025090628474_3.pdf,semestre,actual,2025-01-01,2025-06-30,3,False,Otros Costos de Explotación (b),-394351,64,pdfplumber,OK,otroscostosdeexplotacion,Otros costos,H1 2025,False
Canal 13,2025-06-30,data/raw/pdf/Canal 13/98820/2025090628474_3.pdf,semestre,comparativo,2024-01-01,2024-06-30,3,False,Otros Costos de Explotación (b),-679972,64,pdfplumber,OK,otroscostosdeexplotacion,Otros costos,H1 2024,True
Canal 13,2025-06-30,data/raw/pdf/Canal 13/98820/2025090628474_3.pdf,trimestre,actual,2025-04-01,2025-06-30,3,False,Otros Costos de Explotación (b),-165285,64,pdfplumber,OK,otroscostosdeexplotacion,Otros costos,Q2 2025,False
Canal 13,2025-06-30,data/raw/pdf/Canal 13/98820/2025090628474_3.pdf,trimestre,comparativo,2024-04-01,2024-06-30,3,False,Otros Costos de Explotación (b),-538150,64,pdfplumber,OK,otroscostosdeexplotacion,Otros costos,Q2 2024,True
Canal 13,2025-09-30,data/raw/pdf/Canal 13/101639/Estados financieros intermedios.pdf,acumulado9m,actual,2025-01-01,2025-09-30,0,False,Costos de Publicidad Exhibida,-41349360,60,pdfplumber,OK,costosdepublicidadexhibida,Contenidos y producción,9M 2025,True
Canal 13,2025-09-30,data/raw/pdf/Canal 13/101639/Estados financieros intermedios.pdf,acumulado9m,comparativo,2024-01-01,2024-09-30,0,False,Costos de Publicidad Exhibida,-42055540,60,pdfplumber,OK,costosdepublicidadexhibida,Contenidos y producción,9M 2024,True
Canal 13,2025-09-30,data/raw/pdf/Canal 13/101639/Estados financieros intermedios.pdf,trimestre,actual,2025-07-01,2025-09-30,0,False,Costos de Publicidad Exhibida,-14114329,60,pdfplumber,OK,costosdepublicidadexhibida,Contenidos y producción,Q3 2025,True
Canal 13,2025-09-30,data/raw/pdf/Canal 13/101639/Estados financieros intermedios.pdf,trimestre,comparativo,2024-07-01,2024-09-30,0,False,Costos de Publicidad Exhibida,-13840996,60,pdfplumber,OK,costosdepublicidadexhibida,Contenidos y producción,Q3 2024,True
Canal 13,2025-09-30,data/raw/pdf/Canal 13/101639/Estados financieros intermedios.pdf,acumulado9m,actual,2025-01-01,2025-09-30,1,False,Costos Mantención Técnicas (a),-5114121,60,pdfplumber,OK,costosmantenciontecnicas,Técnica y transmisión,9M 2025,True
Canal 13,2025-09-30,data/raw/pdf/Canal 13/101639/Estados financieros intermedios.pdf,acumulado9m,comparativo,2024-01-01,2024-09-30,1,False,Costos Mantención Técnicas (a),-5125557,60,pdfplumber,OK,costosmantenciontecnicas,Técnica y transmisión,9M 2024,True
Canal 13,2025-09-30,data/raw/pdf/Canal 13/101639/Estados financieros intermedios.pdf,trimestre,actual,2025-07-01,2025-09-30,1,False,Costos Mantención Técnicas (a),-1725591,60,pdfplumber,OK,costosmantenciontecnicas,Técnica y transmisión,Q3 2025,True
Canal 13,2025-09-30,data/raw/pdf/Canal 13/101639/Estados financieros intermedios.pdf,trimestre,comparativo,2024-07-01,2024-09-30,1,False,Costos Mantención Técnicas (a),-1751997,60,pdfplumber,OK,costosmantenciontecnicas,Técnica y transmisión,Q3 2024,True
Canal 13,2025-09-30,data/raw/pdf/Canal 13/101639/Estados financieros intermedios.pdf,acumulado9m,actual,2025-01-01,2025-09-30,2,False,Costos por Bonificación Agencia,-761807,60,pdfplumber,OK,costosporbonificacionagencia,Comercialización de audiencias,9M 2025,True
Canal 13,2025-09-30,data/raw/pdf/Canal 13/101639/Estados financieros intermedios.pdf,acumulado9m,comparativo,2024-01-01,2024-09-30,2,False,Costos por Bonificación Agencia,-1110344,60,pdfplumber,OK,costosporbonificacionagencia,Comercialización de audiencias,9M 2024,True
Canal 13,2025-09-30,data/raw/pdf/Canal 13/101639/Estados financieros intermedios.pdf,trimestre,actual,2025-07-01,2025-09-30,2,False,Costos por Bonificación Agencia,-248290,60,pdfplumber,OK,costosporbonificacionagencia,Comercialización de audiencias,Q3 2025,True
Canal 13,2025-09-30,data/raw/pdf/Canal 13/101639/Estados financieros intermedios.pdf,trimestre,comparativo,2024-07-01,2024-09-30,2,False,Costos por Bonificación Agencia,-381289,60,pdfplumber,OK,costosporbonificacionagencia,Comercialización de audiencias,Q3 2024,True
Canal 13,2025-09-30,data/raw/pdf/Canal 13/101639/Estados financieros intermedios.pdf,acumulado9m,actual,2025-01-01,2025-09-30,3,False,Otros Costos de Explotación (b),-593508,60,pdfplumber,OK,otroscostosdeexplotacion,Otros costos,9M 2025,True
Canal 13,2025-09-30,data/raw/pdf/Canal 13/101639/Estados financieros intermedios.pdf,acumulado9m,comparativo,2024-01-01,2024-09-30,3,False,Otros Costos de Explotación (b),-1056103,60,pdfplumber,OK,otroscostosdeexplotacion,Otros costos,9M 2024,True
Canal 13,2025-09-30,data/raw/pdf/Canal 13/101639/Estados financieros intermedios.pdf,trimestre,actual,2025-07-01,2025-09-30,3,False,Otros Costos de Explotación (b),-199157,60,pdfplumber,OK,otroscostosdeexplotacion,Otros costos,Q3 2025,True
Canal 13,2025-09-30,data/raw/pdf/Canal 13/101639/Estados financieros intermedios.pdf,trimestre,comparativo,2024-07-01,2024-09-30,3,False,Otros Costos de Explotación (b),-376131,60,pdfplumber,OK,otroscostosdeexplotacion,Otros costos,Q3 2024,True
Canal 13,2025-12-31,data/raw/pdf/Canal 13/109182/2026030220532_1.pdf,anual,actual,2025-01-01,2025-12-31,0,False,Costos de Publicidad Exhibida,-55720306,64,pdfplumber,OK,costosdepublicidadexhibida,Contenidos y producción,FY2025,True
Canal 13,2025-12-31,data/raw/pdf/Canal 13/109182/2026030220532_1.pdf,anual,comparativo,2024-01-01,2024-12-31,0,False,Costos de Publicidad Exhibida,-55136880,64,pdfplumber,OK,costosdepublicidadexhibida,Contenidos y producción,FY2024,True
Canal 13,2025-12-31,data/raw/pdf/Canal 13/109182/2026030220532_1.pdf,anual,actual,2025-01-01,2025-12-31,1,False,Costos Mantención Técnicas (a),-6977375,64,pdfplumber,OK,costosmantenciontecnicas,Técnica y transmisión,FY2025,True
Canal 13,2025-12-31,data/raw/pdf/Canal 13/109182/2026030220532_1.pdf,anual,comparativo,2024-01-01,2024-12-31,1,False,Costos Mantención Técnicas (a),-7003499,64,pdfplumber,OK,costosmantenciontecnicas,Técnica y transmisión,FY2024,True
Canal 13,2025-12-31,data/raw/pdf/Canal 13/109182/2026030220532_1.pdf,anual,actual,2025-01-01,2025-12-31,2,False,Costos por Bonificación Agencia,-1044020,64,pdfplumber,OK,costosporbonificacionagencia,Comercialización de audiencias,FY2025,True
Canal 13,2025-12-31,data/raw/pdf/Canal 13/109182/2026030220532_1.pdf,anual,comparativo,2024-01-01,2024-12-31,2,False,Costos por Bonificación Agencia,-1565301,64,pdfplumber,OK,costosporbonificacionagencia,Comercialización de audiencias,FY2024,True
Canal 13,2025-12-31,data/raw/pdf/Canal 13/109182/2026030220532_1.pdf,anual,actual,2025-01-01,2025-12-31,3,False,Otros Costos de Explotación (b),-814751,64,pdfplumber,OK,otroscostosdeexplotacion,Otros costos,FY2025,True
Canal 13,2025-12-31,data/raw/pdf/Canal 13/109182/2026030220532_1.pdf,anual,comparativo,2024-01-01,2024-12-31,3,False,Otros Costos de Explotación (b),-1193724,64,pdfplumber,OK,otroscostosdeexplotacion,Otros costos,FY2024,True
Canal 13,2026-03-31,data/raw/pdf/Canal 13/111123/2026050358805_0.pdf,trimestre,actual,2026-01-01,2026-03-31,0,False,Costos de Publicidad Exhibida,-14289895,61,pdfplumber,OK,costosdepublicidadexhibida,Contenidos y producción,Q1 2026,True
Canal 13,2026-03-31,data/raw/pdf/Canal 13/111123/2026050358805_0.pdf,trimestre,comparativo,2025-01-01,2025-03-31,0,False,Costos de Publicidad Exhibida,-12866270,61,pdfplumber,OK,costosdepublicidadexhibida,Contenidos y producción,Q1 2025,True
Canal 13,2026-03-31,data/raw/pdf/Canal 13/111123/2026050358805_0.pdf,trimestre,actual,2026-01-01,2026-03-31,1,False,Costos Mantención Técnicas (a),-1625830,61,pdfplumber,OK,costosmantenciontecnicas,Técnica y transmisión,Q1 2026,True
Canal 13,2026-03-31,data/raw/pdf/Canal 13/111123/2026050358805_0.pdf,trimestre,comparativo,2025-01-01,2025-03-31,1,False,Costos Mantención Técnicas (a),-1739672,61,pdfplumber,OK,costosmantenciontecnicas,Técnica y transmisión,Q1 2025,True
Canal 13,2026-03-31,data/raw/pdf/Canal 13/111123/2026050358805_0.pdf,trimestre,actual,2026-01-01,2026-03-31,2,False,Costos por Bonificación Agencia,-200761,61,pdfplumber,OK,costosporbonificacionagencia,Comercialización de audiencias,Q1 2026,True
Canal 13,2026-03-31,data/raw/pdf/Canal 13/111123/2026050358805_0.pdf,trimestre,comparativo,2025-01-01,2025-03-31,2,False,Costos por Bonificación Agencia,-272932,61,pdfplumber,OK,costosporbonificacionagencia,Comercialización de audiencias,Q1 2025,True
Canal 13,2026-03-31,data/raw/pdf/Canal 13/111123/2026050358805_0.pdf,trimestre,actual,2026-01-01,2026-03-31,3,False,Otros Costos de Explotación (b),-180955,61,pdfplumber,OK,otroscostosdeexplotacion,Otros costos,Q1 2026,True
Canal 13,2026-03-31,data/raw/pdf/Canal 13/111123/2026050358805_0.pdf,trimestre,comparativo,2025-01-01,2025-03-31,3,False,Otros Costos de Explotación (b),-229067,61,pdfplumber,OK,otroscostosdeexplotacion,Otros costos,Q1 2025,True
Canal 13,2026-06-30,data/raw/pdf/Canal 13/113709/2026090594155-0.pdf,semestre,actual,2026-01-01,2026-06-30,0,False,Costos de Publicidad Exhibida,-30730020,67,pdfplumber,OK,costosdepublicidadexhibida,Contenidos y producción,H1 2026,True
Canal 13,2026-06-30,data/raw/pdf/Canal 13/113709/2026090594155-0.pdf,semestre,comparativo,2025-01-01,2025-06-30,0,False,Costos de Publicidad Exhibida,-27235030,67,pdfplumber,OK,costosdepublicidadexhibida,Contenidos y producción,H1 2025,True
Canal 13,2026-06-30,data/raw/pdf/Canal 13/113709/2026090594155-0.pdf,trimestre,actual,2026-04-01,2026-06-30,0,False,Costos de Publicidad Exhibida,-16440125,67,pdfplumber,OK,costosdepublicidadexhibida,Contenidos y producción,Q2 2026,True
Canal 13,2026-06-30,data/raw/pdf/Canal 13/113709/2026090594155-0.pdf,trimestre,comparativo,2025-04-01,2025-06-30,0,False,Costos de Publicidad Exhibida,-14368760,67,pdfplumber,OK,costosdepublicidadexhibida,Contenidos y producción,Q2 2025,True
Canal 13,2026-06-30,data/raw/pdf/Canal 13/113709/2026090594155-0.pdf,semestre,actual,2026-01-01,2026-06-30,1,False,CostosMantención Técnicas (a),-3488354,67,pdfplumber,OK,costosmantenciontecnicas,Técnica y transmisión,H1 2026,True
Canal 13,2026-06-30,data/raw/pdf/Canal 13/113709/2026090594155-0.pdf,semestre,comparativo,2025-01-01,2025-06-30,1,False,CostosMantención Técnicas (a),-3388531,67,pdfplumber,OK,costosmantenciontecnicas,Técnica y transmisión,H1 2025,True
Canal 13,2026-06-30,data/raw/pdf/Canal 13/113709/2026090594155-0.pdf,trimestre,actual,2026-04-01,2026-06-30,1,False,CostosMantención Técnicas (a),-1862524,67,pdfplumber,OK,costosmantenciontecnicas,Técnica y transmisión,Q2 2026,True
Canal 13,2026-06-30,data/raw/pdf/Canal 13/113709/2026090594155-0.pdf,trimestre,comparativo,2025-04-01,2025-06-30,1,False,CostosMantención Técnicas (a),-1648859,67,pdfplumber,OK,costosmantenciontecnicas,Técnica y transmisión,Q2 2025,True
Canal 13,2026-06-30,data/raw/pdf/Canal 13/113709/2026090594155-0.pdf,semestre,actual,2026-01-01,2026-06-30,2,False,Costos por Bonificación Agencia,-427070,67,pdfplumber,OK,costosporbonificacionagencia,Comercialización de audiencias,H1 2026,True
Canal 13,2026-06-30,data/raw/pdf/Canal 13/113709/2026090594155-0.pdf,semestre,comparativo,2025-01-01,2025-06-30,2,False,Costos por Bonificación Agencia,-513517,67,pdfplumber,OK,costosporbonificacionagencia,Comercialización de audiencias,H1 2025,True
Canal 13,2026-06-30,data/raw/pdf/Canal 13/113709/2026090594155-0.pdf,trimestre,actual,2026-04-01,2026-06-30,2,False,Costos por Bonificación Agencia,-226309,67,pdfplumber,OK,costosporbonificacionagencia,Comercialización de audiencias,Q2 2026,True
Canal 13,2026-06-30,data/raw/pdf/Canal 13/113709/2026090594155-0.pdf,trimestre,comparativo,2025-04-01,2025-06-30,2,False,Costos por Bonificación Agencia,-240584,67,pdfplumber,OK,costosporbonificacionagencia,Comercialización de audiencias,Q2 2025,True
Canal 13,2026-06-30,data/raw/pdf/Canal 13/113709/2026090594155-0.pdf,semestre,actual,2026-01-01,2026-06-30,3,False,Otros Costos de Explotación (b),-2350793,67,pdfplumber,OK,otroscostosdeexplotacion,Otros costos,H1 2026,True
Canal 13,2026-06-30,data/raw/pdf/Canal 13/113709/2026090594155-0.pdf,semestre,comparativo,2025-01-01,2025-06-30,3,False,Otros Costos de Explotación (b),-394351,67,pdfplumber,OK,otroscostosdeexplotacion,Otros costos,H1 2025,True
Canal 13,2026-06-30,data/raw/pdf/Canal 13/113709/2026090594155-0.pdf,trimestre,actual,2026-04-01,2026-06-30,3,False,Otros Costos de Explotación (b),-2169838,67,pdfplumber,OK,otroscostosdeexplotacion,Otros costos,Q2 2026,True
Canal 13,2026-06-30,data/raw/pdf/Canal 13/113709/2026090594155-0.pdf,trimestre,comparativo,2025-04-01,2025-06-30,3,False,Otros Costos de Explotación (b),-165285,67,pdfplumber,OK,otroscostosdeexplotacion,Otros costos,Q2 2025,True
Chilevisión,2017-12-31,data/raw/pdf/Chilevisión/29083/articles-29083_recurso_1.pdf,anual,actual,2017-01-01,2017-12-31,0,False,Producción nacional propia,-26497000,63,ocr,OK,produccionnacionalpropia,Contenidos y producción,FY2017,True
Chilevisión,2017-12-31,data/raw/pdf/Chilevisión/29083/articles-29083_recurso_1.pdf,anual,comparativo,2016-01-01,2016-12-31,0,False,Producción nacional propia,-25743856,63,ocr,OK,produccionnacionalpropia,Contenidos y producción,FY2016,True
Chilevisión,2017-12-31,data/raw/pdf/Chilevisión/29083/articles-29083_recurso_1.pdf,anual,actual,2017-01-01,2017-12-31,1,False,Material fílmico y producciones provisionadas,-4423666,63,ocr,OK,materialfilmicoyproduccionesprovisionadas,Contenidos y producción,FY2017,True
Chilevisión,2017-12-31,data/raw/pdf/Chilevisión/29083/articles-29083_recurso_1.pdf,anual,comparativo,2016-01-01,2016-12-31,1,False,Material fílmico y producciones provisionadas,-5244109,63,ocr,OK,materialfilmicoyproduccionesprovisionadas,Contenidos y producción,FY2016,True
Chilevisión,2017-12-31,data/raw/pdf/Chilevisión/29083/articles-29083_recurso_1.pdf,anual,actual,2017-01-01,2017-12-31,2,False,Elenco,-6734339,63,ocr,OK,elenco,Contenidos y producción,FY2017,True
Chilevisión,2017-12-31,data/raw/pdf/Chilevisión/29083/articles-29083_recurso_1.pdf,anual,comparativo,2016-01-01,2016-12-31,2,False,Elenco,-7691580,63,ocr,OK,elenco,Contenidos y producción,FY2016,True
Chilevisión,2017-12-31,data/raw/pdf/Chilevisión/29083/articles-29083_recurso_1.pdf,anual,actual,2017-01-01,2017-12-31,3,False,Producción nacional externa,-3030753,63,ocr,OK,produccionnacionalexterna,Contenidos y producción,FY2017,True
Chilevisión,2017-12-31,data/raw/pdf/Chilevisión/29083/articles-29083_recurso_1.pdf,anual,comparativo,2016-01-01,2016-12-31,3,False,Producción nacional externa,-4377106,63,ocr,OK,produccionnacionalexterna,Contenidos y producción,FY2016,True
Chilevisión,2017-12-31,data/raw/pdf/Chilevisión/29083/articles-29083_recurso_1.pdf,anual,actual,2017-01-01,2017-12-31,4,False,Otros costos de producción (1),-2788832,63,ocr,OK,otroscostosdeproduccion,Contenidos y producción,FY2017,True
Chilevisión,2017-12-31,data/raw/pdf/Chilevisión/29083/articles-29083_recurso_1.pdf,anual,comparativo,2016-01-01,2016-12-31,4,False,Otros costos de producción (1),-2289138,63,ocr,OK,otroscostosdeproduccion,Contenidos y producción,FY2016,True
Chilevisión,2019-12-31,data/raw/pdf/Chilevisión/28710/2020040141840_2.pdf,anual,actual,2019-01-01,2019-12-31,0,False,Producción nacional propia,-19481491,59,pdfplumber,OK,produccionnacionalpropia,Contenidos y producción,FY2019,False
Chilevisión,2019-12-31,data/raw/pdf/Chilevisión/28710/2020040141840_2.pdf,anual,comparativo,2018-01-01,2018-12-31,0,False,Producción nacional propia,-23163012,59,pdfplumber,OK,produccionnacionalpropia,Contenidos y producción,FY2018,True
Chilevisión,2019-12-31,data/raw/pdf/Chilevisión/28710/2020040141840_2.pdf,anual,actual,2019-01-01,2019-12-31,1,False,Costo elenco,-8731598,59,pdfplumber,OK,costoelenco,Contenidos y producción,FY2019,False
Chilevisión,2019-12-31,data/raw/pdf/Chilevisión/28710/2020040141840_2.pdf,anual,comparativo,2018-01-01,2018-12-31,1,False,Costo elenco,-10154422,59,pdfplumber,OK,costoelenco,Contenidos y producción,FY2018,True
Chilevisión,2019-12-31,data/raw/pdf/Chilevisión/28710/2020040141840_2.pdf,anual,actual,2019-01-01,2019-12-31,2,False,Otros costos de producción (1),-3167333,59,pdfplumber,OK,otroscostosdeproduccion,Contenidos y producción,FY2019,False
Chilevisión,2019-12-31,data/raw/pdf/Chilevisión/28710/2020040141840_2.pdf,anual,comparativo,2018-01-01,2018-12-31,2,False,Otros costos de producción (1),-4997976,59,pdfplumber,OK,otroscostosdeproduccion,Contenidos y producción,FY2018,True
Chilevisión,2019-12-31,data/raw/pdf/Chilevisión/28710/2020040141840_2.pdf,anual,actual,2019-01-01,2019-12-31,3,False,Material fílmico y producciones provisionadas,-3531404,59,pdfplumber,OK,materialfilmicoyproduccionesprovisionadas,Contenidos y producción,FY2019,False
Chilevisión,2019-12-31,data/raw/pdf/Chilevisión/28710/2020040141840_2.pdf,anual,comparativo,2018-01-01,2018-12-31,3,False,Material fílmico y producciones provisionadas,-6485133,59,pdfplumber,OK,materialfilmicoyproduccionesprovisionadas,Contenidos y producción,FY2018,True
Chilevisión,2019-12-31,data/raw/pdf/Chilevisión/28710/2020040141840_2.pdf,anual,actual,2019-01-01,2019-12-31,4,False,Producción nacional externa,-2918347,59,pdfplumber,OK,produccionnacionalexterna,Contenidos y producción,FY2019,False
Chilevisión,2019-12-31,data/raw/pdf/Chilevisión/28710/2020040141840_2.pdf,anual,comparativo,2018-01-01,2018-12-31,4,False,Producción nacional externa,-2658405,59,pdfplumber,OK,produccionnacionalexterna,Contenidos y producción,FY2018,True
Chilevisión,2020-03-31,data/raw/pdf/Chilevisión/29052/2020050178104_2.pdf,trimestre,actual,2020-01-01,2020-03-31,0,False,Producción nacional propia,-3773569,53,pdfplumber,OK,produccionnacionalpropia,Contenidos y producción,Q1 2020,False
Chilevisión,2020-03-31,data/raw/pdf/Chilevisión/29052/2020050178104_2.pdf,trimestre,comparativo,2019-01-01,2019-03-31,0,False,Producción nacional propia,-5098030,53,pdfplumber,OK,produccionnacionalpropia,Contenidos y producción,Q1 2019,True
Chilevisión,2020-03-31,data/raw/pdf/Chilevisión/29052/2020050178104_2.pdf,trimestre,actual,2020-01-01,2020-03-31,1,False,Costo elenco,-1860170,53,pdfplumber,OK,costoelenco,Contenidos y producción,Q1 2020,False
Chilevisión,2020-03-31,data/raw/pdf/Chilevisión/29052/2020050178104_2.pdf,trimestre,comparativo,2019-01-01,2019-03-31,1,False,Costo elenco,-2619264,53,pdfplumber,OK,costoelenco,Contenidos y producción,Q1 2019,True
Chilevisión,2020-03-31,data/raw/pdf/Chilevisión/29052/2020050178104_2.pdf,trimestre,actual,2020-01-01,2020-03-31,2,False,Otros costos de producción (1),-750389,53,pdfplumber,OK,otroscostosdeproduccion,Contenidos y producción,Q1 2020,False
Chilevisión,2020-03-31,data/raw/pdf/Chilevisión/29052/2020050178104_2.pdf,trimestre,comparativo,2019-01-01,2019-03-31,2,False,Otros costos de producción (1),-667176,53,pdfplumber,OK,otroscostosdeproduccion,Contenidos y producción,Q1 2019,True
Chilevisión,2020-03-31,data/raw/pdf/Chilevisión/29052/2020050178104_2.pdf,trimestre,actual,2020-01-01,2020-03-31,3,False,Material fílmico y producciones provisionadas,-472855,53,pdfplumber,OK,materialfilmicoyproduccionesprovisionadas,Contenidos y producción,Q1 2020,False
Chilevisión,2020-03-31,data/raw/pdf/Chilevisión/29052/2020050178104_2.pdf,trimestre,comparativo,2019-01-01,2019-03-31,3,False,Material fílmico y producciones provisionadas,-897673,53,pdfplumber,OK,materialfilmicoyproduccionesprovisionadas,Contenidos y producción,Q1 2019,True
Chilevisión,2020-03-31,data/raw/pdf/Chilevisión/29052/2020050178104_2.pdf,trimestre,actual,2020-01-01,2020-03-31,4,False,Producción nacional externa,-1298341,53,pdfplumber,OK,produccionnacionalexterna,Contenidos y producción,Q1 2020,False
Chilevisión,2020-03-31,data/raw/pdf/Chilevisión/29052/2020050178104_2.pdf,trimestre,comparativo,2019-01-01,2019-03-31,4,False,Producción nacional externa,-183104,53,pdfplumber,OK,produccionnacionalexterna,Contenidos y producción,Q1 2019,True
Chilevisión,2020-06-30,data/raw/pdf/Chilevisión/29823/2.pdf,semestre,actual,2020-01-01,2020-06-30,0,False,Producción nacional propia,-6701839,58,pdfplumber,OK,produccionnacionalpropia,Contenidos y producción,H1 2020,False
Chilevisión,2020-06-30,data/raw/pdf/Chilevisión/29823/2.pdf,semestre,comparativo,2019-01-01,2019-06-30,0,False,Producción nacional propia,-9672077,58,pdfplumber,OK,produccionnacionalpropia,Contenidos y producción,H1 2019,True
Chilevisión,2020-06-30,data/raw/pdf/Chilevisión/29823/2.pdf,trimestre,actual,2020-04-01,2020-06-30,0,False,Producción nacional propia,-2928270,58,pdfplumber,OK,produccionnacionalpropia,Contenidos y producción,Q2 2020,False
Chilevisión,2020-06-30,data/raw/pdf/Chilevisión/29823/2.pdf,trimestre,comparativo,2019-04-01,2019-06-30,0,False,Producción nacional propia,-4574047,58,pdfplumber,OK,produccionnacionalpropia,Contenidos y producción,Q2 2019,True
Chilevisión,2020-06-30,data/raw/pdf/Chilevisión/29823/2.pdf,semestre,actual,2020-01-01,2020-06-30,1,False,Costo elenco,-3692304,58,pdfplumber,OK,costoelenco,Contenidos y producción,H1 2020,False
Chilevisión,2020-06-30,data/raw/pdf/Chilevisión/29823/2.pdf,semestre,comparativo,2019-01-01,2019-06-30,1,False,Costo elenco,-4899844,58,pdfplumber,OK,costoelenco,Contenidos y producción,H1 2019,True
Chilevisión,2020-06-30,data/raw/pdf/Chilevisión/29823/2.pdf,trimestre,actual,2020-04-01,2020-06-30,1,False,Costo elenco,-1832134,58,pdfplumber,OK,costoelenco,Contenidos y producción,Q2 2020,False
Chilevisión,2020-06-30,data/raw/pdf/Chilevisión/29823/2.pdf,trimestre,comparativo,2019-04-01,2019-06-30,1,False,Costo elenco,-2647988,58,pdfplumber,OK,costoelenco,Contenidos y producción,Q2 2019,True
Chilevisión,2020-06-30,data/raw/pdf/Chilevisión/29823/2.pdf,semestre,actual,2020-01-01,2020-06-30,2,False,Material fílmico y producciones provisionadas,-1287229,58,pdfplumber,OK,materialfilmicoyproduccionesprovisionadas,Contenidos y producción,H1 2020,False
Chilevisión,2020-06-30,data/raw/pdf/Chilevisión/29823/2.pdf,semestre,comparativo,2019-01-01,2019-06-30,2,False,Material fílmico y producciones provisionadas,-1913684,58,pdfplumber,OK,materialfilmicoyproduccionesprovisionadas,Contenidos y producción,H1 2019,True
Chilevisión,2020-06-30,data/raw/pdf/Chilevisión/29823/2.pdf,trimestre,actual,2020-04-01,2020-06-30,2,False,Material fílmico y producciones provisionadas,-814374,58,pdfplumber,OK,materialfilmicoyproduccionesprovisionadas,Contenidos y producción,Q2 2020,False
Chilevisión,2020-06-30,data/raw/pdf/Chilevisión/29823/2.pdf,trimestre,comparativo,2019-04-01,2019-06-30,2,False,Material fílmico y producciones provisionadas,-1016010,58,pdfplumber,OK,materialfilmicoyproduccionesprovisionadas,Contenidos y producción,Q2 2019,True
Chilevisión,2020-06-30,data/raw/pdf/Chilevisión/29823/2.pdf,semestre,actual,2020-01-01,2020-06-30,3,False,Otros costos de producción (1),-1206809,58,pdfplumber,OK,otroscostosdeproduccion,Contenidos y producción,H1 2020,False
Chilevisión,2020-06-30,data/raw/pdf/Chilevisión/29823/2.pdf,semestre,comparativo,2019-01-01,2019-06-30,3,False,Otros costos de producción (1),-1315501,58,pdfplumber,OK,otroscostosdeproduccion,Contenidos y producción,H1 2019,True
Chilevisión,2020-06-30,data/raw/pdf/Chilevisión/29823/2.pdf,trimestre,actual,2020-04-01,2020-06-30,3,False,Otros costos de producción (1),-455692,58,pdfplumber,OK,otroscostosdeproduccion,Contenidos y producción,Q2 2020,False
Chilevisión,2020-06-30,data/raw/pdf/Chilevisión/29823/2.pdf,trimestre,comparativo,2019-04-01,2019-06-30,3,False,Otros costos de producción (1),-776021,58,pdfplumber,OK,otroscostosdeproduccion,Contenidos y producción,Q2 2019,True
Chilevisión,2020-06-30,data/raw/pdf/Chilevisión/29823/2.pdf,semestre,actual,2020-01-01,2020-06-30,4,False,Producción nacional externa,-1316333,58,pdfplumber,OK,produccionnacionalexterna,Contenidos y producción,H1 2020,False
Chilevisión,2020-06-30,data/raw/pdf/Chilevisión/29823/2.pdf,semestre,comparativo,2019-01-01,2019-06-30,4,False,Producción nacional externa,-104472,58,pdfplumber,OK,produccionnacionalexterna,Contenidos y producción,H1 2019,True
Chilevisión,2020-06-30,data/raw/pdf/Chilevisión/29823/2.pdf,trimestre,actual,2020-04-01,2020-06-30,4,False,Producción nacional externa,-17992,58,pdfplumber,OK,produccionnacionalexterna,Contenidos y producción,Q2 2020,False
Chilevisión,2020-06-30,data/raw/pdf/Chilevisión/29823/2.pdf,trimestre,comparativo,2019-04-01,2019-06-30,4,False,Producción nacional externa,78631,58,pdfplumber,OK,produccionnacionalexterna,Contenidos y producción,Q2 2019,True
Chilevisión,2020-09-30,data/raw/pdf/Chilevisión/38815/2020110486640_3.pdf,acumulado9m,actual,2020-01-01,2020-09-30,0,False,Producción nacional propia,-9153077,57,pdfplumber,OK,produccionnacionalpropia,Contenidos y producción,9M 2020,False
Chilevisión,2020-09-30,data/raw/pdf/Chilevisión/38815/2020110486640_3.pdf,acumulado9m,comparativo,2019-01-01,2019-09-30,0,False,Producción nacional propia,-14357142,57,pdfplumber,OK,produccionnacionalpropia,Contenidos y producción,9M 2019,True
Chilevisión,2020-09-30,data/raw/pdf/Chilevisión/38815/2020110486640_3.pdf,trimestre,actual,2020-07-01,2020-09-30,0,False,Producción nacional propia,-2451238,57,pdfplumber,OK,produccionnacionalpropia,Contenidos y producción,Q3 2020,False
Chilevisión,2020-09-30,data/raw/pdf/Chilevisión/38815/2020110486640_3.pdf,trimestre,comparativo,2019-07-01,2019-09-30,0,False,Producción nacional propia,-4685065,57,pdfplumber,OK,produccionnacionalpropia,Contenidos y producción,Q3 2019,True
Chilevisión,2020-09-30,data/raw/pdf/Chilevisión/38815/2020110486640_3.pdf,acumulado9m,actual,2020-01-01,2020-09-30,1,False,Costo elenco,-5661760,57,pdfplumber,OK,costoelenco,Contenidos y producción,9M 2020,False
Chilevisión,2020-09-30,data/raw/pdf/Chilevisión/38815/2020110486640_3.pdf,acumulado9m,comparativo,2019-01-01,2019-09-30,1,False,Costo elenco,-6697552,57,pdfplumber,OK,costoelenco,Contenidos y producción,9M 2019,True
Chilevisión,2020-09-30,data/raw/pdf/Chilevisión/38815/2020110486640_3.pdf,trimestre,actual,2020-07-01,2020-09-30,1,False,Costo elenco,-1969456,57,pdfplumber,OK,costoelenco,Contenidos y producción,Q3 2020,False
Chilevisión,2020-09-30,data/raw/pdf/Chilevisión/38815/2020110486640_3.pdf,trimestre,comparativo,2019-07-01,2019-09-30,1,False,Costo elenco,-1797708,57,pdfplumber,OK,costoelenco,Contenidos y producción,Q3 2019,True
Chilevisión,2020-09-30,data/raw/pdf/Chilevisión/38815/2020110486640_3.pdf,acumulado9m,actual,2020-01-01,2020-09-30,2,False,Material fílmico y producciones provisionadas,-2711077,57,pdfplumber,OK,materialfilmicoyproduccionesprovisionadas,Contenidos y producción,9M 2020,False
Chilevisión,2020-09-30,data/raw/pdf/Chilevisión/38815/2020110486640_3.pdf,acumulado9m,comparativo,2019-01-01,2019-09-30,2,False,Material fílmico y producciones provisionadas,-2682436,57,pdfplumber,OK,materialfilmicoyproduccionesprovisionadas,Contenidos y producción,9M 2019,True
Chilevisión,2020-09-30,data/raw/pdf/Chilevisión/38815/2020110486640_3.pdf,trimestre,actual,2020-07-01,2020-09-30,2,False,Material fílmico y producciones provisionadas,-1423848,57,pdfplumber,OK,materialfilmicoyproduccionesprovisionadas,Contenidos y producción,Q3 2020,False
Chilevisión,2020-09-30,data/raw/pdf/Chilevisión/38815/2020110486640_3.pdf,trimestre,comparativo,2019-07-01,2019-09-30,2,False,Material fílmico y producciones provisionadas,-768752,57,pdfplumber,OK,materialfilmicoyproduccionesprovisionadas,Contenidos y producción,Q3 2019,True
Chilevisión,2020-09-30,data/raw/pdf/Chilevisión/38815/2020110486640_3.pdf,acumulado9m,actual,2020-01-01,2020-09-30,3,False,Otros costos de producción (1),-2038521,57,pdfplumber,OK,otroscostosdeproduccion,Contenidos y producción,9M 2020,False
Chilevisión,2020-09-30,data/raw/pdf/Chilevisión/38815/2020110486640_3.pdf,acumulado9m,comparativo,2019-01-01,2019-09-30,3,False,Otros costos de producción (1),-1659029,57,pdfplumber,OK,otroscostosdeproduccion,Contenidos y producción,9M 2019,True
Chilevisión,2020-09-30,data/raw/pdf/Chilevisión/38815/2020110486640_3.pdf,trimestre,actual,2020-07-01,2020-09-30,3,False,Otros costos de producción (1),-831712,57,pdfplumber,OK,otroscostosdeproduccion,Contenidos y producción,Q3 2020,False
Chilevisión,2020-09-30,data/raw/pdf/Chilevisión/38815/2020110486640_3.pdf,trimestre,comparativo,2019-07-01,2019-09-30,3,False,Otros costos de producción (1),-343528,57,pdfplumber,OK,otroscostosdeproduccion,Contenidos y producción,Q3 2019,True
Chilevisión,2020-09-30,data/raw/pdf/Chilevisión/38815/2020110486640_3.pdf,acumulado9m,actual,2020-01-01,2020-09-30,4,False,Producción nacional externa,-1420988,57,pdfplumber,OK,produccionnacionalexterna,Contenidos y producción,9M 2020,False
Chilevisión,2020-09-30,data/raw/pdf/Chilevisión/38815/2020110486640_3.pdf,acumulado9m,comparativo,2019-01-01,2019-09-30,4,False,Producción nacional externa,-1397717,57,pdfplumber,OK,produccionnacionalexterna,Contenidos y producción,9M 2019,True
Chilevisión,2020-09-30,data/raw/pdf/Chilevisión/38815/2020110486640_3.pdf,trimestre,actual,2020-07-01,2020-09-30,4,False,Producción nacional externa,-104655,57,pdfplumber,OK,produccionnacionalexterna,Contenidos y producción,Q3 2020,False
Chilevisión,2020-09-30,data/raw/pdf/Chilevisión/38815/2020110486640_3.pdf,trimestre,comparativo,2019-07-01,2019-09-30,4,False,Producción nacional externa,-1293245,57,pdfplumber,OK,produccionnacionalexterna,Contenidos y producción,Q3 2019,True
Chilevisión,2020-12-31,data/raw/pdf/Chilevisión/47353/2021030124626_1.pdf,anual,actual,2020-01-01,2020-12-31,0,False,Producción nacional propia,-15569058,59,pdfplumber,OK,produccionnacionalpropia,Contenidos y producción,FY2020,False
Chilevisión,2020-12-31,data/raw/pdf/Chilevisión/47353/2021030124626_1.pdf,anual,comparativo,2019-01-01,2019-12-31,0,False,Producción nacional propia,-19481491,59,pdfplumber,OK,produccionnacionalpropia,Contenidos y producción,FY2019,True
Chilevisión,2020-12-31,data/raw/pdf/Chilevisión/47353/2021030124626_1.pdf,anual,actual,2020-01-01,2020-12-31,1,False,Costo elenco,-8078243,59,pdfplumber,OK,costoelenco,Contenidos y producción,FY2020,False
Chilevisión,2020-12-31,data/raw/pdf/Chilevisión/47353/2021030124626_1.pdf,anual,comparativo,2019-01-01,2019-12-31,1,False,Costo elenco,-8731598,59,pdfplumber,OK,costoelenco,Contenidos y producción,FY2019,True
Chilevisión,2020-12-31,data/raw/pdf/Chilevisión/47353/2021030124626_1.pdf,anual,actual,2020-01-01,2020-12-31,2,False,Material fílmico y producciones provisionadas,-3853783,59,pdfplumber,OK,materialfilmicoyproduccionesprovisionadas,Contenidos y producción,FY2020,False
Chilevisión,2020-12-31,data/raw/pdf/Chilevisión/47353/2021030124626_1.pdf,anual,comparativo,2019-01-01,2019-12-31,2,False,Material fílmico y producciones provisionadas,-3531404,59,pdfplumber,OK,materialfilmicoyproduccionesprovisionadas,Contenidos y producción,FY2019,True
Chilevisión,2020-12-31,data/raw/pdf/Chilevisión/47353/2021030124626_1.pdf,anual,actual,2020-01-01,2020-12-31,3,False,Otros costos de producción (1),-3532947,59,pdfplumber,OK,otroscostosdeproduccion,Contenidos y producción,FY2020,False
Chilevisión,2020-12-31,data/raw/pdf/Chilevisión/47353/2021030124626_1.pdf,anual,comparativo,2019-01-01,2019-12-31,3,False,Otros costos de producción (1),-3167333,59,pdfplumber,OK,otroscostosdeproduccion,Contenidos y producción,FY2019,True
Chilevisión,2020-12-31,data/raw/pdf/Chilevisión/47353/2021030124626_1.pdf,anual,actual,2020-01-01,2020-12-31,4,False,Producción nacional externa,-1660082,59,pdfplumber,OK,produccionnacionalexterna,Contenidos y producción,FY2020,False
Chilevisión,2020-12-31,data/raw/pdf/Chilevisión/47353/2021030124626_1.pdf,anual,comparativo,2019-01-01,2019-12-31,4,False,Producción nacional externa,-2918347,59,pdfplumber,OK,produccionnacionalexterna,Contenidos y producción,FY2019,True
Chilevisión,2021-03-31,data/raw/pdf/Chilevisión/47716/2021050210956_2.pdf,trimestre,actual,2021-01-01,2021-03-31,0,False,Producción nacional propia,-4238400,57,pdfplumber,OK,produccionnacionalpropia,Contenidos y producción,Q1 2021,False
Chilevisión,2021-03-31,data/raw/pdf/Chilevisión/47716/2021050210956_2.pdf,trimestre,comparativo,2020-01-01,2020-03-31,0,False,Producción nacional propia,-3773569,57,pdfplumber,OK,produccionnacionalpropia,Contenidos y producción,Q1 2020,True
Chilevisión,2021-03-31,data/raw/pdf/Chilevisión/47716/2021050210956_2.pdf,trimestre,actual,2021-01-01,2021-03-31,1,False,Costo elenco,-2323621,57,pdfplumber,OK,costoelenco,Contenidos y producción,Q1 2021,False
Chilevisión,2021-03-31,data/raw/pdf/Chilevisión/47716/2021050210956_2.pdf,trimestre,comparativo,2020-01-01,2020-03-31,1,False,Costo elenco,-1860170,57,pdfplumber,OK,costoelenco,Contenidos y producción,Q1 2020,True
Chilevisión,2021-03-31,data/raw/pdf/Chilevisión/47716/2021050210956_2.pdf,trimestre,actual,2021-01-01,2021-03-31,2,False,Material fílmico y producciones provisionadas,-748828,57,pdfplumber,OK,materialfilmicoyproduccionesprovisionadas,Contenidos y producción,Q1 2021,False
Chilevisión,2021-03-31,data/raw/pdf/Chilevisión/47716/2021050210956_2.pdf,trimestre,comparativo,2020-01-01,2020-03-31,2,False,Material fílmico y producciones provisionadas,-600534,57,pdfplumber,OK,materialfilmicoyproduccionesprovisionadas,Contenidos y producción,Q1 2020,True
Chilevisión,2021-03-31,data/raw/pdf/Chilevisión/47716/2021050210956_2.pdf,trimestre,actual,2021-01-01,2021-03-31,3,False,Otros costos de producción (1),-851726,57,pdfplumber,OK,otroscostosdeproduccion,Contenidos y producción,Q1 2021,False
Chilevisión,2021-03-31,data/raw/pdf/Chilevisión/47716/2021050210956_2.pdf,trimestre,comparativo,2020-01-01,2020-03-31,3,False,Otros costos de producción (1),-752023,57,pdfplumber,OK,otroscostosdeproduccion,Contenidos y producción,Q1 2020,True
Chilevisión,2021-03-31,data/raw/pdf/Chilevisión/47716/2021050210956_2.pdf,trimestre,actual,2021-01-01,2021-03-31,4,False,Producción nacional externa,-1820,57,pdfplumber,OK,produccionnacionalexterna,Contenidos y producción,Q1 2021,False
Chilevisión,2021-03-31,data/raw/pdf/Chilevisión/47716/2021050210956_2.pdf,trimestre,comparativo,2020-01-01,2020-03-31,4,False,Producción nacional externa,-1298341,57,pdfplumber,OK,produccionnacionalexterna,Contenidos y producción,Q1 2020,True
Chilevisión,2021-06-30,data/raw/pdf/Chilevisión/49401/2021090377437_0 (2).pdf,semestre,actual,2021-01-01,2021-06-30,0,False,Producción nacional propia,-9643402,59,pdfplumber,OK,produccionnacionalpropia,Contenidos y producción,H1 2021,False
Chilevisión,2021-06-30,data/raw/pdf/Chilevisión/49401/2021090377437_0 (2).pdf,semestre,comparativo,2020-01-01,2020-06-30,0,False,Producción nacional propia,-6701839,59,pdfplumber,OK,produccionnacionalpropia,Contenidos y producción,H1 2020,True
Chilevisión,2021-06-30,data/raw/pdf/Chilevisión/49401/2021090377437_0 (2).pdf,trimestre,actual,2021-04-01,2021-06-30,0,False,Producción nacional propia,-5405002,59,pdfplumber,OK,produccionnacionalpropia,Contenidos y producción,Q2 2021,False
Chilevisión,2021-06-30,data/raw/pdf/Chilevisión/49401/2021090377437_0 (2).pdf,trimestre,comparativo,2020-04-01,2020-06-30,0,False,Producción nacional propia,-2928270,59,pdfplumber,OK,produccionnacionalpropia,Contenidos y producción,Q2 2020,True
Chilevisión,2021-06-30,data/raw/pdf/Chilevisión/49401/2021090377437_0 (2).pdf,semestre,actual,2021-01-01,2021-06-30,1,False,Costo elenco,-4211381,59,pdfplumber,OK,costoelenco,Contenidos y producción,H1 2021,False
Chilevisión,2021-06-30,data/raw/pdf/Chilevisión/49401/2021090377437_0 (2).pdf,semestre,comparativo,2020-01-01,2020-06-30,1,False,Costo elenco,-3692304,59,pdfplumber,OK,costoelenco,Contenidos y producción,H1 2020,True
Chilevisión,2021-06-30,data/raw/pdf/Chilevisión/49401/2021090377437_0 (2).pdf,trimestre,actual,2021-04-01,2021-06-30,1,False,Costo elenco,-1887760,59,pdfplumber,OK,costoelenco,Contenidos y producción,Q2 2021,False
Chilevisión,2021-06-30,data/raw/pdf/Chilevisión/49401/2021090377437_0 (2).pdf,trimestre,comparativo,2020-04-01,2020-06-30,1,False,Costo elenco,-1832134,59,pdfplumber,OK,costoelenco,Contenidos y producción,Q2 2020,True
Chilevisión,2021-06-30,data/raw/pdf/Chilevisión/49401/2021090377437_0 (2).pdf,semestre,actual,2021-01-01,2021-06-30,2,False,provisionadas,-1533371,59,pdfplumber,OK,provisionadas,Contenidos y producción,H1 2021,False
Chilevisión,2021-06-30,data/raw/pdf/Chilevisión/49401/2021090377437_0 (2).pdf,semestre,comparativo,2020-01-01,2020-06-30,2,False,provisionadas,-1543925,59,pdfplumber,OK,provisionadas,Contenidos y producción,H1 2020,True
Chilevisión,2021-06-30,data/raw/pdf/Chilevisión/49401/2021090377437_0 (2).pdf,trimestre,actual,2021-04-01,2021-06-30,2,False,provisionadas,-784543,59,pdfplumber,OK,provisionadas,Contenidos y producción,Q2 2021,False
Chilevisión,2021-06-30,data/raw/pdf/Chilevisión/49401/2021090377437_0 (2).pdf,trimestre,comparativo,2020-04-01,2020-06-30,2,False,provisionadas,-943391,59,pdfplumber,OK,provisionadas,Contenidos y producción,Q2 2020,True
Chilevisión,2021-06-30,data/raw/pdf/Chilevisión/49401/2021090377437_0 (2).pdf,semestre,actual,2021-01-01,2021-06-30,3,False,Otros costos de producción (1),-1976381,59,pdfplumber,OK,otroscostosdeproduccion,Contenidos y producción,H1 2021,False
Chilevisión,2021-06-30,data/raw/pdf/Chilevisión/49401/2021090377437_0 (2).pdf,semestre,comparativo,2020-01-01,2020-06-30,3,False,Otros costos de producción (1),-1206809,59,pdfplumber,OK,otroscostosdeproduccion,Contenidos y producción,H1 2020,True
Chilevisión,2021-06-30,data/raw/pdf/Chilevisión/49401/2021090377437_0 (2).pdf,trimestre,actual,2021-04-01,2021-06-30,3,False,Otros costos de producción (1),-1124655,59,pdfplumber,OK,otroscostosdeproduccion,Contenidos y producción,Q2 2021,False
Chilevisión,2021-06-30,data/raw/pdf/Chilevisión/49401/2021090377437_0 (2).pdf,trimestre,comparativo,2020-04-01,2020-06-30,3,False,Otros costos de producción (1),-454786,59,pdfplumber,OK,otroscostosdeproduccion,Contenidos y producción,Q2 2020,True
Chilevisión,2021-06-30,data/raw/pdf/Chilevisión/49401/2021090377437_0 (2).pdf,semestre,actual,2021-01-01,2021-06-30,4,False,Producción nacional externa,-1820,59,pdfplumber,OK,produccionnacionalexterna,Contenidos y producción,H1 2021,False
Chilevisión,2021-06-30,data/raw/pdf/Chilevisión/49401/2021090377437_0 (2).pdf,semestre,comparativo,2020-01-01,2020-06-30,4,False,Producción nacional externa,-1316333,59,pdfplumber,OK,produccionnacionalexterna,Contenidos y producción,H1 2020,True
Chilevisión,2021-06-30,data/raw/pdf/Chilevisión/49401/2021090377437_0 (2).pdf,trimestre,actual,2021-04-01,2021-06-30,4,False,Producción nacional externa,0,59,pdfplumber,OK,produccionnacionalexterna,Contenidos y producción,Q2 2021,False
Chilevisión,2021-06-30,data/raw/pdf/Chilevisión/49401/2021090377437_0 (2).pdf,trimestre,comparativo,2020-04-01,2020-06-30,4,False,Producción nacional externa,-17992,59,pdfplumber,OK,produccionnacionalexterna,Contenidos y producción,Q2 2020,True
Chilevisión,2021-09-30,data/raw/pdf/Chilevisión/49918/2021110477681_1 (1).pdf,acumulado9m,actual,2021-01-01,2021-09-30,0,False,Producción nacional propia,-16584295,57,pdfplumber,OK,produccionnacionalpropia,Contenidos y producción,9M 2021,False
Chilevisión,2021-09-30,data/raw/pdf/Chilevisión/49918/2021110477681_1 (1).pdf,acumulado9m,comparativo,2020-01-01,2020-09-30,0,False,Producción nacional propia,-9153077,57,pdfplumber,OK,produccionnacionalpropia,Contenidos y producción,9M 2020,True
Chilevisión,2021-09-30,data/raw/pdf/Chilevisión/49918/2021110477681_1 (1).pdf,trimestre,actual,2021-07-01,2021-09-30,0,False,Producción nacional propia,-6940893,57,pdfplumber,OK,produccionnacionalpropia,Contenidos y producción,Q3 2021,False
Chilevisión,2021-09-30,data/raw/pdf/Chilevisión/49918/2021110477681_1 (1).pdf,trimestre,comparativo,2020-07-01,2020-09-30,0,False,Producción nacional propia,-2451238,57,pdfplumber,OK,produccionnacionalpropia,Contenidos y producción,Q3 2020,True
Chilevisión,2021-09-30,data/raw/pdf/Chilevisión/49918/2021110477681_1 (1).pdf,acumulado9m,actual,2021-01-01,2021-09-30,1,False,Costo elenco,-6539935,57,pdfplumber,OK,costoelenco,Contenidos y producción,9M 2021,False
Chilevisión,2021-09-30,data/raw/pdf/Chilevisión/49918/2021110477681_1 (1).pdf,acumulado9m,comparativo,2020-01-01,2020-09-30,1,False,Costo elenco,-5661760,57,pdfplumber,OK,costoelenco,Contenidos y producción,9M 2020,True
Chilevisión,2021-09-30,data/raw/pdf/Chilevisión/49918/2021110477681_1 (1).pdf,trimestre,actual,2021-07-01,2021-09-30,1,False,Costo elenco,-2328554,57,pdfplumber,OK,costoelenco,Contenidos y producción,Q3 2021,False
Chilevisión,2021-09-30,data/raw/pdf/Chilevisión/49918/2021110477681_1 (1).pdf,trimestre,comparativo,2020-07-01,2020-09-30,1,False,Costo elenco,-1969456,57,pdfplumber,OK,costoelenco,Contenidos y producción,Q3 2020,True
Chilevisión,2021-09-30,data/raw/pdf/Chilevisión/49918/2021110477681_1 (1).pdf,acumulado9m,actual,2021-01-01,2021-09-30,2,False,provisionadas,-2016582,57,pdfplumber,OK,provisionadas,Contenidos y producción,9M 2021,False
Chilevisión,2021-09-30,data/raw/pdf/Chilevisión/49918/2021110477681_1 (1).pdf,acumulado9m,comparativo,2020-01-01,2020-09-30,2,False,provisionadas,-2711077,57,pdfplumber,OK,provisionadas,Contenidos y producción,9M 2020,True
Chilevisión,2021-09-30,data/raw/pdf/Chilevisión/49918/2021110477681_1 (1).pdf,trimestre,actual,2021-07-01,2021-09-30,2,False,provisionadas,-483211,57,pdfplumber,OK,provisionadas,Contenidos y producción,Q3 2021,False
Chilevisión,2021-09-30,data/raw/pdf/Chilevisión/49918/2021110477681_1 (1).pdf,trimestre,comparativo,2020-07-01,2020-09-30,2,False,provisionadas,-1167152,57,pdfplumber,OK,provisionadas,Contenidos y producción,Q3 2020,True
Chilevisión,2021-09-30,data/raw/pdf/Chilevisión/49918/2021110477681_1 (1).pdf,acumulado9m,actual,2021-01-01,2021-09-30,3,False,Otros costos de producción (1),-2873044,57,pdfplumber,OK,otroscostosdeproduccion,Contenidos y producción,9M 2021,False
Chilevisión,2021-09-30,data/raw/pdf/Chilevisión/49918/2021110477681_1 (1).pdf,acumulado9m,comparativo,2020-01-01,2020-09-30,3,False,Otros costos de producción (1),-2038521,57,pdfplumber,OK,otroscostosdeproduccion,Contenidos y producción,9M 2020,True
Chilevisión,2021-09-30,data/raw/pdf/Chilevisión/49918/2021110477681_1 (1).pdf,trimestre,actual,2021-07-01,2021-09-30,3,False,Otros costos de producción (1),-896663,57,pdfplumber,OK,otroscostosdeproduccion,Contenidos y producción,Q3 2021,False
Chilevisión,2021-09-30,data/raw/pdf/Chilevisión/49918/2021110477681_1 (1).pdf,trimestre,comparativo,2020-07-01,2020-09-30,3,False,Otros costos de producción (1),-831712,57,pdfplumber,OK,otroscostosdeproduccion,Contenidos y producción,Q3 2020,True
Chilevisión,2021-09-30,data/raw/pdf/Chilevisión/49918/2021110477681_1 (1).pdf,acumulado9m,actual,2021-01-01,2021-09-30,4,False,Producción nacional externa,-397570,57,pdfplumber,OK,produccionnacionalexterna,Contenidos y producción,9M 2021,False
Chilevisión,2021-09-30,data/raw/pdf/Chilevisión/49918/2021110477681_1 (1).pdf,acumulado9m,comparativo,2020-01-01,2020-09-30,4,False,Producción nacional externa,-1420988,57,pdfplumber,OK,produccionnacionalexterna,Contenidos y producción,9M 2020,True
Chilevisión,2021-09-30,data/raw/pdf/Chilevisión/49918/2021110477681_1 (1).pdf,trimestre,actual,2021-07-01,2021-09-30,4,False,Producción nacional externa,-395750,57,pdfplumber,OK,produccionnacionalexterna,Contenidos y producción,Q3 2021,False
Chilevisión,2021-09-30,data/raw/pdf/Chilevisión/49918/2021110477681_1 (1).pdf,trimestre,comparativo,2020-07-01,2020-09-30,4,False,Producción nacional externa,-104655,57,pdfplumber,OK,produccionnacionalexterna,Contenidos y producción,Q3 2020,True
Chilevisión,2021-12-31,data/raw/pdf/Chilevisión/50697/Estados Financieros.pdf,anual,actual,2021-01-01,2021-12-31,0,False,Producción nacional propia,-29322176,56,ocr,REVISAR,produccionnacionalpropia,Contenidos y producción,FY2021,False
Chilevisión,2021-12-31,data/raw/pdf/Chilevisión/50697/Estados Financieros.pdf,anual,comparativo,2020-01-01,2020-12-31,0,False,Producción nacional propia,-15569058,56,ocr,REVISAR,produccionnacionalpropia,Contenidos y producción,FY2020,True
Chilevisión,2021-12-31,data/raw/pdf/Chilevisión/50697/Estados Financieros.pdf,anual,actual,2021-01-01,2021-12-31,1,False,Costo elenco,-8128378,56,ocr,REVISAR,costoelenco,Contenidos y producción,FY2021,False
Chilevisión,2021-12-31,data/raw/pdf/Chilevisión/50697/Estados Financieros.pdf,anual,comparativo,2020-01-01,2020-12-31,1,False,Costo elenco,-8078243,56,ocr,REVISAR,costoelenco,Contenidos y producción,FY2020,True
Chilevisión,2021-12-31,data/raw/pdf/Chilevisión/50697/Estados Financieros.pdf,anual,actual,2021-01-01,2021-12-31,2,False,Material fílmico y producciones provisionadas,-2721755,56,ocr,REVISAR,materialfilmicoyproduccionesprovisionadas,Contenidos y producción,FY2021,False
Chilevisión,2021-12-31,data/raw/pdf/Chilevisión/50697/Estados Financieros.pdf,anual,comparativo,2020-01-01,2020-12-31,2,False,Material fílmico y producciones provisionadas,-3853783,56,ocr,REVISAR,materialfilmicoyproduccionesprovisionadas,Contenidos y producción,FY2020,True
Chilevisión,2021-12-31,data/raw/pdf/Chilevisión/50697/Estados Financieros.pdf,anual,actual,2021-01-01,2021-12-31,3,False,Otros costos de producción (1),-4262799,56,ocr,REVISAR,otroscostosdeproduccion,Contenidos y producción,FY2021,False
Chilevisión,2021-12-31,data/raw/pdf/Chilevisión/50697/Estados Financieros.pdf,anual,comparativo,2020-01-01,2020-12-31,3,False,Otros costos de producción (1),-3532947,56,ocr,REVISAR,otroscostosdeproduccion,Contenidos y producción,FY2020,True
Chilevisión,2021-12-31,data/raw/pdf/Chilevisión/50697/Estados Financieros.pdf,anual,actual,2021-01-01,2021-12-31,4,False,Producción nacional externa,-471555,56,ocr,REVISAR,produccionnacionalexterna,Contenidos y producción,FY2021,False
Chilevisión,2021-12-31,data/raw/pdf/Chilevisión/50697/Estados Financieros.pdf,anual,comparativo,2020-01-01,2020-12-31,4,False,Producción nacional externa,-1660082,56,ocr,REVISAR,produccionnacionalexterna,Contenidos y producción,FY2020,True
Chilevisión,2022-03-31,data/raw/pdf/Chilevisión/51270/Estados Financieros Marzo 2022.pdf,trimestre,actual,2022-01-01,2022-03-31,0,False,Producción nacional propia,-5965780,53,pdfplumber,OK,produccionnacionalpropia,Contenidos y producción,Q1 2022,False
Chilevisión,2022-03-31,data/raw/pdf/Chilevisión/51270/Estados Financieros Marzo 2022.pdf,trimestre,comparativo,2021-01-01,2021-03-31,0,False,Producción nacional propia,-4238400,53,pdfplumber,OK,produccionnacionalpropia,Contenidos y producción,Q1 2021,True
Chilevisión,2022-03-31,data/raw/pdf/Chilevisión/51270/Estados Financieros Marzo 2022.pdf,trimestre,actual,2022-01-01,2022-03-31,1,False,Costo elenco,-1686491,53,pdfplumber,OK,costoelenco,Contenidos y producción,Q1 2022,False
Chilevisión,2022-03-31,data/raw/pdf/Chilevisión/51270/Estados Financieros Marzo 2022.pdf,trimestre,comparativo,2021-01-01,2021-03-31,1,False,Costo elenco,-2323621,53,pdfplumber,OK,costoelenco,Contenidos y producción,Q1 2021,True
Chilevisión,2022-03-31,data/raw/pdf/Chilevisión/51270/Estados Financieros Marzo 2022.pdf,trimestre,actual,2022-01-01,2022-03-31,2,False,Material fílmico y producciones provisionadas,-638725,53,pdfplumber,OK,materialfilmicoyproduccionesprovisionadas,Contenidos y producción,Q1 2022,False
Chilevisión,2022-03-31,data/raw/pdf/Chilevisión/51270/Estados Financieros Marzo 2022.pdf,trimestre,comparativo,2021-01-01,2021-03-31,2,False,Material fílmico y producciones provisionadas,-748828,53,pdfplumber,OK,materialfilmicoyproduccionesprovisionadas,Contenidos y producción,Q1 2021,True
Chilevisión,2022-03-31,data/raw/pdf/Chilevisión/51270/Estados Financieros Marzo 2022.pdf,trimestre,actual,2022-01-01,2022-03-31,3,False,Otros costos de producción (1),-1374510,53,pdfplumber,OK,otroscostosdeproduccion,Contenidos y producción,Q1 2022,False
Chilevisión,2022-03-31,data/raw/pdf/Chilevisión/51270/Estados Financieros Marzo 2022.pdf,trimestre,comparativo,2021-01-01,2021-03-31,3,False,Otros costos de producción (1),-851726,53,pdfplumber,OK,otroscostosdeproduccion,Contenidos y producción,Q1 2021,True
Chilevisión,2022-03-31,data/raw/pdf/Chilevisión/51270/Estados Financieros Marzo 2022.pdf,trimestre,actual,2022-01-01,2022-03-31,4,False,Producción nacional externa,0,53,pdfplumber,OK,produccionnacionalexterna,Contenidos y producción,Q1 2022,False
Chilevisión,2022-03-31,data/raw/pdf/Chilevisión/51270/Estados Financieros Marzo 2022.pdf,trimestre,comparativo,2021-01-01,2021-03-31,4,False,Producción nacional externa,-1820,53,pdfplumber,OK,produccionnacionalexterna,Contenidos y producción,Q1 2021,True
Chilevisión,2022-06-30,data/raw/pdf/Chilevisión/53290/2022090358208_3.pdf,semestre,actual,2022-01-01,2022-06-30,0,False,Producción nacional propia,-12219039,57,pdfplumber,OK,produccionnacionalpropia,Contenidos y producción,H1 2022,False
Chilevisión,2022-06-30,data/raw/pdf/Chilevisión/53290/2022090358208_3.pdf,semestre,comparativo,2021-01-01,2021-06-30,0,False,Producción nacional propia,-9643402,57,pdfplumber,OK,produccionnacionalpropia,Contenidos y producción,H1 2021,True
Chilevisión,2022-06-30,data/raw/pdf/Chilevisión/53290/2022090358208_3.pdf,trimestre,actual,2022-04-01,2022-06-30,0,False,Producción nacional propia,-6253259,57,pdfplumber,OK,produccionnacionalpropia,Contenidos y producción,Q2 2022,False
Chilevisión,2022-06-30,data/raw/pdf/Chilevisión/53290/2022090358208_3.pdf,trimestre,comparativo,2021-04-01,2021-06-30,0,False,Producción nacional propia,-5405002,57,pdfplumber,OK,produccionnacionalpropia,Contenidos y producción,Q2 2021,True
Chilevisión,2022-06-30,data/raw/pdf/Chilevisión/53290/2022090358208_3.pdf,semestre,actual,2022-01-01,2022-06-30,1,False,Costo elenco,-3326205,57,pdfplumber,OK,costoelenco,Contenidos y producción,H1 2022,False
Chilevisión,2022-06-30,data/raw/pdf/Chilevisión/53290/2022090358208_3.pdf,semestre,comparativo,2021-01-01,2021-06-30,1,False,Costo elenco,-4211381,57,pdfplumber,OK,costoelenco,Contenidos y producción,H1 2021,True
Chilevisión,2022-06-30,data/raw/pdf/Chilevisión/53290/2022090358208_3.pdf,trimestre,actual,2022-04-01,2022-06-30,1,False,Costo elenco,-1639714,57,pdfplumber,OK,costoelenco,Contenidos y producción,Q2 2022,False
Chilevisión,2022-06-30,data/raw/pdf/Chilevisión/53290/2022090358208_3.pdf,trimestre,comparativo,2021-04-01,2021-06-30,1,False,Costo elenco,-1887760,57,pdfplumber,OK,costoelenco,Contenidos y producción,Q2 2021,True
Chilevisión,2022-06-30,data/raw/pdf/Chilevisión/53290/2022090358208_3.pdf,semestre,actual,2022-01-01,2022-06-30,2,False,Material fílmico y producciones provisionadas,-1250235,57,pdfplumber,OK,materialfilmicoyproduccionesprovisionadas,Contenidos y producción,H1 2022,False
Chilevisión,2022-06-30,data/raw/pdf/Chilevisión/53290/2022090358208_3.pdf,semestre,comparativo,2021-01-01,2021-06-30,2,False,Material fílmico y producciones provisionadas,-1533371,57,pdfplumber,OK,materialfilmicoyproduccionesprovisionadas,Contenidos y producción,H1 2021,True
Chilevisión,2022-06-30,data/raw/pdf/Chilevisión/53290/2022090358208_3.pdf,trimestre,actual,2022-04-01,2022-06-30,2,False,Material fílmico y producciones provisionadas,-611510,57,pdfplumber,OK,materialfilmicoyproduccionesprovisionadas,Contenidos y producción,Q2 2022,False
Chilevisión,2022-06-30,data/raw/pdf/Chilevisión/53290/2022090358208_3.pdf,trimestre,comparativo,2021-04-01,2021-06-30,2,False,Material fílmico y producciones provisionadas,-784543,57,pdfplumber,OK,materialfilmicoyproduccionesprovisionadas,Contenidos y producción,Q2 2021,True
Chilevisión,2022-06-30,data/raw/pdf/Chilevisión/53290/2022090358208_3.pdf,semestre,actual,2022-01-01,2022-06-30,3,False,Otros costos de producción (1),-2503608,57,pdfplumber,OK,otroscostosdeproduccion,Contenidos y producción,H1 2022,False
Chilevisión,2022-06-30,data/raw/pdf/Chilevisión/53290/2022090358208_3.pdf,semestre,comparativo,2021-01-01,2021-06-30,3,False,Otros costos de producción (1),-1976381,57,pdfplumber,OK,otroscostosdeproduccion,Contenidos y producción,H1 2021,True
Chilevisión,2022-06-30,data/raw/pdf/Chilevisión/53290/2022090358208_3.pdf,trimestre,actual,2022-04-01,2022-06-30,3,False,Otros costos de producción (1),-1129098,57,pdfplumber,OK,otroscostosdeproduccion,Contenidos y producción,Q2 2022,False
Chilevisión,2022-06-30,data/raw/pdf/Chilevisión/53290/2022090358208_3.pdf,trimestre,comparativo,2021-04-01,2021-06-30,3,False,Otros costos de producción (1),-1124655,57,pdfplumber,OK,otroscostosdeproduccion,Contenidos y producción,Q2 2021,True
Chilevisión,2022-06-30,data/raw/pdf/Chilevisión/53290/2022090358208_3.pdf,semestre,actual,2022-01-01,2022-06-30,4,False,Producción nacional externa,0,57,pdfplumber,OK,produccionnacionalexterna,Contenidos y producción,H1 2022,False
Chilevisión,2022-06-30,data/raw/pdf/Chilevisión/53290/2022090358208_3.pdf,semestre,comparativo,2021-01-01,2021-06-30,4,False,Producción nacional externa,-1820,57,pdfplumber,OK,produccionnacionalexterna,Contenidos y producción,H1 2021,True
Chilevisión,2022-06-30,data/raw/pdf/Chilevisión/53290/2022090358208_3.pdf,trimestre,actual,2022-04-01,2022-06-30,4,False,Producción nacional externa,0,57,pdfplumber,OK,produccionnacionalexterna,Contenidos y producción,Q2 2022,False
Chilevisión,2022-06-30,data/raw/pdf/Chilevisión/53290/2022090358208_3.pdf,trimestre,comparativo,2021-04-01,2021-06-30,4,False,Producción nacional externa,0,57,pdfplumber,OK,produccionnacionalexterna,Contenidos y producción,Q2 2021,True
Chilevisión,2022-09-30,data/raw/pdf/Chilevisión/57122/2022110453703_1.pdf,acumulado9m,actual,2022-01-01,2022-09-30,0,False,Costo elenco,-19178679,56,pdfplumber,OK,costoelenco,Contenidos y producción,9M 2022,True
Chilevisión,2022-09-30,data/raw/pdf/Chilevisión/57122/2022110453703_1.pdf,acumulado9m,comparativo,2021-01-01,2021-09-30,0,False,Costo elenco,-16584295,56,pdfplumber,OK,costoelenco,Contenidos y producción,9M 2021,True
Chilevisión,2022-09-30,data/raw/pdf/Chilevisión/57122/2022110453703_1.pdf,trimestre,actual,2022-07-01,2022-09-30,0,False,Costo elenco,-6959640,56,pdfplumber,OK,costoelenco,Contenidos y producción,Q3 2022,True
Chilevisión,2022-09-30,data/raw/pdf/Chilevisión/57122/2022110453703_1.pdf,trimestre,comparativo,2021-07-01,2021-09-30,0,False,Costo elenco,-6940893,56,pdfplumber,OK,costoelenco,Contenidos y producción,Q3 2021,True
Chilevisión,2022-09-30,data/raw/pdf/Chilevisión/57122/2022110453703_1.pdf,acumulado9m,actual,2022-01-01,2022-09-30,1,False,Material fílmico y producciones,-5423530,56,pdfplumber,OK,materialfilmicoyproducciones,Contenidos y producción,9M 2022,True
Chilevisión,2022-09-30,data/raw/pdf/Chilevisión/57122/2022110453703_1.pdf,acumulado9m,comparativo,2021-01-01,2021-09-30,1,False,Material fílmico y producciones,-6539935,56,pdfplumber,OK,materialfilmicoyproducciones,Contenidos y producción,9M 2021,True
Chilevisión,2022-09-30,data/raw/pdf/Chilevisión/57122/2022110453703_1.pdf,trimestre,actual,2022-07-01,2022-09-30,1,False,Material fílmico y producciones,-2097325,56,pdfplumber,OK,materialfilmicoyproducciones,Contenidos y producción,Q3 2022,True
Chilevisión,2022-09-30,data/raw/pdf/Chilevisión/57122/2022110453703_1.pdf,trimestre,comparativo,2021-07-01,2021-09-30,1,False,Material fílmico y producciones,-2328554,56,pdfplumber,OK,materialfilmicoyproducciones,Contenidos y producción,Q3 2021,True
Chilevisión,2022-09-30,data/raw/pdf/Chilevisión/57122/2022110453703_1.pdf,acumulado9m,actual,2022-01-01,2022-09-30,2,False,provisionadas,-1812468,56,pdfplumber,OK,provisionadas,Contenidos y producción,9M 2022,True
Chilevisión,2022-09-30,data/raw/pdf/Chilevisión/57122/2022110453703_1.pdf,acumulado9m,comparativo,2021-01-01,2021-09-30,2,False,provisionadas,-2016582,56,pdfplumber,OK,provisionadas,Contenidos y producción,9M 2021,True
Chilevisión,2022-09-30,data/raw/pdf/Chilevisión/57122/2022110453703_1.pdf,trimestre,actual,2022-07-01,2022-09-30,2,False,provisionadas,-562233,56,pdfplumber,OK,provisionadas,Contenidos y producción,Q3 2022,True
Chilevisión,2022-09-30,data/raw/pdf/Chilevisión/57122/2022110453703_1.pdf,trimestre,comparativo,2021-07-01,2021-09-30,2,False,provisionadas,-483211,56,pdfplumber,OK,provisionadas,Contenidos y producción,Q3 2021,True
Chilevisión,2022-09-30,data/raw/pdf/Chilevisión/57122/2022110453703_1.pdf,acumulado9m,actual,2022-01-01,2022-09-30,3,False,Otros costos de producción (1),-4466957,56,pdfplumber,OK,otroscostosdeproduccion,Contenidos y producción,9M 2022,True
Chilevisión,2022-09-30,data/raw/pdf/Chilevisión/57122/2022110453703_1.pdf,acumulado9m,comparativo,2021-01-01,2021-09-30,3,False,Otros costos de producción (1),-2873044,56,pdfplumber,OK,otroscostosdeproduccion,Contenidos y producción,9M 2021,True
Chilevisión,2022-09-30,data/raw/pdf/Chilevisión/57122/2022110453703_1.pdf,trimestre,actual,2022-07-01,2022-09-30,3,False,Otros costos de producción (1),-1963349,56,pdfplumber,OK,otroscostosdeproduccion,Contenidos y producción,Q3 2022,True
Chilevisión,2022-09-30,data/raw/pdf/Chilevisión/57122/2022110453703_1.pdf,trimestre,comparativo,2021-07-01,2021-09-30,3,False,Otros costos de producción (1),-896663,56,pdfplumber,OK,otroscostosdeproduccion,Contenidos y producción,Q3 2021,True
Chilevisión,2022-09-30,data/raw/pdf/Chilevisión/57122/2022110453703_1.pdf,acumulado9m,actual,2022-01-01,2022-09-30,4,False,Producción nacional externa,0,56,pdfplumber,OK,produccionnacionalexterna,Contenidos y producción,9M 2022,True
Chilevisión,2022-09-30,data/raw/pdf/Chilevisión/57122/2022110453703_1.pdf,acumulado9m,comparativo,2021-01-01,2021-09-30,4,False,Producción nacional externa,-397570,56,pdfplumber,OK,produccionnacionalexterna,Contenidos y producción,9M 2021,True
Chilevisión,2022-09-30,data/raw/pdf/Chilevisión/57122/2022110453703_1.pdf,trimestre,actual,2022-07-01,2022-09-30,4,False,Producción nacional externa,0,56,pdfplumber,OK,produccionnacionalexterna,Contenidos y producción,Q3 2022,True
Chilevisión,2022-09-30,data/raw/pdf/Chilevisión/57122/2022110453703_1.pdf,trimestre,comparativo,2021-07-01,2021-09-30,4,False,Producción nacional externa,-395750,56,pdfplumber,OK,produccionnacionalexterna,Contenidos y producción,Q3 2021,True
Chilevisión,2022-12-31,data/raw/pdf/Chilevisión/68983/2023030138847_1.pdf,anual,actual,2022-01-01,2022-12-31,0,False,Producción nacional propia,-27569915,58,pdfplumber,OK,produccionnacionalpropia,Contenidos y producción,FY2022,False
Chilevisión,2022-12-31,data/raw/pdf/Chilevisión/68983/2023030138847_1.pdf,anual,comparativo,2021-01-01,2021-12-31,0,False,Producción nacional propia,-29322176,58,pdfplumber,OK,produccionnacionalpropia,Contenidos y producción,FY2021,True
Chilevisión,2022-12-31,data/raw/pdf/Chilevisión/68983/2023030138847_1.pdf,anual,actual,2022-01-01,2022-12-31,1,False,Costo elenco,-7231852,58,pdfplumber,OK,costoelenco,Contenidos y producción,FY2022,False
Chilevisión,2022-12-31,data/raw/pdf/Chilevisión/68983/2023030138847_1.pdf,anual,comparativo,2021-01-01,2021-12-31,1,False,Costo elenco,-8128378,58,pdfplumber,OK,costoelenco,Contenidos y producción,FY2021,True
Chilevisión,2022-12-31,data/raw/pdf/Chilevisión/68983/2023030138847_1.pdf,anual,actual,2022-01-01,2022-12-31,2,False,Material fílmico y producciones provisionadas,-2791950,58,pdfplumber,OK,materialfilmicoyproduccionesprovisionadas,Contenidos y producción,FY2022,False
Chilevisión,2022-12-31,data/raw/pdf/Chilevisión/68983/2023030138847_1.pdf,anual,comparativo,2021-01-01,2021-12-31,2,False,Material fílmico y producciones provisionadas,-2721755,58,pdfplumber,OK,materialfilmicoyproduccionesprovisionadas,Contenidos y producción,FY2021,True
Chilevisión,2022-12-31,data/raw/pdf/Chilevisión/68983/2023030138847_1.pdf,anual,actual,2022-01-01,2022-12-31,3,False,Otros costos de producción (1),-5884705,58,pdfplumber,OK,otroscostosdeproduccion,Contenidos y producción,FY2022,False
Chilevisión,2022-12-31,data/raw/pdf/Chilevisión/68983/2023030138847_1.pdf,anual,comparativo,2021-01-01,2021-12-31,3,False,Otros costos de producción (1),-4262799,58,pdfplumber,OK,otroscostosdeproduccion,Contenidos y producción,FY2021,True
Chilevisión,2022-12-31,data/raw/pdf/Chilevisión/68983/2023030138847_1.pdf,anual,actual,2022-01-01,2022-12-31,4,False,Producción nacional externa,0,58,pdfplumber,OK,produccionnacionalexterna,Contenidos y producción,FY2022,False
Chilevisión,2022-12-31,data/raw/pdf/Chilevisión/68983/2023030138847_1.pdf,anual,comparativo,2021-01-01,2021-12-31,4,False,Producción nacional externa,-471555,58,pdfplumber,OK,produccionnacionalexterna,Contenidos y producción,FY2021,True
Chilevisión,2023-03-31,data/raw/pdf/Chilevisión/70647/2023050232246_1.pdf,trimestre,actual,2023-01-01,2023-03-31,0,False,Producción nacional propia,-6501089,54,pdfplumber,OK,produccionnacionalpropia,Contenidos y producción,Q1 2023,False
Chilevisión,2023-03-31,data/raw/pdf/Chilevisión/70647/2023050232246_1.pdf,trimestre,comparativo,2022-01-01,2022-03-31,0,False,Producción nacional propia,-5965780,54,pdfplumber,OK,produccionnacionalpropia,Contenidos y producción,Q1 2022,True
Chilevisión,2023-03-31,data/raw/pdf/Chilevisión/70647/2023050232246_1.pdf,trimestre,actual,2023-01-01,2023-03-31,1,False,Costo elenco,-1963670,54,pdfplumber,OK,costoelenco,Contenidos y producción,Q1 2023,False
Chilevisión,2023-03-31,data/raw/pdf/Chilevisión/70647/2023050232246_1.pdf,trimestre,comparativo,2022-01-01,2022-03-31,1,False,Costo elenco,-1686491,54,pdfplumber,OK,costoelenco,Contenidos y producción,Q1 2022,True
Chilevisión,2023-03-31,data/raw/pdf/Chilevisión/70647/2023050232246_1.pdf,trimestre,actual,2023-01-01,2023-03-31,2,False,Material fílmico y producciones provisionadas,-779386,54,pdfplumber,OK,materialfilmicoyproduccionesprovisionadas,Contenidos y producción,Q1 2023,False
Chilevisión,2023-03-31,data/raw/pdf/Chilevisión/70647/2023050232246_1.pdf,trimestre,comparativo,2022-01-01,2022-03-31,2,False,Material fílmico y producciones provisionadas,-638725,54,pdfplumber,OK,materialfilmicoyproduccionesprovisionadas,Contenidos y producción,Q1 2022,True
Chilevisión,2023-03-31,data/raw/pdf/Chilevisión/70647/2023050232246_1.pdf,trimestre,actual,2023-01-01,2023-03-31,3,False,Otros costos de producción (1),-759064,54,pdfplumber,OK,otroscostosdeproduccion,Contenidos y producción,Q1 2023,False
Chilevisión,2023-03-31,data/raw/pdf/Chilevisión/70647/2023050232246_1.pdf,trimestre,comparativo,2022-01-01,2022-03-31,3,False,Otros costos de producción (1),-1374510,54,pdfplumber,OK,otroscostosdeproduccion,Contenidos y producción,Q1 2022,True
Chilevisión,2023-06-30,data/raw/pdf/Chilevisión/73701/2023090394685-3 Estados Financieros 06.2023.pdf,semestre,actual,2023-01-01,2023-06-30,0,False,Producción nacional propia,-14289646,54,pdfplumber,OK,produccionnacionalpropia,Contenidos y producción,H1 2023,False
Chilevisión,2023-06-30,data/raw/pdf/Chilevisión/73701/2023090394685-3 Estados Financieros 06.2023.pdf,semestre,comparativo,2022-01-01,2022-06-30,0,False,Producción nacional propia,-12219039,54,pdfplumber,OK,produccionnacionalpropia,Contenidos y producción,H1 2022,True
Chilevisión,2023-06-30,data/raw/pdf/Chilevisión/73701/2023090394685-3 Estados Financieros 06.2023.pdf,trimestre,actual,2023-04-01,2023-06-30,0,False,Producción nacional propia,-7788557,54,pdfplumber,OK,produccionnacionalpropia,Contenidos y producción,Q2 2023,False
Chilevisión,2023-06-30,data/raw/pdf/Chilevisión/73701/2023090394685-3 Estados Financieros 06.2023.pdf,trimestre,comparativo,2022-04-01,2022-06-30,0,False,Producción nacional propia,-6253259,54,pdfplumber,OK,produccionnacionalpropia,Contenidos y producción,Q2 2022,True
Chilevisión,2023-06-30,data/raw/pdf/Chilevisión/73701/2023090394685-3 Estados Financieros 06.2023.pdf,semestre,actual,2023-01-01,2023-06-30,1,False,Costo elenco,-3651409,54,pdfplumber,OK,costoelenco,Contenidos y producción,H1 2023,False
Chilevisión,2023-06-30,data/raw/pdf/Chilevisión/73701/2023090394685-3 Estados Financieros 06.2023.pdf,semestre,comparativo,2022-01-01,2022-06-30,1,False,Costo elenco,-3326205,54,pdfplumber,OK,costoelenco,Contenidos y producción,H1 2022,True
Chilevisión,2023-06-30,data/raw/pdf/Chilevisión/73701/2023090394685-3 Estados Financieros 06.2023.pdf,trimestre,actual,2023-04-01,2023-06-30,1,False,Costo elenco,-1687739,54,pdfplumber,OK,costoelenco,Contenidos y producción,Q2 2023,False
Chilevisión,2023-06-30,data/raw/pdf/Chilevisión/73701/2023090394685-3 Estados Financieros 06.2023.pdf,trimestre,comparativo,2022-04-01,2022-06-30,1,False,Costo elenco,-1639714,54,pdfplumber,OK,costoelenco,Contenidos y producción,Q2 2022,True
Chilevisión,2023-06-30,data/raw/pdf/Chilevisión/73701/2023090394685-3 Estados Financieros 06.2023.pdf,semestre,actual,2023-01-01,2023-06-30,2,False,Material fílmico y producciones provisionadas,-1435233,54,pdfplumber,OK,materialfilmicoyproduccionesprovisionadas,Contenidos y producción,H1 2023,False
Chilevisión,2023-06-30,data/raw/pdf/Chilevisión/73701/2023090394685-3 Estados Financieros 06.2023.pdf,semestre,comparativo,2022-01-01,2022-06-30,2,False,Material fílmico y producciones provisionadas,-1250235,54,pdfplumber,OK,materialfilmicoyproduccionesprovisionadas,Contenidos y producción,H1 2022,True
Chilevisión,2023-06-30,data/raw/pdf/Chilevisión/73701/2023090394685-3 Estados Financieros 06.2023.pdf,trimestre,actual,2023-04-01,2023-06-30,2,False,Material fílmico y producciones provisionadas,-655847,54,pdfplumber,OK,materialfilmicoyproduccionesprovisionadas,Contenidos y producción,Q2 2023,False
Chilevisión,2023-06-30,data/raw/pdf/Chilevisión/73701/2023090394685-3 Estados Financieros 06.2023.pdf,trimestre,comparativo,2022-04-01,2022-06-30,2,False,Material fílmico y producciones provisionadas,-611510,54,pdfplumber,OK,materialfilmicoyproduccionesprovisionadas,Contenidos y producción,Q2 2022,True
Chilevisión,2023-06-30,data/raw/pdf/Chilevisión/73701/2023090394685-3 Estados Financieros 06.2023.pdf,semestre,actual,2023-01-01,2023-06-30,3,False,Otros costos de producción (1),-2589201,54,pdfplumber,OK,otroscostosdeproduccion,Contenidos y producción,H1 2023,False
Chilevisión,2023-06-30,data/raw/pdf/Chilevisión/73701/2023090394685-3 Estados Financieros 06.2023.pdf,semestre,comparativo,2022-01-01,2022-06-30,3,False,Otros costos de producción (1),-2503608,54,pdfplumber,OK,otroscostosdeproduccion,Contenidos y producción,H1 2022,True
Chilevisión,2023-06-30,data/raw/pdf/Chilevisión/73701/2023090394685-3 Estados Financieros 06.2023.pdf,trimestre,actual,2023-04-01,2023-06-30,3,False,Otros costos de producción (1),-1830137,54,pdfplumber,OK,otroscostosdeproduccion,Contenidos y producción,Q2 2023,False
Chilevisión,2023-06-30,data/raw/pdf/Chilevisión/73701/2023090394685-3 Estados Financieros 06.2023.pdf,trimestre,comparativo,2022-04-01,2022-06-30,3,False,Otros costos de producción (1),-1129098,54,pdfplumber,OK,otroscostosdeproduccion,Contenidos y producción,Q2 2022,True
Chilevisión,2023-12-31,data/raw/pdf/Chilevisión/79941/2024030188463_3.pdf,anual,actual,2023-01-01,2023-12-31,0,False,Producción nacional propia,-37506679,59,pdfplumber,OK,produccionnacionalpropia,Contenidos y producción,FY2023,False
Chilevisión,2023-12-31,data/raw/pdf/Chilevisión/79941/2024030188463_3.pdf,anual,comparativo,2022-01-01,2022-12-31,0,False,Producción nacional propia,-27569915,59,pdfplumber,OK,produccionnacionalpropia,Contenidos y producción,FY2022,True
Chilevisión,2023-12-31,data/raw/pdf/Chilevisión/79941/2024030188463_3.pdf,anual,actual,2023-01-01,2023-12-31,1,False,Costo elenco,-7693461,59,pdfplumber,OK,costoelenco,Contenidos y producción,FY2023,False
Chilevisión,2023-12-31,data/raw/pdf/Chilevisión/79941/2024030188463_3.pdf,anual,comparativo,2022-01-01,2022-12-31,1,False,Costo elenco,-7231852,59,pdfplumber,OK,costoelenco,Contenidos y producción,FY2022,True
Chilevisión,2023-12-31,data/raw/pdf/Chilevisión/79941/2024030188463_3.pdf,anual,actual,2023-01-01,2023-12-31,2,False,Material fílmico y producciones provisionadas,-4456232,59,pdfplumber,OK,materialfilmicoyproduccionesprovisionadas,Contenidos y producción,FY2023,False
Chilevisión,2023-12-31,data/raw/pdf/Chilevisión/79941/2024030188463_3.pdf,anual,comparativo,2022-01-01,2022-12-31,2,False,Material fílmico y producciones provisionadas,-2791950,59,pdfplumber,OK,materialfilmicoyproduccionesprovisionadas,Contenidos y producción,FY2022,True
Chilevisión,2023-12-31,data/raw/pdf/Chilevisión/79941/2024030188463_3.pdf,anual,actual,2023-01-01,2023-12-31,3,False,Otros costos de producción (1),-6269235,59,pdfplumber,OK,otroscostosdeproduccion,Contenidos y producción,FY2023,False
Chilevisión,2023-12-31,data/raw/pdf/Chilevisión/79941/2024030188463_3.pdf,anual,comparativo,2022-01-01,2022-12-31,3,False,Otros costos de producción (1),-5884705,59,pdfplumber,OK,otroscostosdeproduccion,Contenidos y producción,FY2022,True
Chilevisión,2024-03-31,data/raw/pdf/Chilevisión/82006/Estados financieros_3.pdf,trimestre,actual,2024-01-01,2024-03-31,0,False,Producción nacional propia,-9150111,56,pdfplumber,OK,produccionnacionalpropia,Contenidos y producción,Q1 2024,False
Chilevisión,2024-03-31,data/raw/pdf/Chilevisión/82006/Estados financieros_3.pdf,trimestre,comparativo,2023-01-01,2023-03-31,0,False,Producción nacional propia,-6501089,56,pdfplumber,OK,produccionnacionalpropia,Contenidos y producción,Q1 2023,True
Chilevisión,2024-03-31,data/raw/pdf/Chilevisión/82006/Estados financieros_3.pdf,trimestre,actual,2024-01-01,2024-03-31,1,False,Costo elenco,-2174285,56,pdfplumber,OK,costoelenco,Contenidos y producción,Q1 2024,False
Chilevisión,2024-03-31,data/raw/pdf/Chilevisión/82006/Estados financieros_3.pdf,trimestre,comparativo,2023-01-01,2023-03-31,1,False,Costo elenco,-1963670,56,pdfplumber,OK,costoelenco,Contenidos y producción,Q1 2023,True
Chilevisión,2024-03-31,data/raw/pdf/Chilevisión/82006/Estados financieros_3.pdf,trimestre,actual,2024-01-01,2024-03-31,2,False,Material fílmico y producciones provisionadas,-1395918,56,pdfplumber,OK,materialfilmicoyproduccionesprovisionadas,Contenidos y producción,Q1 2024,False
Chilevisión,2024-03-31,data/raw/pdf/Chilevisión/82006/Estados financieros_3.pdf,trimestre,comparativo,2023-01-01,2023-03-31,2,False,Material fílmico y producciones provisionadas,-779386,56,pdfplumber,OK,materialfilmicoyproduccionesprovisionadas,Contenidos y producción,Q1 2023,True
Chilevisión,2024-03-31,data/raw/pdf/Chilevisión/82006/Estados financieros_3.pdf,trimestre,actual,2024-01-01,2024-03-31,3,False,Otros costos de producción (1),-1065411,56,pdfplumber,OK,otroscostosdeproduccion,Contenidos y producción,Q1 2024,False
Chilevisión,2024-03-31,data/raw/pdf/Chilevisión/82006/Estados financieros_3.pdf,trimestre,comparativo,2023-01-01,2023-03-31,3,False,Otros costos de producción (1),-759064,56,pdfplumber,OK,otroscostosdeproduccion,Contenidos y producción,Q1 2023,True
Chilevisión,2024-06-30,data/raw/pdf/Chilevisión/85359/2024090483672_2.pdf,semestre,actual,2024-01-01,2024-06-30,0,False,Producción nacional propia,-16247246,58,pdfplumber,OK,produccionnacionalpropia,Contenidos y producción,H1 2024,False
Chilevisión,2024-06-30,data/raw/pdf/Chilevisión/85359/2024090483672_2.pdf,semestre,comparativo,2023-01-01,2023-06-30,0,False,Producción nacional propia,-14289646,58,pdfplumber,OK,produccionnacionalpropia,Contenidos y producción,H1 2023,True
Chilevisión,2024-06-30,data/raw/pdf/Chilevisión/85359/2024090483672_2.pdf,trimestre,actual,2024-04-01,2024-06-30,0,False,Producción nacional propia,-7097136,58,pdfplumber,OK,produccionnacionalpropia,Contenidos y producción,Q2 2024,False
Chilevisión,2024-06-30,data/raw/pdf/Chilevisión/85359/2024090483672_2.pdf,trimestre,comparativo,2023-04-01,2023-06-30,0,False,Producción nacional propia,-7788557,58,pdfplumber,OK,produccionnacionalpropia,Contenidos y producción,Q2 2023,True
Chilevisión,2024-06-30,data/raw/pdf/Chilevisión/85359/2024090483672_2.pdf,semestre,actual,2024-01-01,2024-06-30,1,False,Costo elenco,-4086352,58,pdfplumber,OK,costoelenco,Contenidos y producción,H1 2024,False
Chilevisión,2024-06-30,data/raw/pdf/Chilevisión/85359/2024090483672_2.pdf,semestre,comparativo,2023-01-01,2023-06-30,1,False,Costo elenco,-3651409,58,pdfplumber,OK,costoelenco,Contenidos y producción,H1 2023,True
Chilevisión,2024-06-30,data/raw/pdf/Chilevisión/85359/2024090483672_2.pdf,trimestre,actual,2024-04-01,2024-06-30,1,False,Costo elenco,-1912067,58,pdfplumber,OK,costoelenco,Contenidos y producción,Q2 2024,False
Chilevisión,2024-06-30,data/raw/pdf/Chilevisión/85359/2024090483672_2.pdf,trimestre,comparativo,2023-04-01,2023-06-30,1,False,Costo elenco,-1687739,58,pdfplumber,OK,costoelenco,Contenidos y producción,Q2 2023,True
Chilevisión,2024-06-30,data/raw/pdf/Chilevisión/85359/2024090483672_2.pdf,semestre,actual,2024-01-01,2024-06-30,2,False,Material fílmico y producciones provisionadas,-1922519,58,pdfplumber,OK,materialfilmicoyproduccionesprovisionadas,Contenidos y producción,H1 2024,False
Chilevisión,2024-06-30,data/raw/pdf/Chilevisión/85359/2024090483672_2.pdf,semestre,comparativo,2023-01-01,2023-06-30,2,False,Material fílmico y producciones provisionadas,-1435233,58,pdfplumber,OK,materialfilmicoyproduccionesprovisionadas,Contenidos y producción,H1 2023,True
Chilevisión,2024-06-30,data/raw/pdf/Chilevisión/85359/2024090483672_2.pdf,trimestre,actual,2024-04-01,2024-06-30,2,False,Material fílmico y producciones provisionadas,-526601,58,pdfplumber,OK,materialfilmicoyproduccionesprovisionadas,Contenidos y producción,Q2 2024,False
Chilevisión,2024-06-30,data/raw/pdf/Chilevisión/85359/2024090483672_2.pdf,trimestre,comparativo,2023-04-01,2023-06-30,2,False,Material fílmico y producciones provisionadas,-655847,58,pdfplumber,OK,materialfilmicoyproduccionesprovisionadas,Contenidos y producción,Q2 2023,True
Chilevisión,2024-06-30,data/raw/pdf/Chilevisión/85359/2024090483672_2.pdf,semestre,actual,2024-01-01,2024-06-30,3,False,Otros costos de producción (1),-4681489,58,pdfplumber,OK,otroscostosdeproduccion,Contenidos y producción,H1 2024,False
Chilevisión,2024-06-30,data/raw/pdf/Chilevisión/85359/2024090483672_2.pdf,semestre,comparativo,2023-01-01,2023-06-30,3,False,Otros costos de producción (1),-2589201,58,pdfplumber,OK,otroscostosdeproduccion,Contenidos y producción,H1 2023,True
Chilevisión,2024-06-30,data/raw/pdf/Chilevisión/85359/2024090483672_2.pdf,trimestre,actual,2024-04-01,2024-06-30,3,False,Otros costos de producción (1),-3616077,58,pdfplumber,OK,otroscostosdeproduccion,Contenidos y producción,Q2 2024,False
Chilevisión,2024-06-30,data/raw/pdf/Chilevisión/85359/2024090483672_2.pdf,trimestre,comparativo,2023-04-01,2023-06-30,3,False,Otros costos de producción (1),-1830137,58,pdfplumber,OK,otroscostosdeproduccion,Contenidos y producción,Q2 2023,True
Chilevisión,2024-09-30,data/raw/pdf/Chilevisión/88270/2024110655725_1.pdf,acumulado9m,actual,2024-01-01,2024-09-30,0,False,Producción nacional propia,-27365925,55,pdfplumber,OK,produccionnacionalpropia,Contenidos y producción,9M 2024,False
Chilevisión,2024-09-30,data/raw/pdf/Chilevisión/88270/2024110655725_1.pdf,acumulado9m,comparativo,2023-01-01,2023-09-30,0,False,Producción nacional propia,-23367980,55,pdfplumber,OK,produccionnacionalpropia,Contenidos y producción,9M 2023,True
Chilevisión,2024-09-30,data/raw/pdf/Chilevisión/88270/2024110655725_1.pdf,trimestre,actual,2024-07-01,2024-09-30,0,False,Producción nacional propia,-11118679,55,pdfplumber,OK,produccionnacionalpropia,Contenidos y producción,Q3 2024,False
Chilevisión,2024-09-30,data/raw/pdf/Chilevisión/88270/2024110655725_1.pdf,trimestre,comparativo,2023-07-01,2023-09-30,0,False,Producción nacional propia,-9078334,55,pdfplumber,OK,produccionnacionalpropia,Contenidos y producción,Q3 2023,True
Chilevisión,2024-09-30,data/raw/pdf/Chilevisión/88270/2024110655725_1.pdf,acumulado9m,actual,2024-01-01,2024-09-30,1,False,Costo elenco,-6601110,55,pdfplumber,OK,costoelenco,Contenidos y producción,9M 2024,False
Chilevisión,2024-09-30,data/raw/pdf/Chilevisión/88270/2024110655725_1.pdf,acumulado9m,comparativo,2023-01-01,2023-09-30,1,False,Costo elenco,-5477210,55,pdfplumber,OK,costoelenco,Contenidos y producción,9M 2023,True
Chilevisión,2024-09-30,data/raw/pdf/Chilevisión/88270/2024110655725_1.pdf,trimestre,actual,2024-07-01,2024-09-30,1,False,Costo elenco,-2514757,55,pdfplumber,OK,costoelenco,Contenidos y producción,Q3 2024,False
Chilevisión,2024-09-30,data/raw/pdf/Chilevisión/88270/2024110655725_1.pdf,trimestre,comparativo,2023-07-01,2023-09-30,1,False,Costo elenco,-1825801,55,pdfplumber,OK,costoelenco,Contenidos y producción,Q3 2023,True
Chilevisión,2024-09-30,data/raw/pdf/Chilevisión/88270/2024110655725_1.pdf,acumulado9m,actual,2024-01-01,2024-09-30,2,False,Material fílmico y producciones provisionadas,-3101700,55,pdfplumber,OK,materialfilmicoyproduccionesprovisionadas,Contenidos y producción,9M 2024,False
Chilevisión,2024-09-30,data/raw/pdf/Chilevisión/88270/2024110655725_1.pdf,acumulado9m,comparativo,2023-01-01,2023-09-30,2,False,Material fílmico y producciones provisionadas,-2618992,55,pdfplumber,OK,materialfilmicoyproduccionesprovisionadas,Contenidos y producción,9M 2023,True
Chilevisión,2024-09-30,data/raw/pdf/Chilevisión/88270/2024110655725_1.pdf,trimestre,actual,2024-07-01,2024-09-30,2,False,Material fílmico y producciones provisionadas,-1179181,55,pdfplumber,OK,materialfilmicoyproduccionesprovisionadas,Contenidos y producción,Q3 2024,False
Chilevisión,2024-09-30,data/raw/pdf/Chilevisión/88270/2024110655725_1.pdf,trimestre,comparativo,2023-07-01,2023-09-30,2,False,Material fílmico y producciones provisionadas,-1183760,55,pdfplumber,OK,materialfilmicoyproduccionesprovisionadas,Contenidos y producción,Q3 2023,True
Chilevisión,2024-09-30,data/raw/pdf/Chilevisión/88270/2024110655725_1.pdf,acumulado9m,actual,2024-01-01,2024-09-30,3,False,Otros costos de producción (1),-7924389,55,pdfplumber,OK,otroscostosdeproduccion,Contenidos y producción,9M 2024,False
Chilevisión,2024-09-30,data/raw/pdf/Chilevisión/88270/2024110655725_1.pdf,acumulado9m,comparativo,2023-01-01,2023-09-30,3,False,Otros costos de producción (1),-5930559,55,pdfplumber,OK,otroscostosdeproduccion,Contenidos y producción,9M 2023,True
Chilevisión,2024-09-30,data/raw/pdf/Chilevisión/88270/2024110655725_1.pdf,trimestre,actual,2024-07-01,2024-09-30,3,False,Otros costos de producción (1),-3242901,55,pdfplumber,OK,otroscostosdeproduccion,Contenidos y producción,Q3 2024,False
Chilevisión,2024-09-30,data/raw/pdf/Chilevisión/88270/2024110655725_1.pdf,trimestre,comparativo,2023-07-01,2023-09-30,3,False,Otros costos de producción (1),-3341357,55,pdfplumber,OK,otroscostosdeproduccion,Contenidos y producción,Q3 2023,True
Chilevisión,2024-12-31,data/raw/pdf/Chilevisión/93017/ESTADOS FINANCIEROS.pdf,anual,actual,2024-01-01,2024-12-31,0,False,Producción nacional propia,-40151158,58,pdfplumber,OK,produccionnacionalpropia,Contenidos y producción,FY2024,False
Chilevisión,2024-12-31,data/raw/pdf/Chilevisión/93017/ESTADOS FINANCIEROS.pdf,anual,comparativo,2023-01-01,2023-12-31,0,False,Producción nacional propia,-37506679,58,pdfplumber,OK,produccionnacionalpropia,Contenidos y producción,FY2023,True
Chilevisión,2024-12-31,data/raw/pdf/Chilevisión/93017/ESTADOS FINANCIEROS.pdf,anual,actual,2024-01-01,2024-12-31,1,False,Costo elenco,-8941422,58,pdfplumber,OK,costoelenco,Contenidos y producción,FY2024,False
Chilevisión,2024-12-31,data/raw/pdf/Chilevisión/93017/ESTADOS FINANCIEROS.pdf,anual,comparativo,2023-01-01,2023-12-31,1,False,Costo elenco,-7693461,58,pdfplumber,OK,costoelenco,Contenidos y producción,FY2023,True
Chilevisión,2024-12-31,data/raw/pdf/Chilevisión/93017/ESTADOS FINANCIEROS.pdf,anual,actual,2024-01-01,2024-12-31,2,False,Material fílmico y producciones provisionadas,-5862011,58,pdfplumber,OK,materialfilmicoyproduccionesprovisionadas,Contenidos y producción,FY2024,False
Chilevisión,2024-12-31,data/raw/pdf/Chilevisión/93017/ESTADOS FINANCIEROS.pdf,anual,comparativo,2023-01-01,2023-12-31,2,False,Material fílmico y producciones provisionadas,-4456232,58,pdfplumber,OK,materialfilmicoyproduccionesprovisionadas,Contenidos y producción,FY2023,True
Chilevisión,2024-12-31,data/raw/pdf/Chilevisión/93017/ESTADOS FINANCIEROS.pdf,anual,actual,2024-01-01,2024-12-31,3,False,Otros costos de producción (1),-8467271,58,pdfplumber,OK,otroscostosdeproduccion,Contenidos y producción,FY2024,False
Chilevisión,2024-12-31,data/raw/pdf/Chilevisión/93017/ESTADOS FINANCIEROS.pdf,anual,comparativo,2023-01-01,2023-12-31,3,False,Otros costos de producción (1),-6269235,58,pdfplumber,OK,otroscostosdeproduccion,Contenidos y producción,FY2023,True
Chilevisión,2025-03-31,data/raw/pdf/Chilevisión/95049/2025050383970_1.pdf,trimestre,actual,2025-01-01,2025-03-31,0,False,Producción nacional propia,-8667976,55,pdfplumber,OK,produccionnacionalpropia,Contenidos y producción,Q1 2025,False
Chilevisión,2025-03-31,data/raw/pdf/Chilevisión/95049/2025050383970_1.pdf,trimestre,comparativo,2024-01-01,2024-03-31,0,False,Producción nacional propia,-9150111,55,pdfplumber,OK,produccionnacionalpropia,Contenidos y producción,Q1 2024,True
Chilevisión,2025-03-31,data/raw/pdf/Chilevisión/95049/2025050383970_1.pdf,trimestre,actual,2025-01-01,2025-03-31,1,False,Costo elenco,-2203361,55,pdfplumber,OK,costoelenco,Contenidos y producción,Q1 2025,False
Chilevisión,2025-03-31,data/raw/pdf/Chilevisión/95049/2025050383970_1.pdf,trimestre,comparativo,2024-01-01,2024-03-31,1,False,Costo elenco,-2174285,55,pdfplumber,OK,costoelenco,Contenidos y producción,Q1 2024,True
Chilevisión,2025-03-31,data/raw/pdf/Chilevisión/95049/2025050383970_1.pdf,trimestre,actual,2025-01-01,2025-03-31,2,False,Material fílmico y producciones provisionadas,-1298126,55,pdfplumber,OK,materialfilmicoyproduccionesprovisionadas,Contenidos y producción,Q1 2025,False
Chilevisión,2025-03-31,data/raw/pdf/Chilevisión/95049/2025050383970_1.pdf,trimestre,comparativo,2024-01-01,2024-03-31,2,False,Material fílmico y producciones provisionadas,-1395918,55,pdfplumber,OK,materialfilmicoyproduccionesprovisionadas,Contenidos y producción,Q1 2024,True
Chilevisión,2025-03-31,data/raw/pdf/Chilevisión/95049/2025050383970_1.pdf,trimestre,actual,2025-01-01,2025-03-31,3,False,Otros costos de producción (1),-1761761,55,pdfplumber,OK,otroscostosdeproduccion,Contenidos y producción,Q1 2025,False
Chilevisión,2025-03-31,data/raw/pdf/Chilevisión/95049/2025050383970_1.pdf,trimestre,comparativo,2024-01-01,2024-03-31,3,False,Otros costos de producción (1),-1065411,55,pdfplumber,OK,otroscostosdeproduccion,Contenidos y producción,Q1 2024,True
Chilevisión,2025-06-30,data/raw/pdf/Chilevisión/98825/2025090626894_1.pdf,semestre,actual,2025-01-01,2025-06-30,0,False,Producción nacional propia,-18954273,52,pdfplumber,OK,produccionnacionalpropia,Contenidos y producción,H1 2025,False
Chilevisión,2025-06-30,data/raw/pdf/Chilevisión/98825/2025090626894_1.pdf,semestre,comparativo,2024-01-01,2024-06-30,0,False,Producción nacional propia,-16247246,52,pdfplumber,OK,produccionnacionalpropia,Contenidos y producción,H1 2024,True
Chilevisión,2025-06-30,data/raw/pdf/Chilevisión/98825/2025090626894_1.pdf,trimestre,actual,2025-04-01,2025-06-30,0,False,Producción nacional propia,-10286297,52,pdfplumber,OK,produccionnacionalpropia,Contenidos y producción,Q2 2025,False
Chilevisión,2025-06-30,data/raw/pdf/Chilevisión/98825/2025090626894_1.pdf,trimestre,comparativo,2024-04-01,2024-06-30,0,False,Producción nacional propia,-7097136,52,pdfplumber,OK,produccionnacionalpropia,Contenidos y producción,Q2 2024,True
Chilevisión,2025-06-30,data/raw/pdf/Chilevisión/98825/2025090626894_1.pdf,semestre,actual,2025-01-01,2025-06-30,1,False,Costo elenco,-4004936,52,pdfplumber,OK,costoelenco,Contenidos y producción,H1 2025,False
Chilevisión,2025-06-30,data/raw/pdf/Chilevisión/98825/2025090626894_1.pdf,semestre,comparativo,2024-01-01,2024-06-30,1,False,Costo elenco,-4086352,52,pdfplumber,OK,costoelenco,Contenidos y producción,H1 2024,True
Chilevisión,2025-06-30,data/raw/pdf/Chilevisión/98825/2025090626894_1.pdf,trimestre,actual,2025-04-01,2025-06-30,1,False,Costo elenco,-1801575,52,pdfplumber,OK,costoelenco,Contenidos y producción,Q2 2025,False
Chilevisión,2025-06-30,data/raw/pdf/Chilevisión/98825/2025090626894_1.pdf,trimestre,comparativo,2024-04-01,2024-06-30,1,False,Costo elenco,-1912067,52,pdfplumber,OK,costoelenco,Contenidos y producción,Q2 2024,True
Chilevisión,2025-06-30,data/raw/pdf/Chilevisión/98825/2025090626894_1.pdf,semestre,actual,2025-01-01,2025-06-30,2,False,Material fílmico y producciones provisionadas,-2338134,52,pdfplumber,OK,materialfilmicoyproduccionesprovisionadas,Contenidos y producción,H1 2025,False
Chilevisión,2025-06-30,data/raw/pdf/Chilevisión/98825/2025090626894_1.pdf,semestre,comparativo,2024-01-01,2024-06-30,2,False,Material fílmico y producciones provisionadas,-1922519,52,pdfplumber,OK,materialfilmicoyproduccionesprovisionadas,Contenidos y producción,H1 2024,True
Chilevisión,2025-06-30,data/raw/pdf/Chilevisión/98825/2025090626894_1.pdf,trimestre,actual,2025-04-01,2025-06-30,2,False,Material fílmico y producciones provisionadas,-1040008,52,pdfplumber,OK,materialfilmicoyproduccionesprovisionadas,Contenidos y producción,Q2 2025,False
Chilevisión,2025-06-30,data/raw/pdf/Chilevisión/98825/2025090626894_1.pdf,trimestre,comparativo,2024-04-01,2024-06-30,2,False,Material fílmico y producciones provisionadas,-526601,52,pdfplumber,OK,materialfilmicoyproduccionesprovisionadas,Contenidos y producción,Q2 2024,True
Chilevisión,2025-06-30,data/raw/pdf/Chilevisión/98825/2025090626894_1.pdf,semestre,actual,2025-01-01,2025-06-30,3,False,Otros costos de producción (1),-3656392,52,pdfplumber,OK,otroscostosdeproduccion,Contenidos y producción,H1 2025,False
Chilevisión,2025-06-30,data/raw/pdf/Chilevisión/98825/2025090626894_1.pdf,semestre,comparativo,2024-01-01,2024-06-30,3,False,Otros costos de producción (1),-4681489,52,pdfplumber,OK,otroscostosdeproduccion,Contenidos y producción,H1 2024,True
Chilevisión,2025-06-30,data/raw/pdf/Chilevisión/98825/2025090626894_1.pdf,trimestre,actual,2025-04-01,2025-06-30,3,False,Otros costos de producción (1),-2187331,52,pdfplumber,OK,otroscostosdeproduccion,Contenidos y producción,Q2 2025,False
Chilevisión,2025-06-30,data/raw/pdf/Chilevisión/98825/2025090626894_1.pdf,trimestre,comparativo,2024-04-01,2024-06-30,3,False,Otros costos de producción (1),-3616077,52,pdfplumber,OK,otroscostosdeproduccion,Contenidos y producción,Q2 2024,True
Chilevisión,2025-09-30,data/raw/pdf/Chilevisión/101642/Estados financieros.pdf,acumulado9m,actual,2025-01-01,2025-09-30,0,False,Costo elenco,-29755207,48,pdfplumber,OK,costoelenco,Contenidos y producción,9M 2025,True
Chilevisión,2025-09-30,data/raw/pdf/Chilevisión/101642/Estados financieros.pdf,acumulado9m,comparativo,2024-01-01,2024-09-30,0,False,Costo elenco,-27365925,48,pdfplumber,OK,costoelenco,Contenidos y producción,9M 2024,True
Chilevisión,2025-09-30,data/raw/pdf/Chilevisión/101642/Estados financieros.pdf,trimestre,actual,2025-07-01,2025-09-30,0,False,Costo elenco,-10800933,48,pdfplumber,OK,costoelenco,Contenidos y producción,Q3 2025,True
Chilevisión,2025-09-30,data/raw/pdf/Chilevisión/101642/Estados financieros.pdf,trimestre,comparativo,2024-07-01,2024-09-30,0,False,Costo elenco,-11118679,48,pdfplumber,OK,costoelenco,Contenidos y producción,Q3 2024,True
Chilevisión,2025-09-30,data/raw/pdf/Chilevisión/101642/Estados financieros.pdf,acumulado9m,actual,2025-01-01,2025-09-30,1,False,Material fílmico y producciones,-5837232,48,pdfplumber,OK,materialfilmicoyproducciones,Contenidos y producción,9M 2025,True
Chilevisión,2025-09-30,data/raw/pdf/Chilevisión/101642/Estados financieros.pdf,acumulado9m,comparativo,2024-01-01,2024-09-30,1,False,Material fílmico y producciones,-6601110,48,pdfplumber,OK,materialfilmicoyproducciones,Contenidos y producción,9M 2024,True
Chilevisión,2025-09-30,data/raw/pdf/Chilevisión/101642/Estados financieros.pdf,trimestre,actual,2025-07-01,2025-09-30,1,False,Material fílmico y producciones,-1832296,48,pdfplumber,OK,materialfilmicoyproducciones,Contenidos y producción,Q3 2025,True
Chilevisión,2025-09-30,data/raw/pdf/Chilevisión/101642/Estados financieros.pdf,trimestre,comparativo,2024-07-01,2024-09-30,1,False,Material fílmico y producciones,-2514757,48,pdfplumber,OK,materialfilmicoyproducciones,Contenidos y producción,Q3 2024,True
Chilevisión,2025-09-30,data/raw/pdf/Chilevisión/101642/Estados financieros.pdf,acumulado9m,actual,2025-01-01,2025-09-30,2,False,provisionadas,-3454635,48,pdfplumber,OK,provisionadas,Contenidos y producción,9M 2025,True
Chilevisión,2025-09-30,data/raw/pdf/Chilevisión/101642/Estados financieros.pdf,acumulado9m,comparativo,2024-01-01,2024-09-30,2,False,provisionadas,-3101700,48,pdfplumber,OK,provisionadas,Contenidos y producción,9M 2024,True
Chilevisión,2025-09-30,data/raw/pdf/Chilevisión/101642/Estados financieros.pdf,trimestre,actual,2025-07-01,2025-09-30,2,False,provisionadas,-1116501,48,pdfplumber,OK,provisionadas,Contenidos y producción,Q3 2025,True
Chilevisión,2025-09-30,data/raw/pdf/Chilevisión/101642/Estados financieros.pdf,trimestre,comparativo,2024-07-01,2024-09-30,2,False,provisionadas,-1179181,48,pdfplumber,OK,provisionadas,Contenidos y producción,Q3 2024,True
Chilevisión,2025-09-30,data/raw/pdf/Chilevisión/101642/Estados financieros.pdf,acumulado9m,actual,2025-01-01,2025-09-30,3,False,Otros costos de producción (1),-5145607,48,pdfplumber,OK,otroscostosdeproduccion,Contenidos y producción,9M 2025,True
Chilevisión,2025-09-30,data/raw/pdf/Chilevisión/101642/Estados financieros.pdf,acumulado9m,comparativo,2024-01-01,2024-09-30,3,False,Otros costos de producción (1),-7924389,48,pdfplumber,OK,otroscostosdeproduccion,Contenidos y producción,9M 2024,True
Chilevisión,2025-09-30,data/raw/pdf/Chilevisión/101642/Estados financieros.pdf,trimestre,actual,2025-07-01,2025-09-30,3,False,Otros costos de producción (1),-1489216,48,pdfplumber,OK,otroscostosdeproduccion,Contenidos y producción,Q3 2025,True
Chilevisión,2025-09-30,data/raw/pdf/Chilevisión/101642/Estados financieros.pdf,trimestre,comparativo,2024-07-01,2024-09-30,3,False,Otros costos de producción (1),-3242901,48,pdfplumber,OK,otroscostosdeproduccion,Contenidos y producción,Q3 2024,True
Chilevisión,2025-12-31,data/raw/pdf/Chilevisión/109184/2026030214248_1.pdf,anual,actual,2025-01-01,2025-12-31,0,False,Producción nacional propia,-39687892,59,pdfplumber,OK,produccionnacionalpropia,Contenidos y producción,FY2025,True
Chilevisión,2025-12-31,data/raw/pdf/Chilevisión/109184/2026030214248_1.pdf,anual,comparativo,2024-01-01,2024-12-31,0,False,Producción nacional propia,-40151158,59,pdfplumber,OK,produccionnacionalpropia,Contenidos y producción,FY2024,True
Chilevisión,2025-12-31,data/raw/pdf/Chilevisión/109184/2026030214248_1.pdf,anual,actual,2025-01-01,2025-12-31,1,False,Costo elenco,-7994707,59,pdfplumber,OK,costoelenco,Contenidos y producción,FY2025,True
Chilevisión,2025-12-31,data/raw/pdf/Chilevisión/109184/2026030214248_1.pdf,anual,comparativo,2024-01-01,2024-12-31,1,False,Costo elenco,-8941422,59,pdfplumber,OK,costoelenco,Contenidos y producción,FY2024,True
Chilevisión,2025-12-31,data/raw/pdf/Chilevisión/109184/2026030214248_1.pdf,anual,actual,2025-01-01,2025-12-31,2,False,Material fílmico y producciones provisionadas,-4241558,59,pdfplumber,OK,materialfilmicoyproduccionesprovisionadas,Contenidos y producción,FY2025,True
Chilevisión,2025-12-31,data/raw/pdf/Chilevisión/109184/2026030214248_1.pdf,anual,comparativo,2024-01-01,2024-12-31,2,False,Material fílmico y producciones provisionadas,-5862011,59,pdfplumber,OK,materialfilmicoyproduccionesprovisionadas,Contenidos y producción,FY2024,True
Chilevisión,2025-12-31,data/raw/pdf/Chilevisión/109184/2026030214248_1.pdf,anual,actual,2025-01-01,2025-12-31,3,False,Otros costos de producción (1),-7295105,59,pdfplumber,OK,otroscostosdeproduccion,Contenidos y producción,FY2025,True
Chilevisión,2025-12-31,data/raw/pdf/Chilevisión/109184/2026030214248_1.pdf,anual,comparativo,2024-01-01,2024-12-31,3,False,Otros costos de producción (1),-8467272,59,pdfplumber,OK,otroscostosdeproduccion,Contenidos y producción,FY2024,True
Chilevisión,2026-03-31,data/raw/pdf/Chilevisión/111126/2026050359726_1.pdf,trimestre,actual,2026-01-01,2026-03-31,0,False,Producción nacional propia,-9044183,54,pdfplumber,OK,produccionnacionalpropia,Contenidos y producción,Q1 2026,True
Chilevisión,2026-03-31,data/raw/pdf/Chilevisión/111126/2026050359726_1.pdf,trimestre,comparativo,2025-01-01,2025-03-31,0,False,Producción nacional propia,-8667976,54,pdfplumber,OK,produccionnacionalpropia,Contenidos y producción,Q1 2025,True
Chilevisión,2026-03-31,data/raw/pdf/Chilevisión/111126/2026050359726_1.pdf,trimestre,actual,2026-01-01,2026-03-31,1,False,Costo elenco,-2031503,54,pdfplumber,OK,costoelenco,Contenidos y producción,Q1 2026,True
Chilevisión,2026-03-31,data/raw/pdf/Chilevisión/111126/2026050359726_1.pdf,trimestre,comparativo,2025-01-01,2025-03-31,1,False,Costo elenco,-2203361,54,pdfplumber,OK,costoelenco,Contenidos y producción,Q1 2025,True
Chilevisión,2026-03-31,data/raw/pdf/Chilevisión/111126/2026050359726_1.pdf,trimestre,actual,2026-01-01,2026-03-31,2,False,Material fílmico y producciones provisionadas,-532257,54,pdfplumber,OK,materialfilmicoyproduccionesprovisionadas,Contenidos y producción,Q1 2026,True
Chilevisión,2026-03-31,data/raw/pdf/Chilevisión/111126/2026050359726_1.pdf,trimestre,comparativo,2025-01-01,2025-03-31,2,False,Material fílmico y producciones provisionadas,-1298126,54,pdfplumber,OK,materialfilmicoyproduccionesprovisionadas,Contenidos y producción,Q1 2025,True
Chilevisión,2026-03-31,data/raw/pdf/Chilevisión/111126/2026050359726_1.pdf,trimestre,actual,2026-01-01,2026-03-31,3,False,Otros costos de producción (1),-1486371,54,pdfplumber,OK,otroscostosdeproduccion,Contenidos y producción,Q1 2026,True
Chilevisión,2026-03-31,data/raw/pdf/Chilevisión/111126/2026050359726_1.pdf,trimestre,comparativo,2025-01-01,2025-03-31,3,False,Otros costos de producción (1),-1761761,54,pdfplumber,OK,otroscostosdeproduccion,Contenidos y producción,Q1 2025,True
Chilevisión,2026-06-30,data/raw/pdf/Chilevisión/113714/2026090594832-1.pdf,semestre,actual,2026-01-01,2026-06-30,0,False,Producción nacional propia,-19518979,53,pdfplumber,OK,produccionnacionalpropia,Contenidos y producción,H1 2026,True
Chilevisión,2026-06-30,data/raw/pdf/Chilevisión/113714/2026090594832-1.pdf,semestre,comparativo,2025-01-01,2025-06-30,0,False,Producción nacional propia,-18954273,53,pdfplumber,OK,produccionnacionalpropia,Contenidos y producción,H1 2025,True
Chilevisión,2026-06-30,data/raw/pdf/Chilevisión/113714/2026090594832-1.pdf,trimestre,actual,2026-04-01,2026-06-30,0,False,Producción nacional propia,-10474796,53,pdfplumber,OK,produccionnacionalpropia,Contenidos y producción,Q2 2026,True
Chilevisión,2026-06-30,data/raw/pdf/Chilevisión/113714/2026090594832-1.pdf,trimestre,comparativo,2025-04-01,2025-06-30,0,False,Producción nacional propia,-10286297,53,pdfplumber,OK,produccionnacionalpropia,Contenidos y producción,Q2 2025,True
Chilevisión,2026-06-30,data/raw/pdf/Chilevisión/113714/2026090594832-1.pdf,semestre,actual,2026-01-01,2026-06-30,1,False,Costo elenco,-3762504,53,pdfplumber,OK,costoelenco,Contenidos y producción,H1 2026,True
Chilevisión,2026-06-30,data/raw/pdf/Chilevisión/113714/2026090594832-1.pdf,semestre,comparativo,2025-01-01,2025-06-30,1,False,Costo elenco,-4004936,53,pdfplumber,OK,costoelenco,Contenidos y producción,H1 2025,True
Chilevisión,2026-06-30,data/raw/pdf/Chilevisión/113714/2026090594832-1.pdf,trimestre,actual,2026-04-01,2026-06-30,1,False,Costo elenco,-1731001,53,pdfplumber,OK,costoelenco,Contenidos y producción,Q2 2026,True
Chilevisión,2026-06-30,data/raw/pdf/Chilevisión/113714/2026090594832-1.pdf,trimestre,comparativo,2025-04-01,2025-06-30,1,False,Costo elenco,-1801575,53,pdfplumber,OK,costoelenco,Contenidos y producción,Q2 2025,True
Chilevisión,2026-06-30,data/raw/pdf/Chilevisión/113714/2026090594832-1.pdf,semestre,actual,2026-01-01,2026-06-30,2,False,Material fílmico y producciones provisionadas,-1093719,53,pdfplumber,OK,materialfilmicoyproduccionesprovisionadas,Contenidos y producción,H1 2026,True
Chilevisión,2026-06-30,data/raw/pdf/Chilevisión/113714/2026090594832-1.pdf,semestre,comparativo,2025-01-01,2025-06-30,2,False,Material fílmico y producciones provisionadas,-2338134,53,pdfplumber,OK,materialfilmicoyproduccionesprovisionadas,Contenidos y producción,H1 2025,True
Chilevisión,2026-06-30,data/raw/pdf/Chilevisión/113714/2026090594832-1.pdf,trimestre,actual,2026-04-01,2026-06-30,2,False,Material fílmico y producciones provisionadas,-561462,53,pdfplumber,OK,materialfilmicoyproduccionesprovisionadas,Contenidos y producción,Q2 2026,True
Chilevisión,2026-06-30,data/raw/pdf/Chilevisión/113714/2026090594832-1.pdf,trimestre,comparativo,2025-04-01,2025-06-30,2,False,Material fílmico y producciones provisionadas,-1040008,53,pdfplumber,OK,materialfilmicoyproduccionesprovisionadas,Contenidos y producción,Q2 2025,True
Chilevisión,2026-06-30,data/raw/pdf/Chilevisión/113714/2026090594832-1.pdf,semestre,actual,2026-01-01,2026-06-30,3,False,Otros costos de producción (1),-3337614,53,pdfplumber,OK,otroscostosdeproduccion,Contenidos y producción,H1 2026,True
Chilevisión,2026-06-30,data/raw/pdf/Chilevisión/113714/2026090594832-1.pdf,semestre,comparativo,2025-01-01,2025-06-30,3,False,Otros costos de producción (1),-3656392,53,pdfplumber,OK,otroscostosdeproduccion,Contenidos y producción,H1 2025,True
Chilevisión,2026-06-30,data/raw/pdf/Chilevisión/113714/2026090594832-1.pdf,trimestre,actual,2026-04-01,2026-06-30,3,False,Otros costos de producción (1),-1850925,53,pdfplumber,OK,otroscostosdeproduccion,Contenidos y producción,Q2 2026,True
Chilevisión,2026-06-30,data/raw/pdf/Chilevisión/113714/2026090594832-1.pdf,trimestre,comparativo,2025-04-01,2025-06-30,3,False,Otros costos de producción (1),-2187331,53,pdfplumber,OK,otroscostosdeproduccion,Contenidos y producción,Q2 2025,True
Mega,2019-12-31,data/raw/pdf/Mega/28606/archivo_3.pdf,anual,actual,2019-01-01,2019-12-31,0,False,Depreciaciones,-3338313,41,pdfplumber,OK,depreciaciones,Depreciación y amortización,FY2019,False
Mega,2019-12-31,data/raw/pdf/Mega/28606/archivo_3.pdf,anual,comparativo,2018-01-01,2018-12-31,0,False,Depreciaciones,-2931360,41,pdfplumber,OK,depreciaciones,Depreciación y amortización,FY2018,True
Mega,2019-12-31,data/raw/pdf/Mega/28606/archivo_3.pdf,anual,actual,2019-01-01,2019-12-31,1,False,Gastos del personal,-28999954,41,pdfplumber,OK,gastosdelpersonal,Personal,FY2019,False
Mega,2019-12-31,data/raw/pdf/Mega/28606/archivo_3.pdf,anual,comparativo,2018-01-01,2018-12-31,1,False,Gastos del personal,-26827754,41,pdfplumber,OK,gastosdelpersonal,Personal,FY2018,True
Mega,2019-12-31,data/raw/pdf/Mega/28606/archivo_3.pdf,anual,actual,2019-01-01,2019-12-31,2,False,Otros costos,-40013250,41,pdfplumber,OK,otroscostos,Otros costos,FY2019,False
Mega,2019-12-31,data/raw/pdf/Mega/28606/archivo_3.pdf,anual,comparativo,2018-01-01,2018-12-31,2,False,Otros costos,-45653789,41,pdfplumber,OK,otroscostos,Otros costos,FY2018,True
Mega,2020-03-31,data/raw/pdf/Mega/29051/2020050177471_2.pdf,trimestre,actual,2020-01-01,2020-03-31,0,False,Depreciaciones,-869338,38,pdfplumber,OK,depreciaciones,Depreciación y amortización,Q1 2020,False
Mega,2020-03-31,data/raw/pdf/Mega/29051/2020050177471_2.pdf,trimestre,comparativo,2019-01-01,2019-03-31,0,False,Depreciaciones,-693593,38,pdfplumber,OK,depreciaciones,Depreciación y amortización,Q1 2019,True
Mega,2020-03-31,data/raw/pdf/Mega/29051/2020050177471_2.pdf,trimestre,actual,2020-01-01,2020-03-31,1,False,Gastos del personal,-7218398,38,pdfplumber,OK,gastosdelpersonal,Personal,Q1 2020,False
Mega,2020-03-31,data/raw/pdf/Mega/29051/2020050177471_2.pdf,trimestre,comparativo,2019-01-01,2019-03-31,1,False,Gastos del personal,-7353639,38,pdfplumber,OK,gastosdelpersonal,Personal,Q1 2019,True
Mega,2020-03-31,data/raw/pdf/Mega/29051/2020050177471_2.pdf,trimestre,actual,2020-01-01,2020-03-31,2,False,Otros costos,-6058290,38,pdfplumber,OK,otroscostos,Otros costos,Q1 2020,False
Mega,2020-03-31,data/raw/pdf/Mega/29051/2020050177471_2.pdf,trimestre,comparativo,2019-01-01,2019-03-31,2,False,Otros costos,-8474164,38,pdfplumber,OK,otroscostos,Otros costos,Q1 2019,True
Mega,2020-06-30,data/raw/pdf/Mega/29822/3.pdf,semestre,actual,2020-01-01,2020-06-30,0,False,Depreciaciones,-1753070,39,pdfplumber,OK,depreciaciones,Depreciación y amortización,H1 2020,False
Mega,2020-06-30,data/raw/pdf/Mega/29822/3.pdf,semestre,comparativo,2019-01-01,2019-06-30,0,False,Depreciaciones,-1649676,39,pdfplumber,OK,depreciaciones,Depreciación y amortización,H1 2019,True
Mega,2020-06-30,data/raw/pdf/Mega/29822/3.pdf,trimestre,actual,2020-04-01,2020-06-30,0,False,Depreciaciones,-883732,39,pdfplumber,OK,depreciaciones,Depreciación y amortización,Q2 2020,False
Mega,2020-06-30,data/raw/pdf/Mega/29822/3.pdf,trimestre,comparativo,2019-04-01,2019-06-30,0,False,Depreciaciones,-956083,39,pdfplumber,OK,depreciaciones,Depreciación y amortización,Q2 2019,True
Mega,2020-06-30,data/raw/pdf/Mega/29822/3.pdf,semestre,actual,2020-01-01,2020-06-30,1,False,Gastos del personal,-13891605,39,pdfplumber,OK,gastosdelpersonal,Personal,H1 2020,False
Mega,2020-06-30,data/raw/pdf/Mega/29822/3.pdf,semestre,comparativo,2019-01-01,2019-06-30,1,False,Gastos del personal,-14475674,39,pdfplumber,OK,gastosdelpersonal,Personal,H1 2019,True
Mega,2020-06-30,data/raw/pdf/Mega/29822/3.pdf,trimestre,actual,2020-04-01,2020-06-30,1,False,Gastos del personal,-6673207,39,pdfplumber,OK,gastosdelpersonal,Personal,Q2 2020,False
Mega,2020-06-30,data/raw/pdf/Mega/29822/3.pdf,trimestre,comparativo,2019-04-01,2019-06-30,1,False,Gastos del personal,-7122035,39,pdfplumber,OK,gastosdelpersonal,Personal,Q2 2019,True
Mega,2020-06-30,data/raw/pdf/Mega/29822/3.pdf,semestre,actual,2020-01-01,2020-06-30,2,False,Otros costos,-13737267,39,pdfplumber,OK,otroscostos,Otros costos,H1 2020,False
Mega,2020-06-30,data/raw/pdf/Mega/29822/3.pdf,semestre,comparativo,2019-01-01,2019-06-30,2,False,Otros costos,-21721914,39,pdfplumber,OK,otroscostos,Otros costos,H1 2019,True
Mega,2020-06-30,data/raw/pdf/Mega/29822/3.pdf,trimestre,actual,2020-04-01,2020-06-30,2,False,Otros costos,-7678977,39,pdfplumber,OK,otroscostos,Otros costos,Q2 2020,False
Mega,2020-06-30,data/raw/pdf/Mega/29822/3.pdf,trimestre,comparativo,2019-04-01,2019-06-30,2,False,Otros costos,-13247750,39,pdfplumber,OK,otroscostos,Otros costos,Q2 2019,True
Mega,2020-09-30,data/raw/pdf/Mega/38819/2020110485843_2.pdf,acumulado9m,actual,2020-01-01,2020-09-30,0,False,Depreciaciones,-2790372,37,pdfplumber,OK,depreciaciones,Depreciación y amortización,9M 2020,False
Mega,2020-09-30,data/raw/pdf/Mega/38819/2020110485843_2.pdf,acumulado9m,comparativo,2019-01-01,2019-09-30,0,False,Depreciaciones,-3609777,37,pdfplumber,OK,depreciaciones,Depreciación y amortización,9M 2019,True
Mega,2020-09-30,data/raw/pdf/Mega/38819/2020110485843_2.pdf,trimestre,actual,2020-07-01,2020-09-30,0,False,Depreciaciones,-934876,37,pdfplumber,OK,depreciaciones,Depreciación y amortización,Q3 2020,False
Mega,2020-09-30,data/raw/pdf/Mega/38819/2020110485843_2.pdf,trimestre,comparativo,2019-07-01,2019-09-30,0,False,Depreciaciones,-1801659,37,pdfplumber,OK,depreciaciones,Depreciación y amortización,Q3 2019,True
Mega,2020-09-30,data/raw/pdf/Mega/38819/2020110485843_2.pdf,acumulado9m,actual,2020-01-01,2020-09-30,1,False,Gastos del personal,-19794154,37,pdfplumber,OK,gastosdelpersonal,Personal,9M 2020,False
Mega,2020-09-30,data/raw/pdf/Mega/38819/2020110485843_2.pdf,acumulado9m,comparativo,2019-01-01,2019-09-30,1,False,Gastos del personal,-20830309,37,pdfplumber,OK,gastosdelpersonal,Personal,9M 2019,True
Mega,2020-09-30,data/raw/pdf/Mega/38819/2020110485843_2.pdf,trimestre,actual,2020-07-01,2020-09-30,1,False,Gastos del personal,-5902549,37,pdfplumber,OK,gastosdelpersonal,Personal,Q3 2020,False
Mega,2020-09-30,data/raw/pdf/Mega/38819/2020110485843_2.pdf,trimestre,comparativo,2019-07-01,2019-09-30,1,False,Gastos del personal,-6354635,37,pdfplumber,OK,gastosdelpersonal,Personal,Q3 2019,True
Mega,2020-09-30,data/raw/pdf/Mega/38819/2020110485843_2.pdf,acumulado9m,actual,2020-01-01,2020-09-30,2,False,Otros costos,-17368705,37,pdfplumber,OK,otroscostos,Otros costos,9M 2020,False
Mega,2020-09-30,data/raw/pdf/Mega/38819/2020110485843_2.pdf,acumulado9m,comparativo,2019-01-01,2019-09-30,2,False,Otros costos,-31258036,37,pdfplumber,OK,otroscostos,Otros costos,9M 2019,True
Mega,2020-09-30,data/raw/pdf/Mega/38819/2020110485843_2.pdf,trimestre,actual,2020-07-01,2020-09-30,2,False,Otros costos,-3135100,37,pdfplumber,OK,otroscostos,Otros costos,Q3 2020,False
Mega,2020-09-30,data/raw/pdf/Mega/38819/2020110485843_2.pdf,trimestre,comparativo,2019-07-01,2019-09-30,2,False,Otros costos,-9589818,37,pdfplumber,OK,otroscostos,Otros costos,Q3 2019,True
Mega,2020-12-31,data/raw/pdf/Mega/47352/2021030123006_1.pdf,anual,actual,2020-01-01,2020-12-31,0,False,Depreciaciones,-3663286,42,pdfplumber,OK,depreciaciones,Depreciación y amortización,FY2020,False
Mega,2020-12-31,data/raw/pdf/Mega/47352/2021030123006_1.pdf,anual,comparativo,2019-01-01,2019-12-31,0,False,Depreciaciones,-3609777,42,pdfplumber,OK,depreciaciones,Depreciación y amortización,FY2019,True
Mega,2020-12-31,data/raw/pdf/Mega/47352/2021030123006_1.pdf,anual,actual,2020-01-01,2020-12-31,1,False,Gastos del personal,-25552759,42,pdfplumber,OK,gastosdelpersonal,Personal,FY2020,False
Mega,2020-12-31,data/raw/pdf/Mega/47352/2021030123006_1.pdf,anual,comparativo,2019-01-01,2019-12-31,1,False,Gastos del personal,-28999954,42,pdfplumber,OK,gastosdelpersonal,Personal,FY2019,True
Mega,2020-12-31,data/raw/pdf/Mega/47352/2021030123006_1.pdf,anual,actual,2020-01-01,2020-12-31,2,False,Otros costos,-26256808,42,pdfplumber,OK,otroscostos,Otros costos,FY2020,False
Mega,2020-12-31,data/raw/pdf/Mega/47352/2021030123006_1.pdf,anual,comparativo,2019-01-01,2019-12-31,2,False,Otros costos,-40034899,42,pdfplumber,OK,otroscostos,Otros costos,FY2019,True
Mega,2021-03-31,data/raw/pdf/Mega/47717/2021050208939_1.pdf,trimestre,actual,2021-01-01,2021-03-31,0,False,Depreciaciones,-810114,39,pdfplumber,OK,depreciaciones,Depreciación y amortización,Q1 2021,False
Mega,2021-03-31,data/raw/pdf/Mega/47717/2021050208939_1.pdf,trimestre,comparativo,2020-01-01,2020-03-31,0,False,Depreciaciones,-920905,39,pdfplumber,OK,depreciaciones,Depreciación y amortización,Q1 2020,True
Mega,2021-03-31,data/raw/pdf/Mega/47717/2021050208939_1.pdf,trimestre,actual,2021-01-01,2021-03-31,1,False,Gastos del personal,-5687375,39,pdfplumber,OK,gastosdelpersonal,Personal,Q1 2021,False
Mega,2021-03-31,data/raw/pdf/Mega/47717/2021050208939_1.pdf,trimestre,comparativo,2020-01-01,2020-03-31,1,False,Gastos del personal,-7218398,39,pdfplumber,OK,gastosdelpersonal,Personal,Q1 2020,True
Mega,2021-03-31,data/raw/pdf/Mega/47717/2021050208939_1.pdf,trimestre,actual,2021-01-01,2021-03-31,2,False,Otros costos,-6417175,39,pdfplumber,OK,otroscostos,Otros costos,Q1 2021,False
Mega,2021-03-31,data/raw/pdf/Mega/47717/2021050208939_1.pdf,trimestre,comparativo,2020-01-01,2020-03-31,2,False,Otros costos,-6157657,39,pdfplumber,OK,otroscostos,Otros costos,Q1 2020,True
Mega,2021-06-30,data/raw/pdf/Mega/49403/2021090374840_0 (1).pdf,semestre,actual,2021-01-01,2021-06-30,0,False,Depreciaciones,-1616905,42,pdfplumber,OK,depreciaciones,Depreciación y amortización,H1 2021,False
Mega,2021-06-30,data/raw/pdf/Mega/49403/2021090374840_0 (1).pdf,semestre,comparativo,2020-01-01,2020-06-30,0,False,Depreciaciones,-1855496,42,pdfplumber,OK,depreciaciones,Depreciación y amortización,H1 2020,True
Mega,2021-06-30,data/raw/pdf/Mega/49403/2021090374840_0 (1).pdf,trimestre,actual,2021-04-01,2021-06-30,0,False,Depreciaciones,-806791,42,pdfplumber,OK,depreciaciones,Depreciación y amortización,Q2 2021,False
Mega,2021-06-30,data/raw/pdf/Mega/49403/2021090374840_0 (1).pdf,trimestre,comparativo,2020-04-01,2020-06-30,0,False,Depreciaciones,-934591,42,pdfplumber,OK,depreciaciones,Depreciación y amortización,Q2 2020,True
Mega,2021-06-30,data/raw/pdf/Mega/49403/2021090374840_0 (1).pdf,semestre,actual,2021-01-01,2021-06-30,1,False,Gastos del personal,-11204095,42,pdfplumber,OK,gastosdelpersonal,Personal,H1 2021,False
Mega,2021-06-30,data/raw/pdf/Mega/49403/2021090374840_0 (1).pdf,semestre,comparativo,2020-01-01,2020-06-30,1,False,Gastos del personal,-13891606,42,pdfplumber,OK,gastosdelpersonal,Personal,H1 2020,True
Mega,2021-06-30,data/raw/pdf/Mega/49403/2021090374840_0 (1).pdf,trimestre,actual,2021-04-01,2021-06-30,1,False,Gastos del personal,-5516720,42,pdfplumber,OK,gastosdelpersonal,Personal,Q2 2021,False
Mega,2021-06-30,data/raw/pdf/Mega/49403/2021090374840_0 (1).pdf,trimestre,comparativo,2020-04-01,2020-06-30,1,False,Gastos del personal,-6673208,42,pdfplumber,OK,gastosdelpersonal,Personal,Q2 2020,True
Mega,2021-06-30,data/raw/pdf/Mega/49403/2021090374840_0 (1).pdf,semestre,actual,2021-01-01,2021-06-30,2,False,Otros costos,-17807695,42,pdfplumber,OK,otroscostos,Otros costos,H1 2021,False
Mega,2021-06-30,data/raw/pdf/Mega/49403/2021090374840_0 (1).pdf,semestre,comparativo,2020-01-01,2020-06-30,2,False,Otros costos,-14233604,42,pdfplumber,OK,otroscostos,Otros costos,H1 2020,True
Mega,2021-06-30,data/raw/pdf/Mega/49403/2021090374840_0 (1).pdf,trimestre,actual,2021-04-01,2021-06-30,2,False,Otros costos,-11390520,42,pdfplumber,OK,otroscostos,Otros costos,Q2 2021,False
Mega,2021-06-30,data/raw/pdf/Mega/49403/2021090374840_0 (1).pdf,trimestre,comparativo,2020-04-01,2020-06-30,2,False,Otros costos,-8075947,42,pdfplumber,OK,otroscostos,Otros costos,Q2 2020,True
Mega,2021-09-30,data/raw/pdf/Mega/49907/2021110471982_1.pdf,acumulado9m,actual,2021-01-01,2021-09-30,0,False,Depreciaciones,-2421549,39,pdfplumber,OK,depreciaciones,Depreciación y amortización,9M 2021,False
Mega,2021-09-30,data/raw/pdf/Mega/49907/2021110471982_1.pdf,acumulado9m,comparativo,2020-01-01,2020-09-30,0,False,Depreciaciones,-2790372,39,pdfplumber,OK,depreciaciones,Depreciación y amortización,9M 2020,True
Mega,2021-09-30,data/raw/pdf/Mega/49907/2021110471982_1.pdf,trimestre,actual,2021-07-01,2021-09-30,0,False,Depreciaciones,-804644,39,pdfplumber,OK,depreciaciones,Depreciación y amortización,Q3 2021,False
Mega,2021-09-30,data/raw/pdf/Mega/49907/2021110471982_1.pdf,trimestre,comparativo,2020-07-01,2020-09-30,0,False,Depreciaciones,-934876,39,pdfplumber,OK,depreciaciones,Depreciación y amortización,Q3 2020,True
Mega,2021-09-30,data/raw/pdf/Mega/49907/2021110471982_1.pdf,acumulado9m,actual,2021-01-01,2021-09-30,1,False,Gastos del personal,-16278754,39,pdfplumber,OK,gastosdelpersonal,Personal,9M 2021,False
Mega,2021-09-30,data/raw/pdf/Mega/49907/2021110471982_1.pdf,acumulado9m,comparativo,2020-01-01,2020-09-30,1,False,Gastos del personal,-19794154,39,pdfplumber,OK,gastosdelpersonal,Personal,9M 2020,True
Mega,2021-09-30,data/raw/pdf/Mega/49907/2021110471982_1.pdf,trimestre,actual,2021-07-01,2021-09-30,1,False,Gastos del personal,-5074659,39,pdfplumber,OK,gastosdelpersonal,Personal,Q3 2021,False
Mega,2021-09-30,data/raw/pdf/Mega/49907/2021110471982_1.pdf,trimestre,comparativo,2020-07-01,2020-09-30,1,False,Gastos del personal,-5902548,39,pdfplumber,OK,gastosdelpersonal,Personal,Q3 2020,True
Mega,2021-09-30,data/raw/pdf/Mega/49907/2021110471982_1.pdf,acumulado9m,actual,2021-01-01,2021-09-30,2,False,Otros costos,-29383121,39,pdfplumber,OK,otroscostos,Otros costos,9M 2021,False
Mega,2021-09-30,data/raw/pdf/Mega/49907/2021110471982_1.pdf,acumulado9m,comparativo,2020-01-01,2020-09-30,2,False,Otros costos,-17368705,39,pdfplumber,OK,otroscostos,Otros costos,9M 2020,True
Mega,2021-09-30,data/raw/pdf/Mega/49907/2021110471982_1.pdf,trimestre,actual,2021-07-01,2021-09-30,2,False,Otros costos,-11575426,39,pdfplumber,OK,otroscostos,Otros costos,Q3 2021,False
Mega,2021-09-30,data/raw/pdf/Mega/49907/2021110471982_1.pdf,trimestre,comparativo,2020-07-01,2020-09-30,2,False,Otros costos,-3135101,39,pdfplumber,OK,otroscostos,Otros costos,Q3 2020,True
Mega,2021-12-31,data/raw/pdf/Mega/50699/EEFF.pdf,anual,actual,2021-01-01,2021-12-31,0,False,Depreciaciones,-3242668,42,ocr400,REVISAR,depreciaciones,Depreciación y amortización,FY2021,False
Mega,2021-12-31,data/raw/pdf/Mega/50699/EEFF.pdf,anual,comparativo,2020-01-01,2020-12-31,0,False,Depreciaciones,-3663286,42,ocr400,REVISAR,depreciaciones,Depreciación y amortización,FY2020,True
Mega,2021-12-31,data/raw/pdf/Mega/50699/EEFF.pdf,anual,actual,2021-01-01,2021-12-31,1,False,Gastos del personal,-24423611,42,ocr400,REVISAR,gastosdelpersonal,Personal,FY2021,False
Mega,2021-12-31,data/raw/pdf/Mega/50699/EEFF.pdf,anual,comparativo,2020-01-01,2020-12-31,1,False,Gastos del personal,-25552759,42,ocr400,REVISAR,gastosdelpersonal,Personal,FY2020,True
Mega,2021-12-31,data/raw/pdf/Mega/50699/EEFF.pdf,anual,actual,2021-01-01,2021-12-31,2,False,Costos de producción y otros,-38969685,42,ocr400,REVISAR,costosdeproduccionyotros,Contenidos y producción,FY2021,False
Mega,2021-12-31,data/raw/pdf/Mega/50699/EEFF.pdf,anual,comparativo,2020-01-01,2020-12-31,2,False,Costos de producción y otros,-26256808,42,ocr400,REVISAR,costosdeproduccionyotros,Contenidos y producción,FY2020,True
Mega,2022-03-31,data/raw/pdf/Mega/51272/Ficha y Notas Megamedia S.A. 31.03.2022.pdf,trimestre,actual,2022-01-01,2022-03-31,0,False,Depreciaciones,-862137,38,pdfplumber,OK,depreciaciones,Depreciación y amortización,Q1 2022,False
Mega,2022-03-31,data/raw/pdf/Mega/51272/Ficha y Notas Megamedia S.A. 31.03.2022.pdf,trimestre,comparativo,2021-01-01,2021-03-31,0,False,Depreciaciones,-810114,38,pdfplumber,OK,depreciaciones,Depreciación y amortización,Q1 2021,True
Mega,2022-03-31,data/raw/pdf/Mega/51272/Ficha y Notas Megamedia S.A. 31.03.2022.pdf,trimestre,actual,2022-01-01,2022-03-31,1,False,Gastos del personal,-5643966,38,pdfplumber,OK,gastosdelpersonal,Personal,Q1 2022,False
Mega,2022-03-31,data/raw/pdf/Mega/51272/Ficha y Notas Megamedia S.A. 31.03.2022.pdf,trimestre,comparativo,2021-01-01,2021-03-31,1,False,Gastos del personal,-5687375,38,pdfplumber,OK,gastosdelpersonal,Personal,Q1 2021,True
Mega,2022-03-31,data/raw/pdf/Mega/51272/Ficha y Notas Megamedia S.A. 31.03.2022.pdf,trimestre,actual,2022-01-01,2022-03-31,2,False,Costos de producción y otros,-10003517,38,pdfplumber,OK,costosdeproduccionyotros,Contenidos y producción,Q1 2022,False
Mega,2022-03-31,data/raw/pdf/Mega/51272/Ficha y Notas Megamedia S.A. 31.03.2022.pdf,trimestre,comparativo,2021-01-01,2021-03-31,2,False,Costos de producción y otros,-6417175,38,pdfplumber,OK,costosdeproduccionyotros,Contenidos y producción,Q1 2021,True
Mega,2022-06-30,data/raw/pdf/Mega/53293/2022090356584_1.pdf,semestre,actual,2022-01-01,2022-06-30,0,False,Depreciaciones,-1683914,41,pdfplumber,OK,depreciaciones,Depreciación y amortización,H1 2022,False
Mega,2022-06-30,data/raw/pdf/Mega/53293/2022090356584_1.pdf,semestre,comparativo,2021-01-01,2021-06-30,0,False,Depreciaciones,-1616905,41,pdfplumber,OK,depreciaciones,Depreciación y amortización,H1 2021,True
Mega,2022-06-30,data/raw/pdf/Mega/53293/2022090356584_1.pdf,trimestre,actual,2022-04-01,2022-06-30,0,False,Depreciaciones,-821777,41,pdfplumber,OK,depreciaciones,Depreciación y amortización,Q2 2022,False
Mega,2022-06-30,data/raw/pdf/Mega/53293/2022090356584_1.pdf,trimestre,comparativo,2021-04-01,2021-06-30,0,False,Depreciaciones,-806791,41,pdfplumber,OK,depreciaciones,Depreciación y amortización,Q2 2021,True
Mega,2022-06-30,data/raw/pdf/Mega/53293/2022090356584_1.pdf,semestre,actual,2022-01-01,2022-06-30,1,False,Gastos del personal,-10802079,41,pdfplumber,OK,gastosdelpersonal,Personal,H1 2022,False
Mega,2022-06-30,data/raw/pdf/Mega/53293/2022090356584_1.pdf,semestre,comparativo,2021-01-01,2021-06-30,1,False,Gastos del personal,-11204095,41,pdfplumber,OK,gastosdelpersonal,Personal,H1 2021,True
Mega,2022-06-30,data/raw/pdf/Mega/53293/2022090356584_1.pdf,trimestre,actual,2022-04-01,2022-06-30,1,False,Gastos del personal,-5158113,41,pdfplumber,OK,gastosdelpersonal,Personal,Q2 2022,False
Mega,2022-06-30,data/raw/pdf/Mega/53293/2022090356584_1.pdf,trimestre,comparativo,2021-04-01,2021-06-30,1,False,Gastos del personal,-5516720,41,pdfplumber,OK,gastosdelpersonal,Personal,Q2 2021,True
Mega,2022-06-30,data/raw/pdf/Mega/53293/2022090356584_1.pdf,semestre,actual,2022-01-01,2022-06-30,2,False,Costos de producción y otros,-21238612,41,pdfplumber,OK,costosdeproduccionyotros,Contenidos y producción,H1 2022,False
Mega,2022-06-30,data/raw/pdf/Mega/53293/2022090356584_1.pdf,semestre,comparativo,2021-01-01,2021-06-30,2,False,Costos de producción y otros,-17807695,41,pdfplumber,OK,costosdeproduccionyotros,Contenidos y producción,H1 2021,True
Mega,2022-06-30,data/raw/pdf/Mega/53293/2022090356584_1.pdf,trimestre,actual,2022-04-01,2022-06-30,2,False,Costos de producción y otros,-11235095,41,pdfplumber,OK,costosdeproduccionyotros,Contenidos y producción,Q2 2022,False
Mega,2022-06-30,data/raw/pdf/Mega/53293/2022090356584_1.pdf,trimestre,comparativo,2021-04-01,2021-06-30,2,False,Costos de producción y otros,-11390520,41,pdfplumber,OK,costosdeproduccionyotros,Contenidos y producción,Q2 2021,True
Mega,2022-09-30,data/raw/pdf/Mega/57125/2022110448272_0.pdf,acumulado9m,actual,2022-01-01,2022-09-30,0,False,Depreciaciones,-2474103,38,pdfplumber,OK,depreciaciones,Depreciación y amortización,9M 2022,False
Mega,2022-09-30,data/raw/pdf/Mega/57125/2022110448272_0.pdf,acumulado9m,comparativo,2021-01-01,2021-09-30,0,False,Depreciaciones,-2421549,38,pdfplumber,OK,depreciaciones,Depreciación y amortización,9M 2021,True
Mega,2022-09-30,data/raw/pdf/Mega/57125/2022110448272_0.pdf,trimestre,actual,2022-07-01,2022-09-30,0,False,Depreciaciones,-790189,38,pdfplumber,OK,depreciaciones,Depreciación y amortización,Q3 2022,False
Mega,2022-09-30,data/raw/pdf/Mega/57125/2022110448272_0.pdf,trimestre,comparativo,2021-07-01,2021-09-30,0,False,Depreciaciones,-804644,38,pdfplumber,OK,depreciaciones,Depreciación y amortización,Q3 2021,True
Mega,2022-09-30,data/raw/pdf/Mega/57125/2022110448272_0.pdf,acumulado9m,actual,2022-01-01,2022-09-30,1,False,Gastos del personal,-17863858,38,pdfplumber,OK,gastosdelpersonal,Personal,9M 2022,False
Mega,2022-09-30,data/raw/pdf/Mega/57125/2022110448272_0.pdf,acumulado9m,comparativo,2021-01-01,2021-09-30,1,False,Gastos del personal,-16278754,38,pdfplumber,OK,gastosdelpersonal,Personal,9M 2021,True
Mega,2022-09-30,data/raw/pdf/Mega/57125/2022110448272_0.pdf,trimestre,actual,2022-07-01,2022-09-30,1,False,Gastos del personal,-7061779,38,pdfplumber,OK,gastosdelpersonal,Personal,Q3 2022,False
Mega,2022-09-30,data/raw/pdf/Mega/57125/2022110448272_0.pdf,trimestre,comparativo,2021-07-01,2021-09-30,1,False,Gastos del personal,-5074659,38,pdfplumber,OK,gastosdelpersonal,Personal,Q3 2021,True
Mega,2022-09-30,data/raw/pdf/Mega/57125/2022110448272_0.pdf,acumulado9m,actual,2022-01-01,2022-09-30,2,False,Costos de producción y otros,-32551410,38,pdfplumber,OK,costosdeproduccionyotros,Contenidos y producción,9M 2022,False
Mega,2022-09-30,data/raw/pdf/Mega/57125/2022110448272_0.pdf,acumulado9m,comparativo,2021-01-01,2021-09-30,2,False,Costos de producción y otros,-29383121,38,pdfplumber,OK,costosdeproduccionyotros,Contenidos y producción,9M 2021,True
Mega,2022-09-30,data/raw/pdf/Mega/57125/2022110448272_0.pdf,trimestre,actual,2022-07-01,2022-09-30,2,False,Costos de producción y otros,-11312798,38,pdfplumber,OK,costosdeproduccionyotros,Contenidos y producción,Q3 2022,False
Mega,2022-09-30,data/raw/pdf/Mega/57125/2022110448272_0.pdf,trimestre,comparativo,2021-07-01,2021-09-30,2,False,Costos de producción y otros,-11575426,38,pdfplumber,OK,costosdeproduccionyotros,Contenidos y producción,Q3 2021,True
Mega,2022-12-31,data/raw/pdf/Mega/68984/2023030137794_1.pdf,anual,actual,2022-01-01,2022-12-31,0,False,Depreciaciones,-3270435,42,pdfplumber,OK,depreciaciones,Depreciación y amortización,FY2022,False
Mega,2022-12-31,data/raw/pdf/Mega/68984/2023030137794_1.pdf,anual,comparativo,2021-01-01,2021-12-31,0,False,Depreciaciones,-3242668,42,pdfplumber,OK,depreciaciones,Depreciación y amortización,FY2021,True
Mega,2022-12-31,data/raw/pdf/Mega/68984/2023030137794_1.pdf,anual,actual,2022-01-01,2022-12-31,1,False,Gastos del personal,-24772181,42,pdfplumber,OK,gastosdelpersonal,Personal,FY2022,False
Mega,2022-12-31,data/raw/pdf/Mega/68984/2023030137794_1.pdf,anual,comparativo,2021-01-01,2021-12-31,1,False,Gastos del personal,-24423611,42,pdfplumber,OK,gastosdelpersonal,Personal,FY2021,True
Mega,2022-12-31,data/raw/pdf/Mega/68984/2023030137794_1.pdf,anual,actual,2022-01-01,2022-12-31,2,False,Costos de producción y otros,-42302287,42,pdfplumber,OK,costosdeproduccionyotros,Contenidos y producción,FY2022,False
Mega,2022-12-31,data/raw/pdf/Mega/68984/2023030137794_1.pdf,anual,comparativo,2021-01-01,2021-12-31,2,False,Costos de producción y otros,-38969685,42,pdfplumber,OK,costosdeproduccionyotros,Contenidos y producción,FY2021,True
Mega,2023-03-31,data/raw/pdf/Mega/70646/2023050231873_1.pdf,trimestre,actual,2023-01-01,2023-03-31,0,False,Depreciaciones,-819203,38,pdfplumber,OK,depreciaciones,Depreciación y amortización,Q1 2023,False
Mega,2023-03-31,data/raw/pdf/Mega/70646/2023050231873_1.pdf,trimestre,comparativo,2022-01-01,2022-03-31,0,False,Depreciaciones,-862137,38,pdfplumber,OK,depreciaciones,Depreciación y amortización,Q1 2022,True
Mega,2023-03-31,data/raw/pdf/Mega/70646/2023050231873_1.pdf,trimestre,actual,2023-01-01,2023-03-31,1,False,Gastos del personal,-5471869,38,pdfplumber,OK,gastosdelpersonal,Personal,Q1 2023,False
Mega,2023-03-31,data/raw/pdf/Mega/70646/2023050231873_1.pdf,trimestre,comparativo,2022-01-01,2022-03-31,1,False,Gastos del personal,-5643966,38,pdfplumber,OK,gastosdelpersonal,Personal,Q1 2022,True
Mega,2023-03-31,data/raw/pdf/Mega/70646/2023050231873_1.pdf,trimestre,actual,2023-01-01,2023-03-31,2,False,Costos de producción y otros,-10779617,38,pdfplumber,OK,costosdeproduccionyotros,Contenidos y producción,Q1 2023,False
Mega,2023-03-31,data/raw/pdf/Mega/70646/2023050231873_1.pdf,trimestre,comparativo,2022-01-01,2022-03-31,2,False,Costos de producción y otros,-10003517,38,pdfplumber,OK,costosdeproduccionyotros,Contenidos y producción,Q1 2022,True
Mega,2023-06-30,data/raw/pdf/Mega/73702/2023090392195-2 Megamedia S.A. Ficha y notas al 30.06.2023.pdf,semestre,actual,2023-01-01,2023-06-30,0,False,Depreciaciones,-1577406,41,pdfplumber,OK,depreciaciones,Depreciación y amortización,H1 2023,False
Mega,2023-06-30,data/raw/pdf/Mega/73702/2023090392195-2 Megamedia S.A. Ficha y notas al 30.06.2023.pdf,semestre,comparativo,2022-01-01,2022-06-30,0,False,Depreciaciones,-1683914,41,pdfplumber,OK,depreciaciones,Depreciación y amortización,H1 2022,True
Mega,2023-06-30,data/raw/pdf/Mega/73702/2023090392195-2 Megamedia S.A. Ficha y notas al 30.06.2023.pdf,trimestre,actual,2023-04-01,2023-06-30,0,False,Depreciaciones,-758203,41,pdfplumber,OK,depreciaciones,Depreciación y amortización,Q2 2023,False
Mega,2023-06-30,data/raw/pdf/Mega/73702/2023090392195-2 Megamedia S.A. Ficha y notas al 30.06.2023.pdf,trimestre,comparativo,2022-04-01,2022-06-30,0,False,Depreciaciones,-821777,41,pdfplumber,OK,depreciaciones,Depreciación y amortización,Q2 2022,True
Mega,2023-06-30,data/raw/pdf/Mega/73702/2023090392195-2 Megamedia S.A. Ficha y notas al 30.06.2023.pdf,semestre,actual,2023-01-01,2023-06-30,1,False,Gastos del personal,-12718509,41,pdfplumber,OK,gastosdelpersonal,Personal,H1 2023,False
Mega,2023-06-30,data/raw/pdf/Mega/73702/2023090392195-2 Megamedia S.A. Ficha y notas al 30.06.2023.pdf,semestre,comparativo,2022-01-01,2022-06-30,1,False,Gastos del personal,-12007417,41,pdfplumber,OK,gastosdelpersonal,Personal,H1 2022,True
Mega,2023-06-30,data/raw/pdf/Mega/73702/2023090392195-2 Megamedia S.A. Ficha y notas al 30.06.2023.pdf,trimestre,actual,2023-04-01,2023-06-30,1,False,Gastos del personal,-7246640,41,pdfplumber,OK,gastosdelpersonal,Personal,Q2 2023,False
Mega,2023-06-30,data/raw/pdf/Mega/73702/2023090392195-2 Megamedia S.A. Ficha y notas al 30.06.2023.pdf,trimestre,comparativo,2022-04-01,2022-06-30,1,False,Gastos del personal,-6363451,41,pdfplumber,OK,gastosdelpersonal,Personal,Q2 2022,True
Mega,2023-06-30,data/raw/pdf/Mega/73702/2023090392195-2 Megamedia S.A. Ficha y notas al 30.06.2023.pdf,semestre,actual,2023-01-01,2023-06-30,2,False,Costos de producción y otros,-21321430,41,pdfplumber,OK,costosdeproduccionyotros,Contenidos y producción,H1 2023,False
Mega,2023-06-30,data/raw/pdf/Mega/73702/2023090392195-2 Megamedia S.A. Ficha y notas al 30.06.2023.pdf,semestre,comparativo,2022-01-01,2022-06-30,2,False,Costos de producción y otros,-20033274,41,pdfplumber,OK,costosdeproduccionyotros,Contenidos y producción,H1 2022,True
Mega,2023-06-30,data/raw/pdf/Mega/73702/2023090392195-2 Megamedia S.A. Ficha y notas al 30.06.2023.pdf,trimestre,actual,2023-04-01,2023-06-30,2,False,Costos de producción y otros,-10541813,41,pdfplumber,OK,costosdeproduccionyotros,Contenidos y producción,Q2 2023,False
Mega,2023-06-30,data/raw/pdf/Mega/73702/2023090392195-2 Megamedia S.A. Ficha y notas al 30.06.2023.pdf,trimestre,comparativo,2022-04-01,2022-06-30,2,False,Costos de producción y otros,-10029757,41,pdfplumber,OK,costosdeproduccionyotros,Contenidos y producción,Q2 2022,True
Mega,2023-09-30,data/raw/pdf/Mega/75893/2023110516283_2.pdf,acumulado9m,actual,2023-01-01,2023-09-30,0,False,Depreciaciones,-2328353,39,pdfplumber,OK,depreciaciones,Depreciación y amortización,9M 2023,True
Mega,2023-09-30,data/raw/pdf/Mega/75893/2023110516283_2.pdf,acumulado9m,comparativo,2022-01-01,2022-09-30,0,False,Depreciaciones,-2474103,39,pdfplumber,OK,depreciaciones,Depreciación y amortización,9M 2022,True
Mega,2023-09-30,data/raw/pdf/Mega/75893/2023110516283_2.pdf,trimestre,actual,2023-07-01,2023-09-30,0,False,Depreciaciones,-750947,39,pdfplumber,OK,depreciaciones,Depreciación y amortización,Q3 2023,True
Mega,2023-09-30,data/raw/pdf/Mega/75893/2023110516283_2.pdf,trimestre,comparativo,2022-07-01,2022-09-30,0,False,Depreciaciones,-790189,39,pdfplumber,OK,depreciaciones,Depreciación y amortización,Q3 2022,True
Mega,2023-09-30,data/raw/pdf/Mega/75893/2023110516283_2.pdf,acumulado9m,actual,2023-01-01,2023-09-30,1,False,Gastos del personal,-19117045,39,pdfplumber,OK,gastosdelpersonal,Personal,9M 2023,True
Mega,2023-09-30,data/raw/pdf/Mega/75893/2023110516283_2.pdf,acumulado9m,comparativo,2022-01-01,2022-09-30,1,False,Gastos del personal,-19549211,39,pdfplumber,OK,gastosdelpersonal,Personal,9M 2022,True
Mega,2023-09-30,data/raw/pdf/Mega/75893/2023110516283_2.pdf,trimestre,actual,2023-07-01,2023-09-30,1,False,Gastos del personal,-6398536,39,pdfplumber,OK,gastosdelpersonal,Personal,Q3 2023,True
Mega,2023-09-30,data/raw/pdf/Mega/75893/2023110516283_2.pdf,trimestre,comparativo,2022-07-01,2022-09-30,1,False,Gastos del personal,-7541794,39,pdfplumber,OK,gastosdelpersonal,Personal,Q3 2022,True
Mega,2023-09-30,data/raw/pdf/Mega/75893/2023110516283_2.pdf,acumulado9m,actual,2023-01-01,2023-09-30,2,False,Costos de producción y otros,-31406126,39,pdfplumber,OK,costosdeproduccionyotros,Contenidos y producción,9M 2023,True
Mega,2023-09-30,data/raw/pdf/Mega/75893/2023110516283_2.pdf,acumulado9m,comparativo,2022-01-01,2022-09-30,2,False,Costos de producción y otros,-30866057,39,pdfplumber,OK,costosdeproduccionyotros,Contenidos y producción,9M 2022,True
Mega,2023-09-30,data/raw/pdf/Mega/75893/2023110516283_2.pdf,trimestre,actual,2023-07-01,2023-09-30,2,False,Costos de producción y otros,-10084696,39,pdfplumber,OK,costosdeproduccionyotros,Contenidos y producción,Q3 2023,True
Mega,2023-09-30,data/raw/pdf/Mega/75893/2023110516283_2.pdf,trimestre,comparativo,2022-07-01,2022-09-30,2,False,Costos de producción y otros,-10832783,39,pdfplumber,OK,costosdeproduccionyotros,Contenidos y producción,Q3 2022,True
Mega,2023-12-31,data/raw/pdf/Mega/79942/2024030188005_2.pdf,anual,actual,2023-01-01,2023-12-31,0,False,Depreciaciones,-3067381,44,pdfplumber,OK,depreciaciones,Depreciación y amortización,FY2023,False
Mega,2023-12-31,data/raw/pdf/Mega/79942/2024030188005_2.pdf,anual,comparativo,2022-01-01,2022-12-31,0,False,Depreciaciones,-3270435,44,pdfplumber,OK,depreciaciones,Depreciación y amortización,FY2022,True
Mega,2023-12-31,data/raw/pdf/Mega/79942/2024030188005_2.pdf,anual,actual,2023-01-01,2023-12-31,1,False,Gastos del personal,-25833396,44,pdfplumber,OK,gastosdelpersonal,Personal,FY2023,False
Mega,2023-12-31,data/raw/pdf/Mega/79942/2024030188005_2.pdf,anual,comparativo,2022-01-01,2022-12-31,1,False,Gastos del personal,-26508205,44,pdfplumber,OK,gastosdelpersonal,Personal,FY2022,True
Mega,2023-12-31,data/raw/pdf/Mega/79942/2024030188005_2.pdf,anual,actual,2023-01-01,2023-12-31,2,False,Costos de producción y otros,-41372392,44,pdfplumber,OK,costosdeproduccionyotros,Contenidos y producción,FY2023,False
Mega,2023-12-31,data/raw/pdf/Mega/79942/2024030188005_2.pdf,anual,comparativo,2022-01-01,2022-12-31,2,False,Costos de producción y otros,-40566263,44,pdfplumber,OK,costosdeproduccionyotros,Contenidos y producción,FY2022,True
Mega,2024-03-31,data/raw/pdf/Mega/82007/Estados financieros consolidados_1.pdf,trimestre,actual,2024-01-01,2024-03-31,0,False,Depreciaciones,-737611,40,pdfplumber,OK,depreciaciones,Depreciación y amortización,Q1 2024,False
Mega,2024-03-31,data/raw/pdf/Mega/82007/Estados financieros consolidados_1.pdf,trimestre,comparativo,2023-01-01,2023-03-31,0,False,Depreciaciones,-819203,40,pdfplumber,OK,depreciaciones,Depreciación y amortización,Q1 2023,True
Mega,2024-03-31,data/raw/pdf/Mega/82007/Estados financieros consolidados_1.pdf,trimestre,actual,2024-01-01,2024-03-31,1,False,Gastos del personal,-6653505,40,pdfplumber,OK,gastosdelpersonal,Personal,Q1 2024,False
Mega,2024-03-31,data/raw/pdf/Mega/82007/Estados financieros consolidados_1.pdf,trimestre,comparativo,2023-01-01,2023-03-31,1,False,Gastos del personal,-5971869,40,pdfplumber,OK,gastosdelpersonal,Personal,Q1 2023,True
Mega,2024-03-31,data/raw/pdf/Mega/82007/Estados financieros consolidados_1.pdf,trimestre,actual,2024-01-01,2024-03-31,2,False,Costos de producción y otros,-9931165,40,pdfplumber,OK,costosdeproduccionyotros,Contenidos y producción,Q1 2024,False
Mega,2024-03-31,data/raw/pdf/Mega/82007/Estados financieros consolidados_1.pdf,trimestre,comparativo,2023-01-01,2023-03-31,2,False,Costos de producción y otros,-10279617,40,pdfplumber,OK,costosdeproduccionyotros,Contenidos y producción,Q1 2023,True
Mega,2024-06-30,data/raw/pdf/Mega/85360/2024090483478_2.pdf,semestre,actual,2024-01-01,2024-06-30,0,False,Depreciaciones,-1456050,44,pdfplumber,OK,depreciaciones,Depreciación y amortización,H1 2024,False
Mega,2024-06-30,data/raw/pdf/Mega/85360/2024090483478_2.pdf,semestre,comparativo,2023-01-01,2023-06-30,0,False,Depreciaciones,-1577406,44,pdfplumber,OK,depreciaciones,Depreciación y amortización,H1 2023,True
Mega,2024-06-30,data/raw/pdf/Mega/85360/2024090483478_2.pdf,trimestre,actual,2024-04-01,2024-06-30,0,False,Depreciaciones,-718439,44,pdfplumber,OK,depreciaciones,Depreciación y amortización,Q2 2024,False
Mega,2024-06-30,data/raw/pdf/Mega/85360/2024090483478_2.pdf,trimestre,comparativo,2023-04-01,2023-06-30,0,False,Depreciaciones,-758203,44,pdfplumber,OK,depreciaciones,Depreciación y amortización,Q2 2023,True
Mega,2024-06-30,data/raw/pdf/Mega/85360/2024090483478_2.pdf,semestre,actual,2024-01-01,2024-06-30,1,False,Gastos del personal,-15533606,44,pdfplumber,OK,gastosdelpersonal,Personal,H1 2024,False
Mega,2024-06-30,data/raw/pdf/Mega/85360/2024090483478_2.pdf,semestre,comparativo,2023-01-01,2023-06-30,1,False,Gastos del personal,-12718509,44,pdfplumber,OK,gastosdelpersonal,Personal,H1 2023,True
Mega,2024-06-30,data/raw/pdf/Mega/85360/2024090483478_2.pdf,trimestre,actual,2024-04-01,2024-06-30,1,False,Gastos del personal,-8880101,44,pdfplumber,OK,gastosdelpersonal,Personal,Q2 2024,False
Mega,2024-06-30,data/raw/pdf/Mega/85360/2024090483478_2.pdf,trimestre,comparativo,2023-04-01,2023-06-30,1,False,Gastos del personal,-7246640,44,pdfplumber,OK,gastosdelpersonal,Personal,Q2 2023,True
Mega,2024-06-30,data/raw/pdf/Mega/85360/2024090483478_2.pdf,semestre,actual,2024-01-01,2024-06-30,2,False,Costo de producción y otros,-19474655,44,pdfplumber,OK,costodeproduccionyotros,Contenidos y producción,H1 2024,False
Mega,2024-06-30,data/raw/pdf/Mega/85360/2024090483478_2.pdf,semestre,comparativo,2023-01-01,2023-06-30,2,False,Costo de producción y otros,-21321430,44,pdfplumber,OK,costodeproduccionyotros,Contenidos y producción,H1 2023,True
Mega,2024-06-30,data/raw/pdf/Mega/85360/2024090483478_2.pdf,trimestre,actual,2024-04-01,2024-06-30,2,False,Costo de producción y otros,-9543490,44,pdfplumber,OK,costodeproduccionyotros,Contenidos y producción,Q2 2024,False
Mega,2024-06-30,data/raw/pdf/Mega/85360/2024090483478_2.pdf,trimestre,comparativo,2023-04-01,2023-06-30,2,False,Costo de producción y otros,-10541813,44,pdfplumber,OK,costodeproduccionyotros,Contenidos y producción,Q2 2023,True
Mega,2024-12-31,data/raw/pdf/Mega/93019/ESTADOS FINANCIEROS.pdf,anual,actual,2024-01-01,2024-12-31,0,False,Depreciaciones,-2783833,43,pdfplumber,OK,depreciaciones,Depreciación y amortización,FY2024,False
Mega,2024-12-31,data/raw/pdf/Mega/93019/ESTADOS FINANCIEROS.pdf,anual,comparativo,2023-01-01,2023-12-31,0,False,Depreciaciones,-3067381,43,pdfplumber,OK,depreciaciones,Depreciación y amortización,FY2023,True
Mega,2024-12-31,data/raw/pdf/Mega/93019/ESTADOS FINANCIEROS.pdf,anual,actual,2024-01-01,2024-12-31,1,False,Gastos del personal,-28723864,43,pdfplumber,OK,gastosdelpersonal,Personal,FY2024,False
Mega,2024-12-31,data/raw/pdf/Mega/93019/ESTADOS FINANCIEROS.pdf,anual,comparativo,2023-01-01,2023-12-31,1,False,Gastos del personal,-25833396,43,pdfplumber,OK,gastosdelpersonal,Personal,FY2023,True
Mega,2024-12-31,data/raw/pdf/Mega/93019/ESTADOS FINANCIEROS.pdf,anual,actual,2024-01-01,2024-12-31,2,False,Costo de producción y otros,-45522111,43,pdfplumber,OK,costodeproduccionyotros,Contenidos y producción,FY2024,False
Mega,2024-12-31,data/raw/pdf/Mega/93019/ESTADOS FINANCIEROS.pdf,anual,comparativo,2023-01-01,2023-12-31,2,False,Costo de producción y otros,-41372392,43,pdfplumber,OK,costodeproduccionyotros,Contenidos y producción,FY2023,True
Mega,2025-03-31,data/raw/pdf/Mega/95052/2025050382210_1 (1).pdf,trimestre,actual,2025-01-01,2025-03-31,0,False,Depreciaciones,-673684,40,pdfplumber,OK,depreciaciones,Depreciación y amortización,Q1 2025,False
Mega,2025-03-31,data/raw/pdf/Mega/95052/2025050382210_1 (1).pdf,trimestre,comparativo,2024-01-01,2024-03-31,0,False,Depreciaciones,-737611,40,pdfplumber,OK,depreciaciones,Depreciación y amortización,Q1 2024,True
Mega,2025-03-31,data/raw/pdf/Mega/95052/2025050382210_1 (1).pdf,trimestre,actual,2025-01-01,2025-03-31,1,False,Gastos del personal,-6921174,40,pdfplumber,OK,gastosdelpersonal,Personal,Q1 2025,False
Mega,2025-03-31,data/raw/pdf/Mega/95052/2025050382210_1 (1).pdf,trimestre,comparativo,2024-01-01,2024-03-31,1,False,Gastos del personal,-6653505,40,pdfplumber,OK,gastosdelpersonal,Personal,Q1 2024,True
Mega,2025-03-31,data/raw/pdf/Mega/95052/2025050382210_1 (1).pdf,trimestre,actual,2025-01-01,2025-03-31,2,False,Costo de producción y otros,-17555643,40,pdfplumber,OK,costodeproduccionyotros,Contenidos y producción,Q1 2025,False
Mega,2025-03-31,data/raw/pdf/Mega/95052/2025050382210_1 (1).pdf,trimestre,comparativo,2024-01-01,2024-03-31,2,False,Costo de producción y otros,-9931165,40,pdfplumber,OK,costodeproduccionyotros,Contenidos y producción,Q1 2024,True
Mega,2025-06-30,data/raw/pdf/Mega/98823/2025090625950_1.pdf,semestre,actual,2025-01-01,2025-06-30,0,False,Depreciación,-1353331,40,pdfplumber,OK,depreciacion,Depreciación y amortización,H1 2025,False
Mega,2025-06-30,data/raw/pdf/Mega/98823/2025090625950_1.pdf,semestre,comparativo,2024-01-01,2024-06-30,0,False,Depreciación,-1456050,40,pdfplumber,OK,depreciacion,Depreciación y amortización,H1 2024,True
Mega,2025-06-30,data/raw/pdf/Mega/98823/2025090625950_1.pdf,trimestre,actual,2025-04-01,2025-06-30,0,False,Depreciación,-679647,40,pdfplumber,OK,depreciacion,Depreciación y amortización,Q2 2025,False
Mega,2025-06-30,data/raw/pdf/Mega/98823/2025090625950_1.pdf,trimestre,comparativo,2024-04-01,2024-06-30,0,False,Depreciación,-718439,40,pdfplumber,OK,depreciacion,Depreciación y amortización,Q2 2024,True
Mega,2025-06-30,data/raw/pdf/Mega/98823/2025090625950_1.pdf,semestre,actual,2025-01-01,2025-06-30,1,False,Gastos del personal,-14519973,40,pdfplumber,OK,gastosdelpersonal,Personal,H1 2025,False
Mega,2025-06-30,data/raw/pdf/Mega/98823/2025090625950_1.pdf,semestre,comparativo,2024-01-01,2024-06-30,1,False,Gastos del personal,-14284862,40,pdfplumber,OK,gastosdelpersonal,Personal,H1 2024,True
Mega,2025-06-30,data/raw/pdf/Mega/98823/2025090625950_1.pdf,trimestre,actual,2025-04-01,2025-06-30,1,False,Gastos del personal,-7598799,40,pdfplumber,OK,gastosdelpersonal,Personal,Q2 2025,False
Mega,2025-06-30,data/raw/pdf/Mega/98823/2025090625950_1.pdf,trimestre,comparativo,2024-04-01,2024-06-30,1,False,Gastos del personal,-7631357,40,pdfplumber,OK,gastosdelpersonal,Personal,Q2 2024,True
Mega,2025-06-30,data/raw/pdf/Mega/98823/2025090625950_1.pdf,semestre,actual,2025-01-01,2025-06-30,2,False,Costo de producción y otros,-27146614,40,pdfplumber,OK,costodeproduccionyotros,Contenidos y producción,H1 2025,False
Mega,2025-06-30,data/raw/pdf/Mega/98823/2025090625950_1.pdf,semestre,comparativo,2024-01-01,2024-06-30,2,False,Costo de producción y otros,-20723399,40,pdfplumber,OK,costodeproduccionyotros,Contenidos y producción,H1 2024,True
Mega,2025-06-30,data/raw/pdf/Mega/98823/2025090625950_1.pdf,trimestre,actual,2025-04-01,2025-06-30,2,False,Costo de producción y otros,-9590971,40,pdfplumber,OK,costodeproduccionyotros,Contenidos y producción,Q2 2025,False
Mega,2025-06-30,data/raw/pdf/Mega/98823/2025090625950_1.pdf,trimestre,comparativo,2024-04-01,2024-06-30,2,False,Costo de producción y otros,-10792234,40,pdfplumber,OK,costodeproduccionyotros,Contenidos y producción,Q2 2024,True
Mega,2025-09-30,data/raw/pdf/Mega/101641/Estados financieros.pdf,acumulado9m,actual,2025-01-01,2025-09-30,0,False,Depreciación,-2044312,39,pdfplumber,OK,depreciacion,Depreciación y amortización,9M 2025,True
Mega,2025-09-30,data/raw/pdf/Mega/101641/Estados financieros.pdf,acumulado9m,comparativo,2024-01-01,2024-09-30,0,False,Depreciación,-2112374,39,pdfplumber,OK,depreciacion,Depreciación y amortización,9M 2024,True
Mega,2025-09-30,data/raw/pdf/Mega/101641/Estados financieros.pdf,trimestre,actual,2025-07-01,2025-09-30,0,False,Depreciación,-690981,39,pdfplumber,OK,depreciacion,Depreciación y amortización,Q3 2025,True
Mega,2025-09-30,data/raw/pdf/Mega/101641/Estados financieros.pdf,trimestre,comparativo,2024-07-01,2024-09-30,0,False,Depreciación,-656324,39,pdfplumber,OK,depreciacion,Depreciación y amortización,Q3 2024,True
Mega,2025-09-30,data/raw/pdf/Mega/101641/Estados financieros.pdf,acumulado9m,actual,2025-01-01,2025-09-30,1,False,Gastos del personal,-23214719,39,pdfplumber,OK,gastosdelpersonal,Personal,9M 2025,True
Mega,2025-09-30,data/raw/pdf/Mega/101641/Estados financieros.pdf,acumulado9m,comparativo,2024-01-01,2024-09-30,1,False,Gastos del personal,-21509340,39,pdfplumber,OK,gastosdelpersonal,Personal,9M 2024,True
Mega,2025-09-30,data/raw/pdf/Mega/101641/Estados financieros.pdf,trimestre,actual,2025-07-01,2025-09-30,1,False,Gastos del personal,-8694746,39,pdfplumber,OK,gastosdelpersonal,Personal,Q3 2025,True
Mega,2025-09-30,data/raw/pdf/Mega/101641/Estados financieros.pdf,trimestre,comparativo,2024-07-01,2024-09-30,1,False,Gastos del personal,-5975734,39,pdfplumber,OK,gastosdelpersonal,Personal,Q3 2024,True
Mega,2025-09-30,data/raw/pdf/Mega/101641/Estados financieros.pdf,acumulado9m,actual,2025-01-01,2025-09-30,2,False,Costo de producción y otros,-35212689,39,pdfplumber,OK,costodeproduccionyotros,Contenidos y producción,9M 2025,True
Mega,2025-09-30,data/raw/pdf/Mega/101641/Estados financieros.pdf,acumulado9m,comparativo,2024-01-01,2024-09-30,2,False,Costo de producción y otros,-31924057,39,pdfplumber,OK,costodeproduccionyotros,Contenidos y producción,9M 2024,True
Mega,2025-09-30,data/raw/pdf/Mega/101641/Estados financieros.pdf,trimestre,actual,2025-07-01,2025-09-30,2,False,Costo de producción y otros,-8066075,39,pdfplumber,OK,costodeproduccionyotros,Contenidos y producción,Q3 2025,True
Mega,2025-09-30,data/raw/pdf/Mega/101641/Estados financieros.pdf,trimestre,comparativo,2024-07-01,2024-09-30,2,False,Costo de producción y otros,-12449402,39,pdfplumber,OK,costodeproduccionyotros,Contenidos y producción,Q3 2024,True
Mega,2025-12-31,data/raw/pdf/Mega/109207/2026030222620_1.pdf,anual,actual,2025-01-01,2025-12-31,0,False,Depreciación,-2791858,41,pdfplumber,OK,depreciacion,Depreciación y amortización,FY2025,True
Mega,2025-12-31,data/raw/pdf/Mega/109207/2026030222620_1.pdf,anual,comparativo,2024-01-01,2024-12-31,0,False,Depreciación,-2783833,41,pdfplumber,OK,depreciacion,Depreciación y amortización,FY2024,True
Mega,2025-12-31,data/raw/pdf/Mega/109207/2026030222620_1.pdf,anual,actual,2025-01-01,2025-12-31,1,False,Gastos del personal,-32304230,41,pdfplumber,OK,gastosdelpersonal,Personal,FY2025,True
Mega,2025-12-31,data/raw/pdf/Mega/109207/2026030222620_1.pdf,anual,comparativo,2024-01-01,2024-12-31,1,False,Gastos del personal,-28723864,41,pdfplumber,OK,gastosdelpersonal,Personal,FY2024,True
Mega,2025-12-31,data/raw/pdf/Mega/109207/2026030222620_1.pdf,anual,actual,2025-01-01,2025-12-31,2,False,Costo de producción y otros,-44343347,41,pdfplumber,OK,costodeproduccionyotros,Contenidos y producción,FY2025,True
Mega,2025-12-31,data/raw/pdf/Mega/109207/2026030222620_1.pdf,anual,comparativo,2024-01-01,2024-12-31,2,False,Costo de producción y otros,-45522111,41,pdfplumber,OK,costodeproduccionyotros,Contenidos y producción,FY2024,True
Mega,2026-03-31,data/raw/pdf/Mega/111125/2026050359100_1.pdf,trimestre,actual,2026-01-01,2026-03-31,0,False,Depreciación,-804634,39,pdfplumber,OK,depreciacion,Depreciación y amortización,Q1 2026,True
Mega,2026-03-31,data/raw/pdf/Mega/111125/2026050359100_1.pdf,trimestre,comparativo,2025-01-01,2025-03-31,0,False,Depreciación,-673684,39,pdfplumber,OK,depreciacion,Depreciación y amortización,Q1 2025,True
Mega,2026-03-31,data/raw/pdf/Mega/111125/2026050359100_1.pdf,trimestre,actual,2026-01-01,2026-03-31,1,False,Gastos del personal,-8517196,39,pdfplumber,OK,gastosdelpersonal,Personal,Q1 2026,True
Mega,2026-03-31,data/raw/pdf/Mega/111125/2026050359100_1.pdf,trimestre,comparativo,2025-01-01,2025-03-31,1,False,Gastos del personal,-6921174,39,pdfplumber,OK,gastosdelpersonal,Personal,Q1 2025,True
Mega,2026-03-31,data/raw/pdf/Mega/111125/2026050359100_1.pdf,trimestre,actual,2026-01-01,2026-03-31,2,False,Costo de producción y otros,-17322356,39,pdfplumber,OK,costodeproduccionyotros,Contenidos y producción,Q1 2026,True
Mega,2026-03-31,data/raw/pdf/Mega/111125/2026050359100_1.pdf,trimestre,comparativo,2025-01-01,2025-03-31,2,False,Costo de producción y otros,-17555643,39,pdfplumber,OK,costodeproduccionyotros,Contenidos y producción,Q1 2025,True
Mega,2026-06-30,data/raw/pdf/Mega/113710/2026090594478-1.pdf,semestre,actual,2026-01-01,2026-06-30,0,False,Depreciación,-1636193,41,pdfplumber,OK,depreciacion,Depreciación y amortización,H1 2026,True
Mega,2026-06-30,data/raw/pdf/Mega/113710/2026090594478-1.pdf,semestre,comparativo,2025-01-01,2025-06-30,0,False,Depreciación,-1353331,41,pdfplumber,OK,depreciacion,Depreciación y amortización,H1 2025,True
Mega,2026-06-30,data/raw/pdf/Mega/113710/2026090594478-1.pdf,trimestre,actual,2026-04-01,2026-06-30,0,False,Depreciación,-831559,41,pdfplumber,OK,depreciacion,Depreciación y amortización,Q2 2026,True
Mega,2026-06-30,data/raw/pdf/Mega/113710/2026090594478-1.pdf,trimestre,comparativo,2025-04-01,2025-06-30,0,False,Depreciación,-679647,41,pdfplumber,OK,depreciacion,Depreciación y amortización,Q2 2025,True
Mega,2026-06-30,data/raw/pdf/Mega/113710/2026090594478-1.pdf,semestre,actual,2026-01-01,2026-06-30,1,False,Gastos del personal,-17815043,41,pdfplumber,OK,gastosdelpersonal,Personal,H1 2026,True
Mega,2026-06-30,data/raw/pdf/Mega/113710/2026090594478-1.pdf,semestre,comparativo,2025-01-01,2025-06-30,1,False,Gastos del personal,-14519973,41,pdfplumber,OK,gastosdelpersonal,Personal,H1 2025,True
Mega,2026-06-30,data/raw/pdf/Mega/113710/2026090594478-1.pdf,trimestre,actual,2026-04-01,2026-06-30,1,False,Gastos del personal,-9297847,41,pdfplumber,OK,gastosdelpersonal,Personal,Q2 2026,True
Mega,2026-06-30,data/raw/pdf/Mega/113710/2026090594478-1.pdf,trimestre,comparativo,2025-04-01,2025-06-30,1,False,Gastos del personal,-7598799,41,pdfplumber,OK,gastosdelpersonal,Personal,Q2 2025,True
Mega,2026-06-30,data/raw/pdf/Mega/113710/2026090594478-1.pdf,semestre,actual,2026-01-01,2026-06-30,2,False,Costo de producción y otros,-28732058,41,pdfplumber,OK,costodeproduccionyotros,Contenidos y producción,H1 2026,True
Mega,2026-06-30,data/raw/pdf/Mega/113710/2026090594478-1.pdf,semestre,comparativo,2025-01-01,2025-06-30,2,False,Costo de producción y otros,-27146614,41,pdfplumber,OK,costodeproduccionyotros,Contenidos y producción,H1 2025,True
Mega,2026-06-30,data/raw/pdf/Mega/113710/2026090594478-1.pdf,trimestre,actual,2026-04-01,2026-06-30,2,False,Costo de producción y otros,-11409702,41,pdfplumber,OK,costodeproduccionyotros,Contenidos y producción,Q2 2026,True
Mega,2026-06-30,data/raw/pdf/Mega/113710/2026090594478-1.pdf,trimestre,comparativo,2025-04-01,2025-06-30,2,False,Costo de producción y otros,-9590971,41,pdfplumber,OK,costodeproduccionyotros,Contenidos y producción,Q2 2025,True
TV+,2017-12-31,data/raw/pdf/TV+/29081/articles-29081_recurso_1.pdf,anual,actual,2017-01-01,2017-12-31,0,False,Producciones de Programas,354031,37,ocr,OK,produccionesdeprogramas,Contenidos y producción,FY2017,True
TV+,2017-12-31,data/raw/pdf/TV+/29081/articles-29081_recurso_1.pdf,anual,actual,2017-01-01,2017-12-31,1,False,Remuneraciones Personal Operativo,257976,37,ocr,OK,remuneracionespersonaloperativo,Personal,FY2017,True
TV+,2017-12-31,data/raw/pdf/TV+/29081/articles-29081_recurso_1.pdf,anual,actual,2017-01-01,2017-12-31,2,False,Derechos Material Importado,165708,37,ocr,OK,derechosmaterialimportado,Contenidos y producción,FY2017,True
TV+,2017-12-31,data/raw/pdf/TV+/29081/articles-29081_recurso_1.pdf,anual,actual,2017-01-01,2017-12-31,3,False,Comisión Agencia,149123,37,ocr,OK,comisionagencia,Comercialización de audiencias,FY2017,True
TV+,2017-12-31,data/raw/pdf/TV+/29081/articles-29081_recurso_1.pdf,anual,actual,2017-01-01,2017-12-31,4,False,Medición Publicitaria,97319,37,ocr,OK,medicionpublicitaria,Comercialización de audiencias,FY2017,True
TV+,2017-12-31,data/raw/pdf/TV+/29081/articles-29081_recurso_1.pdf,anual,actual,2017-01-01,2017-12-31,5,False,Gastos Operaciones,177437,37,ocr,OK,gastosoperaciones,Otros costos,FY2017,True
TV+,2019-12-31,data/raw/pdf/TV+/28568/archivo(2).pdf,anual,actual,2019-01-01,2019-12-31,0,False,Producción de programas,930672,38,pdfplumber,OK,producciondeprogramas,Contenidos y producción,FY2019,False
TV+,2019-12-31,data/raw/pdf/TV+/28568/archivo(2).pdf,anual,comparativo,2018-01-01,2018-12-31,0,False,Producción de programas,1001063,38,pdfplumber,OK,producciondeprogramas,Contenidos y producción,FY2018,True
TV+,2019-12-31,data/raw/pdf/TV+/28568/archivo(2).pdf,anual,actual,2019-01-01,2019-12-31,1,False,Remuneración personal operativo,500080,38,pdfplumber,OK,remuneracionpersonaloperativo,Personal,FY2019,False
TV+,2019-12-31,data/raw/pdf/TV+/28568/archivo(2).pdf,anual,comparativo,2018-01-01,2018-12-31,1,False,Remuneración personal operativo,501665,38,pdfplumber,OK,remuneracionpersonaloperativo,Personal,FY2018,True
TV+,2019-12-31,data/raw/pdf/TV+/28568/archivo(2).pdf,anual,actual,2019-01-01,2019-12-31,2,False,Amortización derecho material y concesiones,68695,38,pdfplumber,OK,amortizacionderechomaterialyconcesiones,Contenidos y producción,FY2019,False
TV+,2019-12-31,data/raw/pdf/TV+/28568/archivo(2).pdf,anual,comparativo,2018-01-01,2018-12-31,2,False,Amortización derecho material y concesiones,135570,38,pdfplumber,OK,amortizacionderechomaterialyconcesiones,Contenidos y producción,FY2018,True
TV+,2019-12-31,data/raw/pdf/TV+/28568/archivo(2).pdf,anual,actual,2019-01-01,2019-12-31,3,False,Comisión de agencia,203233,38,pdfplumber,OK,comisiondeagencia,Comercialización de audiencias,FY2019,False
TV+,2019-12-31,data/raw/pdf/TV+/28568/archivo(2).pdf,anual,comparativo,2018-01-01,2018-12-31,3,False,Comisión de agencia,239729,38,pdfplumber,OK,comisiondeagencia,Comercialización de audiencias,FY2018,True
TV+,2019-12-31,data/raw/pdf/TV+/28568/archivo(2).pdf,anual,actual,2019-01-01,2019-12-31,4,False,Medición publicitaria,198897,38,pdfplumber,OK,medicionpublicitaria,Comercialización de audiencias,FY2019,False
TV+,2019-12-31,data/raw/pdf/TV+/28568/archivo(2).pdf,anual,comparativo,2018-01-01,2018-12-31,4,False,Medición publicitaria,206568,38,pdfplumber,OK,medicionpublicitaria,Comercialización de audiencias,FY2018,True
TV+,2019-12-31,data/raw/pdf/TV+/28568/archivo(2).pdf,anual,actual,2019-01-01,2019-12-31,5,False,Arriendos de estudios y sitios de transmisión,43989,38,pdfplumber,OK,arriendosdeestudiosysitiosdetransmision,Técnica y transmisión,FY2019,False
TV+,2019-12-31,data/raw/pdf/TV+/28568/archivo(2).pdf,anual,comparativo,2018-01-01,2018-12-31,5,False,Arriendos de estudios y sitios de transmisión,46118,38,pdfplumber,OK,arriendosdeestudiosysitiosdetransmision,Técnica y transmisión,FY2018,True
TV+,2019-12-31,data/raw/pdf/TV+/28568/archivo(2).pdf,anual,actual,2019-01-01,2019-12-31,6,False,"Depreciación de propiedad, planta y equipos",350921,38,pdfplumber,OK,"depreciaciondepropiedad,plantayequipos",Depreciación y amortización,FY2019,False
TV+,2019-12-31,data/raw/pdf/TV+/28568/archivo(2).pdf,anual,comparativo,2018-01-01,2018-12-31,6,False,"Depreciación de propiedad, planta y equipos",206980,38,pdfplumber,OK,"depreciaciondepropiedad,plantayequipos",Depreciación y amortización,FY2018,True
TV+,2019-12-31,data/raw/pdf/TV+/28568/archivo(2).pdf,anual,actual,2019-01-01,2019-12-31,7,False,Gastos comunes,64053,38,pdfplumber,OK,gastoscomunes,Otros costos,FY2019,False
TV+,2019-12-31,data/raw/pdf/TV+/28568/archivo(2).pdf,anual,comparativo,2018-01-01,2018-12-31,7,False,Gastos comunes,60289,38,pdfplumber,OK,gastoscomunes,Otros costos,FY2018,True
TV+,2019-12-31,data/raw/pdf/TV+/28568/archivo(2).pdf,anual,actual,2019-01-01,2019-12-31,8,False,Servicios de red,92976,38,pdfplumber,OK,serviciosdered,Técnica y transmisión,FY2019,False
TV+,2019-12-31,data/raw/pdf/TV+/28568/archivo(2).pdf,anual,comparativo,2018-01-01,2018-12-31,8,False,Servicios de red,148424,38,pdfplumber,OK,serviciosdered,Técnica y transmisión,FY2018,True
TV+,2019-12-31,data/raw/pdf/TV+/28568/archivo(2).pdf,anual,actual,2019-01-01,2019-12-31,9,False,Derechos varios,84009,38,pdfplumber,OK,derechosvarios,Contenidos y producción,FY2019,False
TV+,2019-12-31,data/raw/pdf/TV+/28568/archivo(2).pdf,anual,comparativo,2018-01-01,2018-12-31,9,False,Derechos varios,65405,38,pdfplumber,OK,derechosvarios,Contenidos y producción,FY2018,True
TV+,2019-12-31,data/raw/pdf/TV+/28568/archivo(2).pdf,anual,actual,2019-01-01,2019-12-31,10,False,Otros costos operacionales,139835,38,pdfplumber,OK,otroscostosoperacionales,Otros costos,FY2019,False
TV+,2019-12-31,data/raw/pdf/TV+/28568/archivo(2).pdf,anual,comparativo,2018-01-01,2018-12-31,10,False,Otros costos operacionales,89121,38,pdfplumber,OK,otroscostosoperacionales,Otros costos,FY2018,True
TV+,2019-12-31,data/raw/pdf/TV+/28568/archivo(2).pdf,anual,actual,2019-01-01,2019-12-31,11,False,Servicio verificación,36726,38,pdfplumber,OK,servicioverificacion,Comercialización de audiencias,FY2019,False
TV+,2019-12-31,data/raw/pdf/TV+/28568/archivo(2).pdf,anual,comparativo,2018-01-01,2018-12-31,11,False,Servicio verificación,0,38,pdfplumber,OK,servicioverificacion,Comercialización de audiencias,FY2018,True
TV+,2019-12-31,data/raw/pdf/TV+/28568/archivo(2).pdf,anual,actual,2019-01-01,2019-12-31,12,False,Costo Publisher,179162,38,pdfplumber,OK,costopublisher,Comercialización de audiencias,FY2019,False
TV+,2019-12-31,data/raw/pdf/TV+/28568/archivo(2).pdf,anual,comparativo,2018-01-01,2018-12-31,12,False,Costo Publisher,198545,38,pdfplumber,OK,costopublisher,Comercialización de audiencias,FY2018,True
TV+,2020-06-30,data/raw/pdf/TV+/29825/4.pdf,semestre,actual,2020-01-01,2020-06-30,0,False,Producción de programas,498236,39,pdfplumber,OK,producciondeprogramas,Contenidos y producción,H1 2020,False
TV+,2020-06-30,data/raw/pdf/TV+/29825/4.pdf,semestre,comparativo,2019-01-01,2019-06-30,0,False,Producción de programas,538458,39,pdfplumber,OK,producciondeprogramas,Contenidos y producción,H1 2019,True
TV+,2020-06-30,data/raw/pdf/TV+/29825/4.pdf,trimestre,actual,2020-04-01,2020-06-30,0,False,Producción de programas,223861,39,pdfplumber,OK,producciondeprogramas,Contenidos y producción,Q2 2020,True
TV+,2020-06-30,data/raw/pdf/TV+/29825/4.pdf,trimestre,comparativo,2019-04-01,2019-06-30,0,False,Producción de programas,298648,39,pdfplumber,OK,producciondeprogramas,Contenidos y producción,Q2 2019,True
TV+,2020-06-30,data/raw/pdf/TV+/29825/4.pdf,semestre,actual,2020-01-01,2020-06-30,1,False,Remuneraciones del personal,170529,39,pdfplumber,OK,remuneracionesdelpersonal,Personal,H1 2020,False
TV+,2020-06-30,data/raw/pdf/TV+/29825/4.pdf,semestre,comparativo,2019-01-01,2019-06-30,1,False,Remuneraciones del personal,262975,39,pdfplumber,OK,remuneracionesdelpersonal,Personal,H1 2019,True
TV+,2020-06-30,data/raw/pdf/TV+/29825/4.pdf,trimestre,actual,2020-04-01,2020-06-30,1,False,Remuneraciones del personal,92139,39,pdfplumber,OK,remuneracionesdelpersonal,Personal,Q2 2020,True
TV+,2020-06-30,data/raw/pdf/TV+/29825/4.pdf,trimestre,comparativo,2019-04-01,2019-06-30,1,False,Remuneraciones del personal,155485,39,pdfplumber,OK,remuneracionesdelpersonal,Personal,Q2 2019,True
TV+,2020-06-30,data/raw/pdf/TV+/29825/4.pdf,semestre,actual,2020-01-01,2020-06-30,2,False,Amortización derecho material,114691,39,pdfplumber,OK,amortizacionderechomaterial,Contenidos y producción,H1 2020,False
TV+,2020-06-30,data/raw/pdf/TV+/29825/4.pdf,semestre,comparativo,2019-01-01,2019-06-30,2,False,Amortización derecho material,110281,39,pdfplumber,OK,amortizacionderechomaterial,Contenidos y producción,H1 2019,True
TV+,2020-06-30,data/raw/pdf/TV+/29825/4.pdf,trimestre,actual,2020-04-01,2020-06-30,2,False,Amortización derecho material,62734,39,pdfplumber,OK,amortizacionderechomaterial,Contenidos y producción,Q2 2020,True
TV+,2020-06-30,data/raw/pdf/TV+/29825/4.pdf,trimestre,comparativo,2019-04-01,2019-06-30,2,False,Amortización derecho material,57223,39,pdfplumber,OK,amortizacionderechomaterial,Contenidos y producción,Q2 2019,True
TV+,2020-06-30,data/raw/pdf/TV+/29825/4.pdf,semestre,actual,2020-01-01,2020-06-30,3,False,Comisión agencia,115237,39,pdfplumber,OK,comisionagencia,Comercialización de audiencias,H1 2020,False
TV+,2020-06-30,data/raw/pdf/TV+/29825/4.pdf,semestre,comparativo,2019-01-01,2019-06-30,3,False,Comisión agencia,90407,39,pdfplumber,OK,comisionagencia,Comercialización de audiencias,H1 2019,True
TV+,2020-06-30,data/raw/pdf/TV+/29825/4.pdf,trimestre,actual,2020-04-01,2020-06-30,3,False,Comisión agencia,51102,39,pdfplumber,OK,comisionagencia,Comercialización de audiencias,Q2 2020,True
TV+,2020-06-30,data/raw/pdf/TV+/29825/4.pdf,trimestre,comparativo,2019-04-01,2019-06-30,3,False,Comisión agencia,47360,39,pdfplumber,OK,comisionagencia,Comercialización de audiencias,Q2 2019,True
TV+,2020-06-30,data/raw/pdf/TV+/29825/4.pdf,semestre,actual,2020-01-01,2020-06-30,4,False,Medición publicitaria,200953,39,pdfplumber,OK,medicionpublicitaria,Comercialización de audiencias,H1 2020,False
TV+,2020-06-30,data/raw/pdf/TV+/29825/4.pdf,semestre,comparativo,2019-01-01,2019-06-30,4,False,Medición publicitaria,81566,39,pdfplumber,OK,medicionpublicitaria,Comercialización de audiencias,H1 2019,True
TV+,2020-06-30,data/raw/pdf/TV+/29825/4.pdf,trimestre,actual,2020-04-01,2020-06-30,4,False,Medición publicitaria,70198,39,pdfplumber,OK,medicionpublicitaria,Comercialización de audiencias,Q2 2020,True
TV+,2020-06-30,data/raw/pdf/TV+/29825/4.pdf,trimestre,comparativo,2019-04-01,2019-06-30,4,False,Medición publicitaria,41551,39,pdfplumber,OK,medicionpublicitaria,Comercialización de audiencias,Q2 2019,True
TV+,2020-06-30,data/raw/pdf/TV+/29825/4.pdf,semestre,actual,2020-01-01,2020-06-30,5,False,Arriendo de estudios y sitios de transmisión,33604,39,pdfplumber,OK,arriendodeestudiosysitiosdetransmision,Técnica y transmisión,H1 2020,False
TV+,2020-06-30,data/raw/pdf/TV+/29825/4.pdf,semestre,comparativo,2019-01-01,2019-06-30,5,False,Arriendo de estudios y sitios de transmisión,22899,39,pdfplumber,OK,arriendodeestudiosysitiosdetransmision,Técnica y transmisión,H1 2019,True
TV+,2020-06-30,data/raw/pdf/TV+/29825/4.pdf,trimestre,actual,2020-04-01,2020-06-30,5,False,Arriendo de estudios y sitios de transmisión,17714,39,pdfplumber,OK,arriendodeestudiosysitiosdetransmision,Técnica y transmisión,Q2 2020,True
TV+,2020-06-30,data/raw/pdf/TV+/29825/4.pdf,trimestre,comparativo,2019-04-01,2019-06-30,5,False,Arriendo de estudios y sitios de transmisión,10588,39,pdfplumber,OK,arriendodeestudiosysitiosdetransmision,Técnica y transmisión,Q2 2019,True
TV+,2020-06-30,data/raw/pdf/TV+/29825/4.pdf,semestre,actual,2020-01-01,2020-06-30,6,False,Depreciación de propiedad planta y equipos,188606,39,pdfplumber,OK,depreciaciondepropiedadplantayequipos,Depreciación y amortización,H1 2020,False
TV+,2020-06-30,data/raw/pdf/TV+/29825/4.pdf,semestre,comparativo,2019-01-01,2019-06-30,6,False,Depreciación de propiedad planta y equipos,169409,39,pdfplumber,OK,depreciaciondepropiedadplantayequipos,Depreciación y amortización,H1 2019,True
TV+,2020-06-30,data/raw/pdf/TV+/29825/4.pdf,trimestre,actual,2020-04-01,2020-06-30,6,False,Depreciación de propiedad planta y equipos,95073,39,pdfplumber,OK,depreciaciondepropiedadplantayequipos,Depreciación y amortización,Q2 2020,True
TV+,2020-06-30,data/raw/pdf/TV+/29825/4.pdf,trimestre,comparativo,2019-04-01,2019-06-30,6,False,Depreciación de propiedad planta y equipos,90032,39,pdfplumber,OK,depreciaciondepropiedadplantayequipos,Depreciación y amortización,Q2 2019,True
TV+,2020-06-30,data/raw/pdf/TV+/29825/4.pdf,semestre,actual,2020-01-01,2020-06-30,7,False,Servicios de red,20912,39,pdfplumber,OK,serviciosdered,Técnica y transmisión,H1 2020,False
TV+,2020-06-30,data/raw/pdf/TV+/29825/4.pdf,semestre,comparativo,2019-01-01,2019-06-30,7,False,Servicios de red,36165,39,pdfplumber,OK,serviciosdered,Técnica y transmisión,H1 2019,True
TV+,2020-06-30,data/raw/pdf/TV+/29825/4.pdf,trimestre,actual,2020-04-01,2020-06-30,7,False,Servicios de red,11407,39,pdfplumber,OK,serviciosdered,Técnica y transmisión,Q2 2020,True
TV+,2020-06-30,data/raw/pdf/TV+/29825/4.pdf,trimestre,comparativo,2019-04-01,2019-06-30,7,False,Servicios de red,17429,39,pdfplumber,OK,serviciosdered,Técnica y transmisión,Q2 2019,True
TV+,2020-06-30,data/raw/pdf/TV+/29825/4.pdf,semestre,actual,2020-01-01,2020-06-30,8,False,Derechos varios,47538,39,pdfplumber,OK,derechosvarios,Contenidos y producción,H1 2020,False
TV+,2020-06-30,data/raw/pdf/TV+/29825/4.pdf,semestre,comparativo,2019-01-01,2019-06-30,8,False,Derechos varios,46242,39,pdfplumber,OK,derechosvarios,Contenidos y producción,H1 2019,True
TV+,2020-06-30,data/raw/pdf/TV+/29825/4.pdf,trimestre,actual,2020-04-01,2020-06-30,8,False,Derechos varios,23383,39,pdfplumber,OK,derechosvarios,Contenidos y producción,Q2 2020,True
TV+,2020-06-30,data/raw/pdf/TV+/29825/4.pdf,trimestre,comparativo,2019-04-01,2019-06-30,8,False,Derechos varios,28588,39,pdfplumber,OK,derechosvarios,Contenidos y producción,Q2 2019,True
TV+,2020-06-30,data/raw/pdf/TV+/29825/4.pdf,semestre,actual,2020-01-01,2020-06-30,9,False,Servicio verificación,18824,39,pdfplumber,OK,servicioverificacion,Comercialización de audiencias,H1 2020,False
TV+,2020-06-30,data/raw/pdf/TV+/29825/4.pdf,semestre,comparativo,2019-01-01,2019-06-30,9,False,Servicio verificación,18223,39,pdfplumber,OK,servicioverificacion,Comercialización de audiencias,H1 2019,True
TV+,2020-06-30,data/raw/pdf/TV+/29825/4.pdf,trimestre,actual,2020-04-01,2020-06-30,9,False,Servicio verificación,9461,39,pdfplumber,OK,servicioverificacion,Comercialización de audiencias,Q2 2020,True
TV+,2020-06-30,data/raw/pdf/TV+/29825/4.pdf,trimestre,comparativo,2019-04-01,2019-06-30,9,False,Servicio verificación,9129,39,pdfplumber,OK,servicioverificacion,Comercialización de audiencias,Q2 2019,True
TV+,2020-06-30,data/raw/pdf/TV+/29825/4.pdf,semestre,actual,2020-01-01,2020-06-30,10,False,Costo publisher,115217,39,pdfplumber,OK,costopublisher,Comercialización de audiencias,H1 2020,False
TV+,2020-06-30,data/raw/pdf/TV+/29825/4.pdf,semestre,comparativo,2019-01-01,2019-06-30,10,False,Costo publisher,70748,39,pdfplumber,OK,costopublisher,Comercialización de audiencias,H1 2019,True
TV+,2020-06-30,data/raw/pdf/TV+/29825/4.pdf,trimestre,actual,2020-04-01,2020-06-30,10,False,Costo publisher,51082,39,pdfplumber,OK,costopublisher,Comercialización de audiencias,Q2 2020,True
TV+,2020-06-30,data/raw/pdf/TV+/29825/4.pdf,trimestre,comparativo,2019-04-01,2019-06-30,10,False,Costo publisher,38105,39,pdfplumber,OK,costopublisher,Comercialización de audiencias,Q2 2019,True
TV+,2020-06-30,data/raw/pdf/TV+/29825/4.pdf,semestre,actual,2020-01-01,2020-06-30,11,False,Otros costos,25804,39,pdfplumber,OK,otroscostos,Otros costos,H1 2020,False
TV+,2020-06-30,data/raw/pdf/TV+/29825/4.pdf,semestre,comparativo,2019-01-01,2019-06-30,11,False,Otros costos,118682,39,pdfplumber,OK,otroscostos,Otros costos,H1 2019,True
TV+,2020-06-30,data/raw/pdf/TV+/29825/4.pdf,trimestre,actual,2020-04-01,2020-06-30,11,False,Otros costos,14570,39,pdfplumber,OK,otroscostos,Otros costos,Q2 2020,True
TV+,2020-06-30,data/raw/pdf/TV+/29825/4.pdf,trimestre,comparativo,2019-04-01,2019-06-30,11,False,Otros costos,84422,39,pdfplumber,OK,otroscostos,Otros costos,Q2 2019,True
TV+,2020-09-30,data/raw/pdf/TV+/38817/2020110477430_3.pdf,acumulado9m,actual,2020-01-01,2020-09-30,0,False,Producción de programas,552661,37,pdfplumber,OK,producciondeprogramas,Contenidos y producción,9M 2020,False
TV+,2020-09-30,data/raw/pdf/TV+/38817/2020110477430_3.pdf,acumulado9m,comparativo,2019-01-01,2019-09-30,0,False,Producción de programas,780581,37,pdfplumber,OK,producciondeprogramas,Contenidos y producción,9M 2019,True
TV+,2020-09-30,data/raw/pdf/TV+/38817/2020110477430_3.pdf,acumulado9m,actual,2020-01-01,2020-09-30,1,False,Remuneración personal operativo,280327,37,pdfplumber,OK,remuneracionpersonaloperativo,Personal,9M 2020,False
TV+,2020-09-30,data/raw/pdf/TV+/38817/2020110477430_3.pdf,acumulado9m,comparativo,2019-01-01,2019-09-30,1,False,Remuneración personal operativo,383511,37,pdfplumber,OK,remuneracionpersonaloperativo,Personal,9M 2019,True
TV+,2020-09-30,data/raw/pdf/TV+/38817/2020110477430_3.pdf,acumulado9m,actual,2020-01-01,2020-09-30,2,False,Derecho Material Importado,175711,37,pdfplumber,OK,derechomaterialimportado,Contenidos y producción,9M 2020,False
TV+,2020-09-30,data/raw/pdf/TV+/38817/2020110477430_3.pdf,acumulado9m,comparativo,2019-01-01,2019-09-30,2,False,Derecho Material Importado,140205,37,pdfplumber,OK,derechomaterialimportado,Contenidos y producción,9M 2019,True
TV+,2020-09-30,data/raw/pdf/TV+/38817/2020110477430_3.pdf,acumulado9m,actual,2020-01-01,2020-09-30,3,False,Comisión de agencia,203820,37,pdfplumber,OK,comisiondeagencia,Comercialización de audiencias,9M 2020,False
TV+,2020-09-30,data/raw/pdf/TV+/38817/2020110477430_3.pdf,acumulado9m,comparativo,2019-01-01,2019-09-30,3,False,Comisión de agencia,148655,37,pdfplumber,OK,comisiondeagencia,Comercialización de audiencias,9M 2019,True
TV+,2020-09-30,data/raw/pdf/TV+/38817/2020110477430_3.pdf,acumulado9m,actual,2020-01-01,2020-09-30,4,False,Medición publicitaria,152685,37,pdfplumber,OK,medicionpublicitaria,Comercialización de audiencias,9M 2020,False
TV+,2020-09-30,data/raw/pdf/TV+/38817/2020110477430_3.pdf,acumulado9m,comparativo,2019-01-01,2019-09-30,4,False,Medición publicitaria,148672,37,pdfplumber,OK,medicionpublicitaria,Comercialización de audiencias,9M 2019,True
TV+,2020-09-30,data/raw/pdf/TV+/38817/2020110477430_3.pdf,acumulado9m,actual,2020-01-01,2020-09-30,5,False,Otros costos,191571,37,pdfplumber,OK,otroscostos,Otros costos,9M 2020,False
TV+,2020-09-30,data/raw/pdf/TV+/38817/2020110477430_3.pdf,acumulado9m,comparativo,2019-01-01,2019-09-30,5,False,Otros costos,162091,37,pdfplumber,OK,otroscostos,Otros costos,9M 2019,True
TV+,2020-09-30,data/raw/pdf/TV+/38817/2020110477430_3.pdf,acumulado9m,actual,2020-01-01,2020-09-30,6,False,Arriendo de estudios y sitios de transmisión,47021,37,pdfplumber,OK,arriendodeestudiosysitiosdetransmision,Técnica y transmisión,9M 2020,False
TV+,2020-09-30,data/raw/pdf/TV+/38817/2020110477430_3.pdf,acumulado9m,comparativo,2019-01-01,2019-09-30,6,False,Arriendo de estudios y sitios de transmisión,33937,37,pdfplumber,OK,arriendodeestudiosysitiosdetransmision,Técnica y transmisión,9M 2019,True
TV+,2020-09-30,data/raw/pdf/TV+/38817/2020110477430_3.pdf,acumulado9m,actual,2020-01-01,2020-09-30,7,False,"Depreciación de propiedad, plantas y equipos",269929,37,pdfplumber,OK,"depreciaciondepropiedad,plantasyequipos",Depreciación y amortización,9M 2020,False
TV+,2020-09-30,data/raw/pdf/TV+/38817/2020110477430_3.pdf,acumulado9m,comparativo,2019-01-01,2019-09-30,7,False,"Depreciación de propiedad, plantas y equipos",254943,37,pdfplumber,OK,"depreciaciondepropiedad,plantasyequipos",Depreciación y amortización,9M 2019,True
TV+,2020-09-30,data/raw/pdf/TV+/38817/2020110477430_3.pdf,acumulado9m,actual,2020-01-01,2020-09-30,8,False,Gastos canje VTR,152526,37,pdfplumber,OK,gastoscanjevtr,Canje,9M 2020,False
TV+,2020-09-30,data/raw/pdf/TV+/38817/2020110477430_3.pdf,acumulado9m,comparativo,2019-01-01,2019-09-30,8,False,Gastos canje VTR,0,37,pdfplumber,OK,gastoscanjevtr,Canje,9M 2019,True
TV+,2020-09-30,data/raw/pdf/TV+/38817/2020110477430_3.pdf,acumulado9m,actual,2020-01-01,2020-09-30,9,False,Servicios de red,60053,37,pdfplumber,OK,serviciosdered,Técnica y transmisión,9M 2020,False
TV+,2020-09-30,data/raw/pdf/TV+/38817/2020110477430_3.pdf,acumulado9m,comparativo,2019-01-01,2019-09-30,9,False,Servicios de red,52509,37,pdfplumber,OK,serviciosdered,Técnica y transmisión,9M 2019,True
TV+,2020-09-30,data/raw/pdf/TV+/38817/2020110477430_3.pdf,acumulado9m,actual,2020-01-01,2020-09-30,10,False,Derechos varios,51668,37,pdfplumber,OK,derechosvarios,Contenidos y producción,9M 2020,False
TV+,2020-09-30,data/raw/pdf/TV+/38817/2020110477430_3.pdf,acumulado9m,comparativo,2019-01-01,2019-09-30,10,False,Derechos varios,58341,37,pdfplumber,OK,derechosvarios,Contenidos y producción,9M 2019,True
TV+,2020-09-30,data/raw/pdf/TV+/38817/2020110477430_3.pdf,acumulado9m,actual,2020-01-01,2020-09-30,11,False,Servicio verificación,28289,37,pdfplumber,OK,servicioverificacion,Comercialización de audiencias,9M 2020,False
TV+,2020-09-30,data/raw/pdf/TV+/38817/2020110477430_3.pdf,acumulado9m,comparativo,2019-01-01,2019-09-30,11,False,Servicio verificación,27448,37,pdfplumber,OK,servicioverificacion,Comercialización de audiencias,9M 2019,True
TV+,2020-09-30,data/raw/pdf/TV+/38817/2020110477430_3.pdf,acumulado9m,actual,2020-01-01,2020-09-30,12,False,Costo Publisher,191624,37,pdfplumber,OK,costopublisher,Comercialización de audiencias,9M 2020,False
TV+,2020-09-30,data/raw/pdf/TV+/38817/2020110477430_3.pdf,acumulado9m,comparativo,2019-01-01,2019-09-30,12,False,Costo Publisher,129223,37,pdfplumber,OK,costopublisher,Comercialización de audiencias,9M 2019,True
TV+,2020-12-31,data/raw/pdf/TV+/47354/2021030116956_1.pdf,anual,actual,2020-01-01,2020-12-31,0,False,Producción de programas,1011015,37,pdfplumber,OK,producciondeprogramas,Contenidos y producción,FY2020,False
TV+,2020-12-31,data/raw/pdf/TV+/47354/2021030116956_1.pdf,anual,comparativo,2019-01-01,2019-12-31,0,False,Producción de programas,930672,37,pdfplumber,OK,producciondeprogramas,Contenidos y producción,FY2019,True
TV+,2020-12-31,data/raw/pdf/TV+/47354/2021030116956_1.pdf,anual,actual,2020-01-01,2020-12-31,1,False,Remuneración personal operativo,416759,37,pdfplumber,OK,remuneracionpersonaloperativo,Personal,FY2020,False
TV+,2020-12-31,data/raw/pdf/TV+/47354/2021030116956_1.pdf,anual,comparativo,2019-01-01,2019-12-31,1,False,Remuneración personal operativo,500080,37,pdfplumber,OK,remuneracionpersonaloperativo,Personal,FY2019,True
TV+,2020-12-31,data/raw/pdf/TV+/47354/2021030116956_1.pdf,anual,actual,2020-01-01,2020-12-31,2,False,Amortización derecho material y concesiones,268685,37,pdfplumber,OK,amortizacionderechomaterialyconcesiones,Contenidos y producción,FY2020,False
TV+,2020-12-31,data/raw/pdf/TV+/47354/2021030116956_1.pdf,anual,comparativo,2019-01-01,2019-12-31,2,False,Amortización derecho material y concesiones,68695,37,pdfplumber,OK,amortizacionderechomaterialyconcesiones,Contenidos y producción,FY2019,True
TV+,2020-12-31,data/raw/pdf/TV+/47354/2021030116956_1.pdf,anual,actual,2020-01-01,2020-12-31,3,False,Comisión agencia,334603,37,pdfplumber,OK,comisionagencia,Comercialización de audiencias,FY2020,False
TV+,2020-12-31,data/raw/pdf/TV+/47354/2021030116956_1.pdf,anual,comparativo,2019-01-01,2019-12-31,3,False,Comisión agencia,203333,37,pdfplumber,OK,comisionagencia,Comercialización de audiencias,FY2019,True
TV+,2020-12-31,data/raw/pdf/TV+/47354/2021030116956_1.pdf,anual,actual,2020-01-01,2020-12-31,4,False,Medición publicitaria,204417,37,pdfplumber,OK,medicionpublicitaria,Comercialización de audiencias,FY2020,False
TV+,2020-12-31,data/raw/pdf/TV+/47354/2021030116956_1.pdf,anual,comparativo,2019-01-01,2019-12-31,4,False,Medición publicitaria,198897,37,pdfplumber,OK,medicionpublicitaria,Comercialización de audiencias,FY2019,True
TV+,2020-12-31,data/raw/pdf/TV+/47354/2021030116956_1.pdf,anual,actual,2020-01-01,2020-12-31,5,False,Arriendo de estudios y sitio de transmisión,64444,37,pdfplumber,OK,arriendodeestudiosysitiodetransmision,Técnica y transmisión,FY2020,False
TV+,2020-12-31,data/raw/pdf/TV+/47354/2021030116956_1.pdf,anual,comparativo,2019-01-01,2019-12-31,5,False,Arriendo de estudios y sitio de transmisión,43989,37,pdfplumber,OK,arriendodeestudiosysitiodetransmision,Técnica y transmisión,FY2019,True
TV+,2020-12-31,data/raw/pdf/TV+/47354/2021030116956_1.pdf,anual,actual,2020-01-01,2020-12-31,6,False,"Depreciación de propiedad, plantas y equipos",348110,37,pdfplumber,OK,"depreciaciondepropiedad,plantasyequipos",Depreciación y amortización,FY2020,False
TV+,2020-12-31,data/raw/pdf/TV+/47354/2021030116956_1.pdf,anual,comparativo,2019-01-01,2019-12-31,6,False,"Depreciación de propiedad, plantas y equipos",350921,37,pdfplumber,OK,"depreciaciondepropiedad,plantasyequipos",Depreciación y amortización,FY2019,True
TV+,2020-12-31,data/raw/pdf/TV+/47354/2021030116956_1.pdf,anual,actual,2020-01-01,2020-12-31,7,False,Gastos comunes,45157,37,pdfplumber,OK,gastoscomunes,Otros costos,FY2020,False
TV+,2020-12-31,data/raw/pdf/TV+/47354/2021030116956_1.pdf,anual,comparativo,2019-01-01,2019-12-31,7,False,Gastos comunes,64053,37,pdfplumber,OK,gastoscomunes,Otros costos,FY2019,True
TV+,2020-12-31,data/raw/pdf/TV+/47354/2021030116956_1.pdf,anual,actual,2020-01-01,2020-12-31,8,False,Servicios de red,125239,37,pdfplumber,OK,serviciosdered,Técnica y transmisión,FY2020,False
TV+,2020-12-31,data/raw/pdf/TV+/47354/2021030116956_1.pdf,anual,comparativo,2019-01-01,2019-12-31,8,False,Servicios de red,92976,37,pdfplumber,OK,serviciosdered,Técnica y transmisión,FY2019,True
TV+,2020-12-31,data/raw/pdf/TV+/47354/2021030116956_1.pdf,anual,actual,2020-01-01,2020-12-31,9,False,Derechos varios,61629,37,pdfplumber,OK,derechosvarios,Contenidos y producción,FY2020,False
TV+,2020-12-31,data/raw/pdf/TV+/47354/2021030116956_1.pdf,anual,comparativo,2019-01-01,2019-12-31,9,False,Derechos varios,84009,37,pdfplumber,OK,derechosvarios,Contenidos y producción,FY2019,True
TV+,2020-12-31,data/raw/pdf/TV+/47354/2021030116956_1.pdf,anual,actual,2020-01-01,2020-12-31,10,False,Otros costos operacionales,122602,37,pdfplumber,OK,otroscostosoperacionales,Otros costos,FY2020,False
TV+,2020-12-31,data/raw/pdf/TV+/47354/2021030116956_1.pdf,anual,comparativo,2019-01-01,2019-12-31,10,False,Otros costos operacionales,139735,37,pdfplumber,OK,otroscostosoperacionales,Otros costos,FY2019,True
TV+,2020-12-31,data/raw/pdf/TV+/47354/2021030116956_1.pdf,anual,actual,2020-01-01,2020-12-31,11,False,Servicio verificación,37814,37,pdfplumber,OK,servicioverificacion,Comercialización de audiencias,FY2020,False
TV+,2020-12-31,data/raw/pdf/TV+/47354/2021030116956_1.pdf,anual,comparativo,2019-01-01,2019-12-31,11,False,Servicio verificación,36726,37,pdfplumber,OK,servicioverificacion,Comercialización de audiencias,FY2019,True
TV+,2020-12-31,data/raw/pdf/TV+/47354/2021030116956_1.pdf,anual,actual,2020-01-01,2020-12-31,12,False,Costo Publisher,313107,37,pdfplumber,OK,costopublisher,Comercialización de audiencias,FY2020,False
TV+,2020-12-31,data/raw/pdf/TV+/47354/2021030116956_1.pdf,anual,comparativo,2019-01-01,2019-12-31,12,False,Costo Publisher,179162,37,pdfplumber,OK,costopublisher,Comercialización de audiencias,FY2019,True
TV+,2021-03-31,data/raw/pdf/TV+/47719/2021050209482_4.pdf,trimestre,actual,2021-01-01,2021-03-31,0,False,Producción de programas,184461,34,pdfplumber,OK,producciondeprogramas,Contenidos y producción,Q1 2021,False
TV+,2021-03-31,data/raw/pdf/TV+/47719/2021050209482_4.pdf,trimestre,comparativo,2020-01-01,2020-03-31,0,False,Producción de programas,210240,34,pdfplumber,OK,producciondeprogramas,Contenidos y producción,Q1 2020,True
TV+,2021-03-31,data/raw/pdf/TV+/47719/2021050209482_4.pdf,trimestre,actual,2021-01-01,2021-03-31,1,False,Remuneración personal operativo,83773,34,pdfplumber,OK,remuneracionpersonaloperativo,Personal,Q1 2021,False
TV+,2021-03-31,data/raw/pdf/TV+/47719/2021050209482_4.pdf,trimestre,comparativo,2020-01-01,2020-03-31,1,False,Remuneración personal operativo,89488,34,pdfplumber,OK,remuneracionpersonaloperativo,Personal,Q1 2020,True
TV+,2021-03-31,data/raw/pdf/TV+/47719/2021050209482_4.pdf,trimestre,actual,2021-01-01,2021-03-31,2,False,Amortización derecho material y concesiones,36985,34,pdfplumber,OK,amortizacionderechomaterialyconcesiones,Contenidos y producción,Q1 2021,False
TV+,2021-03-31,data/raw/pdf/TV+/47719/2021050209482_4.pdf,trimestre,comparativo,2020-01-01,2020-03-31,2,False,Amortización derecho material y concesiones,51957,34,pdfplumber,OK,amortizacionderechomaterialyconcesiones,Contenidos y producción,Q1 2020,True
TV+,2021-03-31,data/raw/pdf/TV+/47719/2021050209482_4.pdf,trimestre,actual,2021-01-01,2021-03-31,3,False,Comisión agencia,86410,34,pdfplumber,OK,comisionagencia,Comercialización de audiencias,Q1 2021,False
TV+,2021-03-31,data/raw/pdf/TV+/47719/2021050209482_4.pdf,trimestre,comparativo,2020-01-01,2020-03-31,3,False,Comisión agencia,64135,34,pdfplumber,OK,comisionagencia,Comercialización de audiencias,Q1 2020,True
TV+,2021-03-31,data/raw/pdf/TV+/47719/2021050209482_4.pdf,trimestre,actual,2021-01-01,2021-03-31,4,False,Medición publicitaria,51732,34,pdfplumber,OK,medicionpublicitaria,Comercialización de audiencias,Q1 2021,False
TV+,2021-03-31,data/raw/pdf/TV+/47719/2021050209482_4.pdf,trimestre,comparativo,2020-01-01,2020-03-31,4,False,Medición publicitaria,50225,34,pdfplumber,OK,medicionpublicitaria,Comercialización de audiencias,Q1 2020,True
TV+,2021-03-31,data/raw/pdf/TV+/47719/2021050209482_4.pdf,trimestre,actual,2021-01-01,2021-03-31,5,False,Arriendo de estudios y sitio de transmisión,10459,34,pdfplumber,OK,arriendodeestudiosysitiodetransmision,Técnica y transmisión,Q1 2021,False
TV+,2021-03-31,data/raw/pdf/TV+/47719/2021050209482_4.pdf,trimestre,comparativo,2020-01-01,2020-03-31,5,False,Arriendo de estudios y sitio de transmisión,15890,34,pdfplumber,OK,arriendodeestudiosysitiodetransmision,Técnica y transmisión,Q1 2020,True
TV+,2021-03-31,data/raw/pdf/TV+/47719/2021050209482_4.pdf,trimestre,actual,2021-01-01,2021-03-31,6,False,"Depreciación de propiedad, plantas y equipos",86345,34,pdfplumber,OK,"depreciaciondepropiedad,plantasyequipos",Depreciación y amortización,Q1 2021,False
TV+,2021-03-31,data/raw/pdf/TV+/47719/2021050209482_4.pdf,trimestre,comparativo,2020-01-01,2020-03-31,6,False,"Depreciación de propiedad, plantas y equipos",93533,34,pdfplumber,OK,"depreciaciondepropiedad,plantasyequipos",Depreciación y amortización,Q1 2020,True
TV+,2021-03-31,data/raw/pdf/TV+/47719/2021050209482_4.pdf,trimestre,actual,2021-01-01,2021-03-31,7,False,Gastos canje VTR,50437,34,pdfplumber,OK,gastoscanjevtr,Canje,Q1 2021,False
TV+,2021-03-31,data/raw/pdf/TV+/47719/2021050209482_4.pdf,trimestre,comparativo,2020-01-01,2020-03-31,7,False,Gastos canje VTR,80530,34,pdfplumber,OK,gastoscanjevtr,Canje,Q1 2020,True
TV+,2021-03-31,data/raw/pdf/TV+/47719/2021050209482_4.pdf,trimestre,actual,2021-01-01,2021-03-31,8,False,Servicios de red,20560,34,pdfplumber,OK,serviciosdered,Técnica y transmisión,Q1 2021,False
TV+,2021-03-31,data/raw/pdf/TV+/47719/2021050209482_4.pdf,trimestre,comparativo,2020-01-01,2020-03-31,8,False,Servicios de red,0,34,pdfplumber,OK,serviciosdered,Técnica y transmisión,Q1 2020,True
TV+,2021-03-31,data/raw/pdf/TV+/47719/2021050209482_4.pdf,trimestre,actual,2021-01-01,2021-03-31,9,False,Derechos varios,15591,34,pdfplumber,OK,derechosvarios,Contenidos y producción,Q1 2021,False
TV+,2021-03-31,data/raw/pdf/TV+/47719/2021050209482_4.pdf,trimestre,comparativo,2020-01-01,2020-03-31,9,False,Derechos varios,17223,34,pdfplumber,OK,derechosvarios,Contenidos y producción,Q1 2020,True
TV+,2021-03-31,data/raw/pdf/TV+/47719/2021050209482_4.pdf,trimestre,actual,2021-01-01,2021-03-31,10,False,Otros costos operacionales,84575,34,pdfplumber,OK,otroscostosoperacionales,Otros costos,Q1 2021,False
TV+,2021-03-31,data/raw/pdf/TV+/47719/2021050209482_4.pdf,trimestre,comparativo,2020-01-01,2020-03-31,10,False,Otros costos operacionales,80708,34,pdfplumber,OK,otroscostosoperacionales,Otros costos,Q1 2020,True
TV+,2021-03-31,data/raw/pdf/TV+/47719/2021050209482_4.pdf,trimestre,actual,2021-01-01,2021-03-31,11,False,Servicio verificación,9624,34,pdfplumber,OK,servicioverificacion,Comercialización de audiencias,Q1 2021,False
TV+,2021-03-31,data/raw/pdf/TV+/47719/2021050209482_4.pdf,trimestre,comparativo,2020-01-01,2020-03-31,11,False,Servicio verificación,9363,34,pdfplumber,OK,servicioverificacion,Comercialización de audiencias,Q1 2020,True
TV+,2021-03-31,data/raw/pdf/TV+/47719/2021050209482_4.pdf,trimestre,actual,2021-01-01,2021-03-31,12,False,Costo Publisher,83109,34,pdfplumber,OK,costopublisher,Comercialización de audiencias,Q1 2021,False
TV+,2021-03-31,data/raw/pdf/TV+/47719/2021050209482_4.pdf,trimestre,comparativo,2020-01-01,2020-03-31,12,False,Costo Publisher,64135,34,pdfplumber,OK,costopublisher,Comercialización de audiencias,Q1 2020,True
TV+,2021-06-30,data/raw/pdf/TV+/49400/2021090374499_2 (1).pdf,semestre,actual,2021-01-01,2021-06-30,0,False,Material importado (*),121858,25,pdfplumber,REVISAR,materialimportado,Contenidos y producción,H1 2021,False
TV+,2021-06-30,data/raw/pdf/TV+/49400/2021090374499_2 (1).pdf,semestre,comparativo,2020-01-01,2020-06-30,0,False,Material importado (*),134814,25,pdfplumber,REVISAR,materialimportado,Contenidos y producción,H1 2020,True
TV+,2021-06-30,data/raw/pdf/TV+/49400/2021090374499_2 (1).pdf,semestre,actual,2021-01-01,2021-06-30,1,False,Material nacional (**),146999,25,pdfplumber,REVISAR,materialnacional,Contenidos y producción,H1 2021,False
TV+,2021-06-30,data/raw/pdf/TV+/49400/2021090374499_2 (1).pdf,semestre,comparativo,2020-01-01,2020-06-30,1,False,Material nacional (**),122298,25,pdfplumber,REVISAR,materialnacional,Contenidos y producción,H1 2020,True
TV+,2021-06-30,data/raw/pdf/TV+/49400/2021090374499_2 (1).pdf,semestre,actual,2021-01-01,2021-06-30,2,False,Concesiones de radiodifusión,36793,25,pdfplumber,REVISAR,concesionesderadiodifusion,Técnica y transmisión,H1 2021,False
TV+,2021-06-30,data/raw/pdf/TV+/49400/2021090374499_2 (1).pdf,semestre,comparativo,2020-01-01,2020-06-30,2,False,Concesiones de radiodifusión,36793,25,pdfplumber,REVISAR,concesionesderadiodifusion,Técnica y transmisión,H1 2020,True
TV+,2021-09-30,data/raw/pdf/TV+/49909/2021110473098_2 (1).pdf,acumulado9m,actual,2021-01-01,2021-09-30,0,False,Producción de programas,646507,33,pdfplumber,OK,producciondeprogramas,Contenidos y producción,9M 2021,False
TV+,2021-09-30,data/raw/pdf/TV+/49909/2021110473098_2 (1).pdf,acumulado9m,comparativo,2020-01-01,2020-09-30,0,False,Producción de programas,552661,33,pdfplumber,OK,producciondeprogramas,Contenidos y producción,9M 2020,True
TV+,2021-09-30,data/raw/pdf/TV+/49909/2021110473098_2 (1).pdf,acumulado9m,actual,2021-01-01,2021-09-30,1,False,Remuneración personal operativo,285706,33,pdfplumber,OK,remuneracionpersonaloperativo,Personal,9M 2021,False
TV+,2021-09-30,data/raw/pdf/TV+/49909/2021110473098_2 (1).pdf,acumulado9m,comparativo,2020-01-01,2020-09-30,1,False,Remuneración personal operativo,280327,33,pdfplumber,OK,remuneracionpersonaloperativo,Personal,9M 2020,True
TV+,2021-09-30,data/raw/pdf/TV+/49909/2021110473098_2 (1).pdf,acumulado9m,actual,2021-01-01,2021-09-30,2,False,Derecho material importado,139063,33,pdfplumber,OK,derechomaterialimportado,Contenidos y producción,9M 2021,False
TV+,2021-09-30,data/raw/pdf/TV+/49909/2021110473098_2 (1).pdf,acumulado9m,comparativo,2020-01-01,2020-09-30,2,False,Derecho material importado,175711,33,pdfplumber,OK,derechomaterialimportado,Contenidos y producción,9M 2020,True
TV+,2021-09-30,data/raw/pdf/TV+/49909/2021110473098_2 (1).pdf,acumulado9m,actual,2021-01-01,2021-09-30,3,False,Comisión agencia,329574,33,pdfplumber,OK,comisionagencia,Comercialización de audiencias,9M 2021,False
TV+,2021-09-30,data/raw/pdf/TV+/49909/2021110473098_2 (1).pdf,acumulado9m,comparativo,2020-01-01,2020-09-30,3,False,Comisión agencia,203820,33,pdfplumber,OK,comisionagencia,Comercialización de audiencias,9M 2020,True
TV+,2021-09-30,data/raw/pdf/TV+/49909/2021110473098_2 (1).pdf,acumulado9m,actual,2021-01-01,2021-09-30,4,False,Medición publicitaria,184510,33,pdfplumber,OK,medicionpublicitaria,Comercialización de audiencias,9M 2021,False
TV+,2021-09-30,data/raw/pdf/TV+/49909/2021110473098_2 (1).pdf,acumulado9m,comparativo,2020-01-01,2020-09-30,4,False,Medición publicitaria,152685,33,pdfplumber,OK,medicionpublicitaria,Comercialización de audiencias,9M 2020,True
TV+,2021-09-30,data/raw/pdf/TV+/49909/2021110473098_2 (1).pdf,acumulado9m,actual,2021-01-01,2021-09-30,5,False,Otros costos,314412,33,pdfplumber,OK,otroscostos,Otros costos,9M 2021,False
TV+,2021-09-30,data/raw/pdf/TV+/49909/2021110473098_2 (1).pdf,acumulado9m,comparativo,2020-01-01,2020-09-30,5,False,Otros costos,191571,33,pdfplumber,OK,otroscostos,Otros costos,9M 2020,True
TV+,2021-09-30,data/raw/pdf/TV+/49909/2021110473098_2 (1).pdf,acumulado9m,actual,2021-01-01,2021-09-30,6,False,Arriendo de estudios y sitio de transmisión,36949,33,pdfplumber,OK,arriendodeestudiosysitiodetransmision,Técnica y transmisión,9M 2021,False
TV+,2021-09-30,data/raw/pdf/TV+/49909/2021110473098_2 (1).pdf,acumulado9m,comparativo,2020-01-01,2020-09-30,6,False,Arriendo de estudios y sitio de transmisión,47021,33,pdfplumber,OK,arriendodeestudiosysitiodetransmision,Técnica y transmisión,9M 2020,True
TV+,2021-09-30,data/raw/pdf/TV+/49909/2021110473098_2 (1).pdf,acumulado9m,actual,2021-01-01,2021-09-30,7,False,"Depreciación de propiedad, plantas y equipos",264324,33,pdfplumber,OK,"depreciaciondepropiedad,plantasyequipos",Depreciación y amortización,9M 2021,False
TV+,2021-09-30,data/raw/pdf/TV+/49909/2021110473098_2 (1).pdf,acumulado9m,comparativo,2020-01-01,2020-09-30,7,False,"Depreciación de propiedad, plantas y equipos",269929,33,pdfplumber,OK,"depreciaciondepropiedad,plantasyequipos",Depreciación y amortización,9M 2020,True
TV+,2021-09-30,data/raw/pdf/TV+/49909/2021110473098_2 (1).pdf,acumulado9m,actual,2021-01-01,2021-09-30,8,False,Gastos canje VTR,194590,33,pdfplumber,OK,gastoscanjevtr,Canje,9M 2021,False
TV+,2021-09-30,data/raw/pdf/TV+/49909/2021110473098_2 (1).pdf,acumulado9m,comparativo,2020-01-01,2020-09-30,8,False,Gastos canje VTR,152526,33,pdfplumber,OK,gastoscanjevtr,Canje,9M 2020,True
TV+,2021-09-30,data/raw/pdf/TV+/49909/2021110473098_2 (1).pdf,acumulado9m,actual,2021-01-01,2021-09-30,9,False,Servicios de red,79014,33,pdfplumber,OK,serviciosdered,Técnica y transmisión,9M 2021,False
TV+,2021-09-30,data/raw/pdf/TV+/49909/2021110473098_2 (1).pdf,acumulado9m,comparativo,2020-01-01,2020-09-30,9,False,Servicios de red,60053,33,pdfplumber,OK,serviciosdered,Técnica y transmisión,9M 2020,True
TV+,2021-09-30,data/raw/pdf/TV+/49909/2021110473098_2 (1).pdf,acumulado9m,actual,2021-01-01,2021-09-30,10,False,Derechos varios,46772,33,pdfplumber,OK,derechosvarios,Contenidos y producción,9M 2021,False
TV+,2021-09-30,data/raw/pdf/TV+/49909/2021110473098_2 (1).pdf,acumulado9m,comparativo,2020-01-01,2020-09-30,10,False,Derechos varios,51668,33,pdfplumber,OK,derechosvarios,Contenidos y producción,9M 2020,True
TV+,2021-09-30,data/raw/pdf/TV+/49909/2021110473098_2 (1).pdf,acumulado9m,actual,2021-01-01,2021-09-30,11,False,Servicio verificación,29196,33,pdfplumber,OK,servicioverificacion,Comercialización de audiencias,9M 2021,False
TV+,2021-09-30,data/raw/pdf/TV+/49909/2021110473098_2 (1).pdf,acumulado9m,comparativo,2020-01-01,2020-09-30,11,False,Servicio verificación,28289,33,pdfplumber,OK,servicioverificacion,Comercialización de audiencias,9M 2020,True
TV+,2021-09-30,data/raw/pdf/TV+/49909/2021110473098_2 (1).pdf,acumulado9m,actual,2021-01-01,2021-09-30,12,False,Costo Publisher,303015,33,pdfplumber,OK,costopublisher,Comercialización de audiencias,9M 2021,False
TV+,2021-09-30,data/raw/pdf/TV+/49909/2021110473098_2 (1).pdf,acumulado9m,comparativo,2020-01-01,2020-09-30,12,False,Costo Publisher,191624,33,pdfplumber,OK,costopublisher,Comercialización de audiencias,9M 2020,True
TV+,2021-12-31,data/raw/pdf/TV+/50696/Fecu.pdf,anual,actual,2021-01-01,2021-12-31,0,False,Produccióndeprogramas,1076636,37,pdfplumber,OK,producciondeprogramas,Contenidos y producción,FY2021,False
TV+,2021-12-31,data/raw/pdf/TV+/50696/Fecu.pdf,anual,comparativo,2020-01-01,2020-12-31,0,False,Produccióndeprogramas,1011015,37,pdfplumber,OK,producciondeprogramas,Contenidos y producción,FY2020,True
TV+,2021-12-31,data/raw/pdf/TV+/50696/Fecu.pdf,anual,actual,2021-01-01,2021-12-31,1,False,Remuneraciónpersonaloperativo,402041,37,pdfplumber,OK,remuneracionpersonaloperativo,Personal,FY2021,False
TV+,2021-12-31,data/raw/pdf/TV+/50696/Fecu.pdf,anual,comparativo,2020-01-01,2020-12-31,1,False,Remuneraciónpersonaloperativo,416759,37,pdfplumber,OK,remuneracionpersonaloperativo,Personal,FY2020,True
TV+,2021-12-31,data/raw/pdf/TV+/50696/Fecu.pdf,anual,actual,2021-01-01,2021-12-31,2,False,Amortizaciónderechomaterialyconcesiones,186398,37,pdfplumber,OK,amortizacionderechomaterialyconcesiones,Contenidos y producción,FY2021,False
TV+,2021-12-31,data/raw/pdf/TV+/50696/Fecu.pdf,anual,comparativo,2020-01-01,2020-12-31,2,False,Amortizaciónderechomaterialyconcesiones,268685,37,pdfplumber,OK,amortizacionderechomaterialyconcesiones,Contenidos y producción,FY2020,True
TV+,2021-12-31,data/raw/pdf/TV+/50696/Fecu.pdf,anual,actual,2021-01-01,2021-12-31,3,False,Comisiónagencia,571626,37,pdfplumber,OK,comisionagencia,Comercialización de audiencias,FY2021,False
TV+,2021-12-31,data/raw/pdf/TV+/50696/Fecu.pdf,anual,comparativo,2020-01-01,2020-12-31,3,False,Comisiónagencia,334603,37,pdfplumber,OK,comisionagencia,Comercialización de audiencias,FY2020,True
TV+,2021-12-31,data/raw/pdf/TV+/50696/Fecu.pdf,anual,actual,2021-01-01,2021-12-31,4,False,Mediciónpublicitaria,252572,37,pdfplumber,OK,medicionpublicitaria,Comercialización de audiencias,FY2021,False
TV+,2021-12-31,data/raw/pdf/TV+/50696/Fecu.pdf,anual,comparativo,2020-01-01,2020-12-31,4,False,Mediciónpublicitaria,204417,37,pdfplumber,OK,medicionpublicitaria,Comercialización de audiencias,FY2020,True
TV+,2021-12-31,data/raw/pdf/TV+/50696/Fecu.pdf,anual,actual,2021-01-01,2021-12-31,5,False,Arriendodeestudiosysitiodetransmisión,54723,37,pdfplumber,OK,arriendodeestudiosysitiodetransmision,Técnica y transmisión,FY2021,False
TV+,2021-12-31,data/raw/pdf/TV+/50696/Fecu.pdf,anual,comparativo,2020-01-01,2020-12-31,5,False,Arriendodeestudiosysitiodetransmisión,64444,37,pdfplumber,OK,arriendodeestudiosysitiodetransmision,Técnica y transmisión,FY2020,True
TV+,2021-12-31,data/raw/pdf/TV+/50696/Fecu.pdf,anual,actual,2021-01-01,2021-12-31,6,False,"Depreciacióndepropiedad,plantasyequipos",352617,37,pdfplumber,OK,"depreciaciondepropiedad,plantasyequipos",Depreciación y amortización,FY2021,False
TV+,2021-12-31,data/raw/pdf/TV+/50696/Fecu.pdf,anual,comparativo,2020-01-01,2020-12-31,6,False,"Depreciacióndepropiedad,plantasyequipos",348110,37,pdfplumber,OK,"depreciaciondepropiedad,plantasyequipos",Depreciación y amortización,FY2020,True
TV+,2021-12-31,data/raw/pdf/TV+/50696/Fecu.pdf,anual,actual,2021-01-01,2021-12-31,7,False,Gastoscomunes,55623,37,pdfplumber,OK,gastoscomunes,Otros costos,FY2021,False
TV+,2021-12-31,data/raw/pdf/TV+/50696/Fecu.pdf,anual,comparativo,2020-01-01,2020-12-31,7,False,Gastoscomunes,45157,37,pdfplumber,OK,gastoscomunes,Otros costos,FY2020,True
TV+,2021-12-31,data/raw/pdf/TV+/50696/Fecu.pdf,anual,actual,2021-01-01,2021-12-31,8,False,Serviciosdered,137187,37,pdfplumber,OK,serviciosdered,Técnica y transmisión,FY2021,False
TV+,2021-12-31,data/raw/pdf/TV+/50696/Fecu.pdf,anual,comparativo,2020-01-01,2020-12-31,8,False,Serviciosdered,125239,37,pdfplumber,OK,serviciosdered,Técnica y transmisión,FY2020,True
TV+,2021-12-31,data/raw/pdf/TV+/50696/Fecu.pdf,anual,actual,2021-01-01,2021-12-31,9,False,Derechosvarios,72725,37,pdfplumber,OK,derechosvarios,Contenidos y producción,FY2021,False
TV+,2021-12-31,data/raw/pdf/TV+/50696/Fecu.pdf,anual,comparativo,2020-01-01,2020-12-31,9,False,Derechosvarios,61629,37,pdfplumber,OK,derechosvarios,Contenidos y producción,FY2020,True
TV+,2021-12-31,data/raw/pdf/TV+/50696/Fecu.pdf,anual,actual,2021-01-01,2021-12-31,10,False,Otroscostosoperacionales,337511,37,pdfplumber,OK,otroscostosoperacionales,Otros costos,FY2021,False
TV+,2021-12-31,data/raw/pdf/TV+/50696/Fecu.pdf,anual,comparativo,2020-01-01,2020-12-31,10,False,Otroscostosoperacionales,122602,37,pdfplumber,OK,otroscostosoperacionales,Otros costos,FY2020,True
TV+,2021-12-31,data/raw/pdf/TV+/50696/Fecu.pdf,anual,actual,2021-01-01,2021-12-31,11,False,Servicioverificación,39235,37,pdfplumber,OK,servicioverificacion,Comercialización de audiencias,FY2021,False
TV+,2021-12-31,data/raw/pdf/TV+/50696/Fecu.pdf,anual,comparativo,2020-01-01,2020-12-31,11,False,Servicioverificación,37814,37,pdfplumber,OK,servicioverificacion,Comercialización de audiencias,FY2020,True
TV+,2021-12-31,data/raw/pdf/TV+/50696/Fecu.pdf,anual,actual,2021-01-01,2021-12-31,12,False,CostoPublisher,432744,37,pdfplumber,OK,costopublisher,Comercialización de audiencias,FY2021,False
TV+,2021-12-31,data/raw/pdf/TV+/50696/Fecu.pdf,anual,comparativo,2020-01-01,2020-12-31,12,False,CostoPublisher,313107,37,pdfplumber,OK,costopublisher,Comercialización de audiencias,FY2020,True
TV+,2022-03-31,data/raw/pdf/TV+/51269/Fecu Marzo 2022.pdf,trimestre,actual,2022-01-01,2022-03-31,0,False,Producción de programas,236596,33,pdfplumber,OK,producciondeprogramas,Contenidos y producción,Q1 2022,False
TV+,2022-03-31,data/raw/pdf/TV+/51269/Fecu Marzo 2022.pdf,trimestre,comparativo,2021-01-01,2021-03-31,0,False,Producción de programas,184461,33,pdfplumber,OK,producciondeprogramas,Contenidos y producción,Q1 2021,True
TV+,2022-03-31,data/raw/pdf/TV+/51269/Fecu Marzo 2022.pdf,trimestre,actual,2022-01-01,2022-03-31,1,False,Remuneración personal operativo,135390,33,pdfplumber,OK,remuneracionpersonaloperativo,Personal,Q1 2022,False
TV+,2022-03-31,data/raw/pdf/TV+/51269/Fecu Marzo 2022.pdf,trimestre,comparativo,2021-01-01,2021-03-31,1,False,Remuneración personal operativo,83773,33,pdfplumber,OK,remuneracionpersonaloperativo,Personal,Q1 2021,True
TV+,2022-03-31,data/raw/pdf/TV+/51269/Fecu Marzo 2022.pdf,trimestre,actual,2022-01-01,2022-03-31,2,False,Amortización derecho material y concesiones,40174,33,pdfplumber,OK,amortizacionderechomaterialyconcesiones,Contenidos y producción,Q1 2022,False
TV+,2022-03-31,data/raw/pdf/TV+/51269/Fecu Marzo 2022.pdf,trimestre,comparativo,2021-01-01,2021-03-31,2,False,Amortización derecho material y concesiones,36985,33,pdfplumber,OK,amortizacionderechomaterialyconcesiones,Contenidos y producción,Q1 2021,True
TV+,2022-03-31,data/raw/pdf/TV+/51269/Fecu Marzo 2022.pdf,trimestre,actual,2022-01-01,2022-03-31,3,False,Comisión agencia,107063,33,pdfplumber,OK,comisionagencia,Comercialización de audiencias,Q1 2022,False
TV+,2022-03-31,data/raw/pdf/TV+/51269/Fecu Marzo 2022.pdf,trimestre,comparativo,2021-01-01,2021-03-31,3,False,Comisión agencia,86410,33,pdfplumber,OK,comisionagencia,Comercialización de audiencias,Q1 2021,True
TV+,2022-03-31,data/raw/pdf/TV+/51269/Fecu Marzo 2022.pdf,trimestre,actual,2022-01-01,2022-03-31,4,False,Medición publicitaria,58944,33,pdfplumber,OK,medicionpublicitaria,Comercialización de audiencias,Q1 2022,False
TV+,2022-03-31,data/raw/pdf/TV+/51269/Fecu Marzo 2022.pdf,trimestre,comparativo,2021-01-01,2021-03-31,4,False,Medición publicitaria,51732,33,pdfplumber,OK,medicionpublicitaria,Comercialización de audiencias,Q1 2021,True
TV+,2022-03-31,data/raw/pdf/TV+/51269/Fecu Marzo 2022.pdf,trimestre,actual,2022-01-01,2022-03-31,5,False,Arriendo de estudios y sitio de transmisión,17650,33,pdfplumber,OK,arriendodeestudiosysitiodetransmision,Técnica y transmisión,Q1 2022,False
TV+,2022-03-31,data/raw/pdf/TV+/51269/Fecu Marzo 2022.pdf,trimestre,comparativo,2021-01-01,2021-03-31,5,False,Arriendo de estudios y sitio de transmisión,10459,33,pdfplumber,OK,arriendodeestudiosysitiodetransmision,Técnica y transmisión,Q1 2021,True
TV+,2022-03-31,data/raw/pdf/TV+/51269/Fecu Marzo 2022.pdf,trimestre,actual,2022-01-01,2022-03-31,6,False,"Depreciación de propiedad, plantas y equipos",82898,33,pdfplumber,OK,"depreciaciondepropiedad,plantasyequipos",Depreciación y amortización,Q1 2022,False
TV+,2022-03-31,data/raw/pdf/TV+/51269/Fecu Marzo 2022.pdf,trimestre,comparativo,2021-01-01,2021-03-31,6,False,"Depreciación de propiedad, plantas y equipos",86345,33,pdfplumber,OK,"depreciaciondepropiedad,plantasyequipos",Depreciación y amortización,Q1 2021,True
TV+,2022-03-31,data/raw/pdf/TV+/51269/Fecu Marzo 2022.pdf,trimestre,actual,2022-01-01,2022-03-31,7,False,Gastos canje VTR,43892,33,pdfplumber,OK,gastoscanjevtr,Canje,Q1 2022,False
TV+,2022-03-31,data/raw/pdf/TV+/51269/Fecu Marzo 2022.pdf,trimestre,comparativo,2021-01-01,2021-03-31,7,False,Gastos canje VTR,50437,33,pdfplumber,OK,gastoscanjevtr,Canje,Q1 2021,True
TV+,2022-03-31,data/raw/pdf/TV+/51269/Fecu Marzo 2022.pdf,trimestre,actual,2022-01-01,2022-03-31,8,False,Servicios de red,48924,33,pdfplumber,OK,serviciosdered,Técnica y transmisión,Q1 2022,False
TV+,2022-03-31,data/raw/pdf/TV+/51269/Fecu Marzo 2022.pdf,trimestre,comparativo,2021-01-01,2021-03-31,8,False,Servicios de red,20560,33,pdfplumber,OK,serviciosdered,Técnica y transmisión,Q1 2021,True
TV+,2022-03-31,data/raw/pdf/TV+/51269/Fecu Marzo 2022.pdf,trimestre,actual,2022-01-01,2022-03-31,9,False,Derechos varios,19262,33,pdfplumber,OK,derechosvarios,Contenidos y producción,Q1 2022,False
TV+,2022-03-31,data/raw/pdf/TV+/51269/Fecu Marzo 2022.pdf,trimestre,comparativo,2021-01-01,2021-03-31,9,False,Derechos varios,15591,33,pdfplumber,OK,derechosvarios,Contenidos y producción,Q1 2021,True
TV+,2022-03-31,data/raw/pdf/TV+/51269/Fecu Marzo 2022.pdf,trimestre,actual,2022-01-01,2022-03-31,10,False,Otros costos operacionales,68525,33,pdfplumber,OK,otroscostosoperacionales,Otros costos,Q1 2022,False
TV+,2022-03-31,data/raw/pdf/TV+/51269/Fecu Marzo 2022.pdf,trimestre,comparativo,2021-01-01,2021-03-31,10,False,Otros costos operacionales,84575,33,pdfplumber,OK,otroscostosoperacionales,Otros costos,Q1 2021,True
TV+,2022-03-31,data/raw/pdf/TV+/51269/Fecu Marzo 2022.pdf,trimestre,actual,2022-01-01,2022-03-31,11,False,Servicio verificación,10315,33,pdfplumber,OK,servicioverificacion,Comercialización de audiencias,Q1 2022,False
TV+,2022-03-31,data/raw/pdf/TV+/51269/Fecu Marzo 2022.pdf,trimestre,comparativo,2021-01-01,2021-03-31,11,False,Servicio verificación,9624,33,pdfplumber,OK,servicioverificacion,Comercialización de audiencias,Q1 2021,True
TV+,2022-03-31,data/raw/pdf/TV+/51269/Fecu Marzo 2022.pdf,trimestre,actual,2022-01-01,2022-03-31,12,False,Costo Publisher,95184,33,pdfplumber,OK,costopublisher,Comercialización de audiencias,Q1 2022,False
TV+,2022-03-31,data/raw/pdf/TV+/51269/Fecu Marzo 2022.pdf,trimestre,comparativo,2021-01-01,2021-03-31,12,False,Costo Publisher,83109,33,pdfplumber,OK,costopublisher,Comercialización de audiencias,Q1 2021,True
TV+,2022-06-30,data/raw/pdf/TV+/53289/2022090352724_2.pdf,semestre,actual,2022-01-01,2022-06-30,0,False,Producción de programas,506799,36,pdfplumber,OK,producciondeprogramas,Contenidos y producción,H1 2022,False
TV+,2022-06-30,data/raw/pdf/TV+/53289/2022090352724_2.pdf,semestre,comparativo,2021-01-01,2021-06-30,0,False,Producción de programas,507280,36,pdfplumber,OK,producciondeprogramas,Contenidos y producción,H1 2021,True
TV+,2022-06-30,data/raw/pdf/TV+/53289/2022090352724_2.pdf,trimestre,actual,2022-04-01,2022-06-30,0,False,Producción de programas,270203,36,pdfplumber,OK,producciondeprogramas,Contenidos y producción,Q2 2022,False
TV+,2022-06-30,data/raw/pdf/TV+/53289/2022090352724_2.pdf,trimestre,comparativo,2021-04-01,2021-06-30,0,False,Producción de programas,272382,36,pdfplumber,OK,producciondeprogramas,Contenidos y producción,Q2 2021,True
TV+,2022-06-30,data/raw/pdf/TV+/53289/2022090352724_2.pdf,semestre,actual,2022-01-01,2022-06-30,1,False,Remuneración del personal,254125,36,pdfplumber,OK,remuneraciondelpersonal,Personal,H1 2022,False
TV+,2022-06-30,data/raw/pdf/TV+/53289/2022090352724_2.pdf,semestre,comparativo,2021-01-01,2021-06-30,1,False,Remuneración del personal,183368,36,pdfplumber,OK,remuneraciondelpersonal,Personal,H1 2021,True
TV+,2022-06-30,data/raw/pdf/TV+/53289/2022090352724_2.pdf,trimestre,actual,2022-04-01,2022-06-30,1,False,Remuneración del personal,131412,36,pdfplumber,OK,remuneraciondelpersonal,Personal,Q2 2022,False
TV+,2022-06-30,data/raw/pdf/TV+/53289/2022090352724_2.pdf,trimestre,comparativo,2021-04-01,2021-06-30,1,False,Remuneración del personal,99595,36,pdfplumber,OK,remuneraciondelpersonal,Personal,Q2 2021,True
TV+,2022-06-30,data/raw/pdf/TV+/53289/2022090352724_2.pdf,semestre,actual,2022-01-01,2022-06-30,2,False,Amortización derecho material,69677,36,pdfplumber,OK,amortizacionderechomaterial,Contenidos y producción,H1 2022,False
TV+,2022-06-30,data/raw/pdf/TV+/53289/2022090352724_2.pdf,semestre,comparativo,2021-01-01,2021-06-30,2,False,Amortización derecho material,89925,36,pdfplumber,OK,amortizacionderechomaterial,Contenidos y producción,H1 2021,True
TV+,2022-06-30,data/raw/pdf/TV+/53289/2022090352724_2.pdf,trimestre,actual,2022-04-01,2022-06-30,2,False,Amortización derecho material,29423,36,pdfplumber,OK,amortizacionderechomaterial,Contenidos y producción,Q2 2022,False
TV+,2022-06-30,data/raw/pdf/TV+/53289/2022090352724_2.pdf,trimestre,comparativo,2021-04-01,2021-06-30,2,False,Amortización derecho material,52940,36,pdfplumber,OK,amortizacionderechomaterial,Contenidos y producción,Q2 2021,True
TV+,2022-06-30,data/raw/pdf/TV+/53289/2022090352724_2.pdf,semestre,actual,2022-01-01,2022-06-30,3,False,Comisión agencia,259051,36,pdfplumber,OK,comisionagencia,Comercialización de audiencias,H1 2022,False
TV+,2022-06-30,data/raw/pdf/TV+/53289/2022090352724_2.pdf,semestre,comparativo,2021-01-01,2021-06-30,3,False,Comisión agencia,198725,36,pdfplumber,OK,comisionagencia,Comercialización de audiencias,H1 2021,True
TV+,2022-06-30,data/raw/pdf/TV+/53289/2022090352724_2.pdf,trimestre,actual,2022-04-01,2022-06-30,3,False,Comisión agencia,151988,36,pdfplumber,OK,comisionagencia,Comercialización de audiencias,Q2 2022,False
TV+,2022-06-30,data/raw/pdf/TV+/53289/2022090352724_2.pdf,trimestre,comparativo,2021-04-01,2021-06-30,3,False,Comisión agencia,112315,36,pdfplumber,OK,comisionagencia,Comercialización de audiencias,Q2 2021,True
TV+,2022-06-30,data/raw/pdf/TV+/53289/2022090352724_2.pdf,semestre,actual,2022-01-01,2022-06-30,4,False,Medición publicitaria,119334,36,pdfplumber,OK,medicionpublicitaria,Comercialización de audiencias,H1 2022,False
TV+,2022-06-30,data/raw/pdf/TV+/53289/2022090352724_2.pdf,semestre,comparativo,2021-01-01,2021-06-30,4,False,Medición publicitaria,171418,36,pdfplumber,OK,medicionpublicitaria,Comercialización de audiencias,H1 2021,True
TV+,2022-06-30,data/raw/pdf/TV+/53289/2022090352724_2.pdf,trimestre,actual,2022-04-01,2022-06-30,4,False,Medición publicitaria,60390,36,pdfplumber,OK,medicionpublicitaria,Comercialización de audiencias,Q2 2022,False
TV+,2022-06-30,data/raw/pdf/TV+/53289/2022090352724_2.pdf,trimestre,comparativo,2021-04-01,2021-06-30,4,False,Medición publicitaria,119686,36,pdfplumber,OK,medicionpublicitaria,Comercialización de audiencias,Q2 2021,True
TV+,2022-06-30,data/raw/pdf/TV+/53289/2022090352724_2.pdf,semestre,actual,2022-01-01,2022-06-30,5,False,Arriendo de estudios y sitio de transmisión,35730,36,pdfplumber,OK,arriendodeestudiosysitiodetransmision,Técnica y transmisión,H1 2022,False
TV+,2022-06-30,data/raw/pdf/TV+/53289/2022090352724_2.pdf,semestre,comparativo,2021-01-01,2021-06-30,5,False,Arriendo de estudios y sitio de transmisión,29696,36,pdfplumber,OK,arriendodeestudiosysitiodetransmision,Técnica y transmisión,H1 2021,True
TV+,2022-06-30,data/raw/pdf/TV+/53289/2022090352724_2.pdf,trimestre,actual,2022-04-01,2022-06-30,5,False,Arriendo de estudios y sitio de transmisión,18080,36,pdfplumber,OK,arriendodeestudiosysitiodetransmision,Técnica y transmisión,Q2 2022,False
TV+,2022-06-30,data/raw/pdf/TV+/53289/2022090352724_2.pdf,trimestre,comparativo,2021-04-01,2021-06-30,5,False,Arriendo de estudios y sitio de transmisión,19237,36,pdfplumber,OK,arriendodeestudiosysitiodetransmision,Técnica y transmisión,Q2 2021,True
TV+,2022-06-30,data/raw/pdf/TV+/53289/2022090352724_2.pdf,semestre,actual,2022-01-01,2022-06-30,6,False,"Depreciación de propiedad, plantas y equipos",162115,36,pdfplumber,OK,"depreciaciondepropiedad,plantasyequipos",Depreciación y amortización,H1 2022,False
TV+,2022-06-30,data/raw/pdf/TV+/53289/2022090352724_2.pdf,semestre,comparativo,2021-01-01,2021-06-30,6,False,"Depreciación de propiedad, plantas y equipos",175712,36,pdfplumber,OK,"depreciaciondepropiedad,plantasyequipos",Depreciación y amortización,H1 2021,True
TV+,2022-06-30,data/raw/pdf/TV+/53289/2022090352724_2.pdf,trimestre,actual,2022-04-01,2022-06-30,6,False,"Depreciación de propiedad, plantas y equipos",79217,36,pdfplumber,OK,"depreciaciondepropiedad,plantasyequipos",Depreciación y amortización,Q2 2022,False
TV+,2022-06-30,data/raw/pdf/TV+/53289/2022090352724_2.pdf,trimestre,comparativo,2021-04-01,2021-06-30,6,False,"Depreciación de propiedad, plantas y equipos",89367,36,pdfplumber,OK,"depreciaciondepropiedad,plantasyequipos",Depreciación y amortización,Q2 2021,True
TV+,2022-06-30,data/raw/pdf/TV+/53289/2022090352724_2.pdf,semestre,actual,2022-01-01,2022-06-30,7,False,Servicios de red,67747,36,pdfplumber,OK,serviciosdered,Técnica y transmisión,H1 2022,False
TV+,2022-06-30,data/raw/pdf/TV+/53289/2022090352724_2.pdf,semestre,comparativo,2021-01-01,2021-06-30,7,False,Servicios de red,63832,36,pdfplumber,OK,serviciosdered,Técnica y transmisión,H1 2021,True
TV+,2022-06-30,data/raw/pdf/TV+/53289/2022090352724_2.pdf,trimestre,actual,2022-04-01,2022-06-30,7,False,Servicios de red,35866,36,pdfplumber,OK,serviciosdered,Técnica y transmisión,Q2 2022,False
TV+,2022-06-30,data/raw/pdf/TV+/53289/2022090352724_2.pdf,trimestre,comparativo,2021-04-01,2021-06-30,7,False,Servicios de red,43272,36,pdfplumber,OK,serviciosdered,Técnica y transmisión,Q2 2021,True
TV+,2022-06-30,data/raw/pdf/TV+/53289/2022090352724_2.pdf,semestre,actual,2022-01-01,2022-06-30,8,False,Derechos varios,39024,36,pdfplumber,OK,derechosvarios,Contenidos y producción,H1 2022,False
TV+,2022-06-30,data/raw/pdf/TV+/53289/2022090352724_2.pdf,semestre,comparativo,2021-01-01,2021-06-30,8,False,Derechos varios,31181,36,pdfplumber,OK,derechosvarios,Contenidos y producción,H1 2021,True
TV+,2022-06-30,data/raw/pdf/TV+/53289/2022090352724_2.pdf,trimestre,actual,2022-04-01,2022-06-30,8,False,Derechos varios,19762,36,pdfplumber,OK,derechosvarios,Contenidos y producción,Q2 2022,False
TV+,2022-06-30,data/raw/pdf/TV+/53289/2022090352724_2.pdf,trimestre,comparativo,2021-04-01,2021-06-30,8,False,Derechos varios,15590,36,pdfplumber,OK,derechosvarios,Contenidos y producción,Q2 2021,True
TV+,2022-06-30,data/raw/pdf/TV+/53289/2022090352724_2.pdf,semestre,actual,2022-01-01,2022-06-30,9,False,Servicio verificación,20943,36,pdfplumber,OK,servicioverificacion,Comercialización de audiencias,H1 2022,False
TV+,2022-06-30,data/raw/pdf/TV+/53289/2022090352724_2.pdf,semestre,comparativo,2021-01-01,2021-06-30,9,False,Servicio verificación,19360,36,pdfplumber,OK,servicioverificacion,Comercialización de audiencias,H1 2021,True
TV+,2022-06-30,data/raw/pdf/TV+/53289/2022090352724_2.pdf,trimestre,actual,2022-04-01,2022-06-30,9,False,Servicio verificación,10628,36,pdfplumber,OK,servicioverificacion,Comercialización de audiencias,Q2 2022,False
TV+,2022-06-30,data/raw/pdf/TV+/53289/2022090352724_2.pdf,trimestre,comparativo,2021-04-01,2021-06-30,9,False,Servicio verificación,9736,36,pdfplumber,OK,servicioverificacion,Comercialización de audiencias,Q2 2021,True
TV+,2022-06-30,data/raw/pdf/TV+/53289/2022090352724_2.pdf,semestre,actual,2022-01-01,2022-06-30,10,False,Costo Publisher,374506,36,pdfplumber,OK,costopublisher,Comercialización de audiencias,H1 2022,False
TV+,2022-06-30,data/raw/pdf/TV+/53289/2022090352724_2.pdf,semestre,comparativo,2021-01-01,2021-06-30,10,False,Costo Publisher,188051,36,pdfplumber,OK,costopublisher,Comercialización de audiencias,H1 2021,True
TV+,2022-06-30,data/raw/pdf/TV+/53289/2022090352724_2.pdf,trimestre,actual,2022-04-01,2022-06-30,10,False,Costo Publisher,200224,36,pdfplumber,OK,costopublisher,Comercialización de audiencias,Q2 2022,False
TV+,2022-06-30,data/raw/pdf/TV+/53289/2022090352724_2.pdf,trimestre,comparativo,2021-04-01,2021-06-30,10,False,Costo Publisher,104942,36,pdfplumber,OK,costopublisher,Comercialización de audiencias,Q2 2021,True
TV+,2022-06-30,data/raw/pdf/TV+/53289/2022090352724_2.pdf,semestre,actual,2022-01-01,2022-06-30,11,False,Otros Costos,90688,36,pdfplumber,OK,otroscostos,Otros costos,H1 2022,False
TV+,2022-06-30,data/raw/pdf/TV+/53289/2022090352724_2.pdf,semestre,comparativo,2021-01-01,2021-06-30,11,False,Otros Costos,102031,36,pdfplumber,OK,otroscostos,Otros costos,H1 2021,True
TV+,2022-06-30,data/raw/pdf/TV+/53289/2022090352724_2.pdf,trimestre,actual,2022-04-01,2022-06-30,11,False,Otros Costos,45871,36,pdfplumber,OK,otroscostos,Otros costos,Q2 2022,False
TV+,2022-06-30,data/raw/pdf/TV+/53289/2022090352724_2.pdf,trimestre,comparativo,2021-04-01,2021-06-30,11,False,Otros Costos,17456,36,pdfplumber,OK,otroscostos,Otros costos,Q2 2021,True
TV+,2022-09-30,data/raw/pdf/TV+/57121/2022110443552_1.pdf,acumulado9m,actual,2022-01-01,2022-09-30,0,False,Producción de programas,782922,32,pdfplumber,REVISAR,producciondeprogramas,Contenidos y producción,9M 2022,False
TV+,2022-09-30,data/raw/pdf/TV+/57121/2022110443552_1.pdf,acumulado9m,comparativo,2021-01-01,2021-09-30,0,False,Producción de programas,646507,32,pdfplumber,REVISAR,producciondeprogramas,Contenidos y producción,9M 2021,True
TV+,2022-09-30,data/raw/pdf/TV+/57121/2022110443552_1.pdf,acumulado9m,actual,2022-01-01,2022-09-30,1,False,Remuneración del personal operativo,409476,32,pdfplumber,REVISAR,remuneraciondelpersonaloperativo,Personal,9M 2022,False
TV+,2022-09-30,data/raw/pdf/TV+/57121/2022110443552_1.pdf,acumulado9m,comparativo,2021-01-01,2021-09-30,1,False,Remuneración del personal operativo,285706,32,pdfplumber,REVISAR,remuneraciondelpersonaloperativo,Personal,9M 2021,True
TV+,2022-09-30,data/raw/pdf/TV+/57121/2022110443552_1.pdf,acumulado9m,actual,2022-01-01,2022-09-30,2,False,Derecho de material importado,99883,32,pdfplumber,REVISAR,derechodematerialimportado,Contenidos y producción,9M 2022,False
TV+,2022-09-30,data/raw/pdf/TV+/57121/2022110443552_1.pdf,acumulado9m,comparativo,2021-01-01,2021-09-30,2,False,Derecho de material importado,139063,32,pdfplumber,REVISAR,derechodematerialimportado,Contenidos y producción,9M 2021,True
TV+,2022-09-30,data/raw/pdf/TV+/57121/2022110443552_1.pdf,acumulado9m,actual,2022-01-01,2022-09-30,3,False,Comisión agencia,395978,32,pdfplumber,REVISAR,comisionagencia,Comercialización de audiencias,9M 2022,False
TV+,2022-09-30,data/raw/pdf/TV+/57121/2022110443552_1.pdf,acumulado9m,comparativo,2021-01-01,2021-09-30,3,False,Comisión agencia,329574,32,pdfplumber,REVISAR,comisionagencia,Comercialización de audiencias,9M 2021,True
TV+,2022-09-30,data/raw/pdf/TV+/57121/2022110443552_1.pdf,acumulado9m,actual,2022-01-01,2022-09-30,4,False,Medición publicitaria,182514,32,pdfplumber,REVISAR,medicionpublicitaria,Comercialización de audiencias,9M 2022,False
TV+,2022-09-30,data/raw/pdf/TV+/57121/2022110443552_1.pdf,acumulado9m,comparativo,2021-01-01,2021-09-30,4,False,Medición publicitaria,184510,32,pdfplumber,REVISAR,medicionpublicitaria,Comercialización de audiencias,9M 2021,True
TV+,2022-09-30,data/raw/pdf/TV+/57121/2022110443552_1.pdf,acumulado9m,actual,2022-01-01,2022-09-30,5,False,Otros Costos,305025,32,pdfplumber,REVISAR,otroscostos,Otros costos,9M 2022,False
TV+,2022-09-30,data/raw/pdf/TV+/57121/2022110443552_1.pdf,acumulado9m,comparativo,2021-01-01,2021-09-30,5,False,Otros Costos,314412,32,pdfplumber,REVISAR,otroscostos,Otros costos,9M 2021,True
TV+,2022-09-30,data/raw/pdf/TV+/57121/2022110443552_1.pdf,acumulado9m,actual,2022-01-01,2022-09-30,6,False,Arriendo de estudios y sitio de transmisión,55808,32,pdfplumber,REVISAR,arriendodeestudiosysitiodetransmision,Técnica y transmisión,9M 2022,False
TV+,2022-09-30,data/raw/pdf/TV+/57121/2022110443552_1.pdf,acumulado9m,comparativo,2021-01-01,2021-09-30,6,False,Arriendo de estudios y sitio de transmisión,36949,32,pdfplumber,REVISAR,arriendodeestudiosysitiodetransmision,Técnica y transmisión,9M 2021,True
TV+,2022-09-30,data/raw/pdf/TV+/57121/2022110443552_1.pdf,acumulado9m,actual,2022-01-01,2022-09-30,7,False,"Depreciación de propiedad, plantas y equipos",249190,32,pdfplumber,REVISAR,"depreciaciondepropiedad,plantasyequipos",Depreciación y amortización,9M 2022,False
TV+,2022-09-30,data/raw/pdf/TV+/57121/2022110443552_1.pdf,acumulado9m,comparativo,2021-01-01,2021-09-30,7,False,"Depreciación de propiedad, plantas y equipos",264324,32,pdfplumber,REVISAR,"depreciaciondepropiedad,plantasyequipos",Depreciación y amortización,9M 2021,True
TV+,2022-09-30,data/raw/pdf/TV+/57121/2022110443552_1.pdf,acumulado9m,actual,2022-01-01,2022-09-30,8,False,Gastos canje por VTR,144711,32,pdfplumber,REVISAR,gastoscanjeporvtr,Canje,9M 2022,False
TV+,2022-09-30,data/raw/pdf/TV+/57121/2022110443552_1.pdf,acumulado9m,comparativo,2021-01-01,2021-09-30,8,False,Gastos canje por VTR,194590,32,pdfplumber,REVISAR,gastoscanjeporvtr,Canje,9M 2021,True
TV+,2022-09-30,data/raw/pdf/TV+/57121/2022110443552_1.pdf,acumulado9m,actual,2022-01-01,2022-09-30,9,False,Servicios de red,89486,32,pdfplumber,REVISAR,serviciosdered,Técnica y transmisión,9M 2022,False
TV+,2022-09-30,data/raw/pdf/TV+/57121/2022110443552_1.pdf,acumulado9m,comparativo,2021-01-01,2021-09-30,9,False,Servicios de red,79014,32,pdfplumber,REVISAR,serviciosdered,Técnica y transmisión,9M 2021,True
TV+,2022-09-30,data/raw/pdf/TV+/57121/2022110443552_1.pdf,acumulado9m,actual,2022-01-01,2022-09-30,10,False,Derechos varios,59786,32,pdfplumber,REVISAR,derechosvarios,Contenidos y producción,9M 2022,False
TV+,2022-09-30,data/raw/pdf/TV+/57121/2022110443552_1.pdf,acumulado9m,comparativo,2021-01-01,2021-09-30,10,False,Derechos varios,46772,32,pdfplumber,REVISAR,derechosvarios,Contenidos y producción,9M 2021,True
TV+,2022-09-30,data/raw/pdf/TV+/57121/2022110443552_1.pdf,acumulado9m,actual,2022-01-01,2022-09-30,11,False,Servicio verificación,31985,32,pdfplumber,REVISAR,servicioverificacion,Comercialización de audiencias,9M 2022,False
TV+,2022-09-30,data/raw/pdf/TV+/57121/2022110443552_1.pdf,acumulado9m,comparativo,2021-01-01,2021-09-30,11,False,Servicio verificación,29196,32,pdfplumber,REVISAR,servicioverificacion,Comercialización de audiencias,9M 2021,True
TV+,2022-09-30,data/raw/pdf/TV+/57121/2022110443552_1.pdf,acumulado9m,actual,2022-01-01,2022-09-30,12,False,Costo Publisher,327230,32,pdfplumber,REVISAR,costopublisher,Comercialización de audiencias,9M 2022,False
TV+,2022-09-30,data/raw/pdf/TV+/57121/2022110443552_1.pdf,acumulado9m,comparativo,2021-01-01,2021-09-30,12,False,Costo Publisher,303015,32,pdfplumber,REVISAR,costopublisher,Comercialización de audiencias,9M 2021,True
TV+,2022-12-31,data/raw/pdf/TV+/68980/2023030131118_2.pdf,anual,actual,2022-01-01,2022-12-31,0,False,Producción de programas,1318010,39,pdfplumber,OK,producciondeprogramas,Contenidos y producción,FY2022,False
TV+,2022-12-31,data/raw/pdf/TV+/68980/2023030131118_2.pdf,anual,comparativo,2021-01-01,2021-12-31,0,False,Producción de programas,1076636,39,pdfplumber,OK,producciondeprogramas,Contenidos y producción,FY2021,True
TV+,2022-12-31,data/raw/pdf/TV+/68980/2023030131118_2.pdf,anual,actual,2022-01-01,2022-12-31,1,False,Remuneración personal operativo,561233,39,pdfplumber,OK,remuneracionpersonaloperativo,Personal,FY2022,False
TV+,2022-12-31,data/raw/pdf/TV+/68980/2023030131118_2.pdf,anual,comparativo,2021-01-01,2021-12-31,1,False,Remuneración personal operativo,402041,39,pdfplumber,OK,remuneracionpersonaloperativo,Personal,FY2021,True
TV+,2022-12-31,data/raw/pdf/TV+/68980/2023030131118_2.pdf,anual,actual,2022-01-01,2022-12-31,2,False,Amortización derecho material y concesiones,127679,39,pdfplumber,OK,amortizacionderechomaterialyconcesiones,Contenidos y producción,FY2022,False
TV+,2022-12-31,data/raw/pdf/TV+/68980/2023030131118_2.pdf,anual,comparativo,2021-01-01,2021-12-31,2,False,Amortización derecho material y concesiones,186398,39,pdfplumber,OK,amortizacionderechomaterialyconcesiones,Contenidos y producción,FY2021,True
TV+,2022-12-31,data/raw/pdf/TV+/68980/2023030131118_2.pdf,anual,actual,2022-01-01,2022-12-31,3,False,Comisión agencia,520404,39,pdfplumber,OK,comisionagencia,Comercialización de audiencias,FY2022,False
TV+,2022-12-31,data/raw/pdf/TV+/68980/2023030131118_2.pdf,anual,comparativo,2021-01-01,2021-12-31,3,False,Comisión agencia,571626,39,pdfplumber,OK,comisionagencia,Comercialización de audiencias,FY2021,True
TV+,2022-12-31,data/raw/pdf/TV+/68980/2023030131118_2.pdf,anual,actual,2022-01-01,2022-12-31,4,False,Medición publicitaria,245880,39,pdfplumber,OK,medicionpublicitaria,Comercialización de audiencias,FY2022,False
TV+,2022-12-31,data/raw/pdf/TV+/68980/2023030131118_2.pdf,anual,comparativo,2021-01-01,2021-12-31,4,False,Medición publicitaria,252572,39,pdfplumber,OK,medicionpublicitaria,Comercialización de audiencias,FY2021,True
TV+,2022-12-31,data/raw/pdf/TV+/68980/2023030131118_2.pdf,anual,actual,2022-01-01,2022-12-31,5,False,Arriendo de estudios y sitio de transmisión,73990,39,pdfplumber,OK,arriendodeestudiosysitiodetransmision,Técnica y transmisión,FY2022,False
TV+,2022-12-31,data/raw/pdf/TV+/68980/2023030131118_2.pdf,anual,comparativo,2021-01-01,2021-12-31,5,False,Arriendo de estudios y sitio de transmisión,54723,39,pdfplumber,OK,arriendodeestudiosysitiodetransmision,Técnica y transmisión,FY2021,True
TV+,2022-12-31,data/raw/pdf/TV+/68980/2023030131118_2.pdf,anual,actual,2022-01-01,2022-12-31,6,False,"Depreciación de propiedad, plantas y equipos",339344,39,pdfplumber,OK,"depreciaciondepropiedad,plantasyequipos",Depreciación y amortización,FY2022,False
TV+,2022-12-31,data/raw/pdf/TV+/68980/2023030131118_2.pdf,anual,comparativo,2021-01-01,2021-12-31,6,False,"Depreciación de propiedad, plantas y equipos",352617,39,pdfplumber,OK,"depreciaciondepropiedad,plantasyequipos",Depreciación y amortización,FY2021,True
TV+,2022-12-31,data/raw/pdf/TV+/68980/2023030131118_2.pdf,anual,actual,2022-01-01,2022-12-31,7,False,Gastos comunes,46116,39,pdfplumber,OK,gastoscomunes,Otros costos,FY2022,False
TV+,2022-12-31,data/raw/pdf/TV+/68980/2023030131118_2.pdf,anual,comparativo,2021-01-01,2021-12-31,7,False,Gastos comunes,55623,39,pdfplumber,OK,gastoscomunes,Otros costos,FY2021,True
TV+,2022-12-31,data/raw/pdf/TV+/68980/2023030131118_2.pdf,anual,actual,2022-01-01,2022-12-31,8,False,Servicios de red,121572,39,pdfplumber,OK,serviciosdered,Técnica y transmisión,FY2022,False
TV+,2022-12-31,data/raw/pdf/TV+/68980/2023030131118_2.pdf,anual,comparativo,2021-01-01,2021-12-31,8,False,Servicios de red,137187,39,pdfplumber,OK,serviciosdered,Técnica y transmisión,FY2021,True
TV+,2022-12-31,data/raw/pdf/TV+/68980/2023030131118_2.pdf,anual,actual,2022-01-01,2022-12-31,9,False,Derechos varios,99441,39,pdfplumber,OK,derechosvarios,Contenidos y producción,FY2022,False
TV+,2022-12-31,data/raw/pdf/TV+/68980/2023030131118_2.pdf,anual,comparativo,2021-01-01,2021-12-31,9,False,Derechos varios,72725,39,pdfplumber,OK,derechosvarios,Contenidos y producción,FY2021,True
TV+,2022-12-31,data/raw/pdf/TV+/68980/2023030131118_2.pdf,anual,actual,2022-01-01,2022-12-31,10,False,Otros costos operacionales,367376,39,pdfplumber,OK,otroscostosoperacionales,Otros costos,FY2022,False
TV+,2022-12-31,data/raw/pdf/TV+/68980/2023030131118_2.pdf,anual,comparativo,2021-01-01,2021-12-31,10,False,Otros costos operacionales,337511,39,pdfplumber,OK,otroscostosoperacionales,Otros costos,FY2021,True
TV+,2022-12-31,data/raw/pdf/TV+/68980/2023030131118_2.pdf,anual,actual,2022-01-01,2022-12-31,11,False,Servicio verificación,43392,39,pdfplumber,OK,servicioverificacion,Comercialización de audiencias,FY2022,False
TV+,2022-12-31,data/raw/pdf/TV+/68980/2023030131118_2.pdf,anual,comparativo,2021-01-01,2021-12-31,11,False,Servicio verificación,39235,39,pdfplumber,OK,servicioverificacion,Comercialización de audiencias,FY2021,True
TV+,2022-12-31,data/raw/pdf/TV+/68980/2023030131118_2.pdf,anual,actual,2022-01-01,2022-12-31,12,False,Costo Publisher,433220,39,pdfplumber,OK,costopublisher,Comercialización de audiencias,FY2022,False
TV+,2022-12-31,data/raw/pdf/TV+/68980/2023030131118_2.pdf,anual,comparativo,2021-01-01,2021-12-31,12,False,Costo Publisher,432744,39,pdfplumber,OK,costopublisher,Comercialización de audiencias,FY2021,True
TV+,2023-03-31,data/raw/pdf/TV+/70649/2023050230846_2.pdf,trimestre,actual,2023-01-01,2023-03-31,0,False,Producción de programas,222022,34,pdfplumber,OK,producciondeprogramas,Contenidos y producción,Q1 2023,False
TV+,2023-03-31,data/raw/pdf/TV+/70649/2023050230846_2.pdf,trimestre,comparativo,2022-01-01,2022-03-31,0,False,Producción de programas,236596,34,pdfplumber,OK,producciondeprogramas,Contenidos y producción,Q1 2022,True
TV+,2023-03-31,data/raw/pdf/TV+/70649/2023050230846_2.pdf,trimestre,actual,2023-01-01,2023-03-31,1,False,Remuneración personal operativo,189272,34,pdfplumber,OK,remuneracionpersonaloperativo,Personal,Q1 2023,False
TV+,2023-03-31,data/raw/pdf/TV+/70649/2023050230846_2.pdf,trimestre,comparativo,2022-01-01,2022-03-31,1,False,Remuneración personal operativo,135390,34,pdfplumber,OK,remuneracionpersonaloperativo,Personal,Q1 2022,True
TV+,2023-03-31,data/raw/pdf/TV+/70649/2023050230846_2.pdf,trimestre,actual,2023-01-01,2023-03-31,2,False,Amortización derecho material y concesiones,29591,34,pdfplumber,OK,amortizacionderechomaterialyconcesiones,Contenidos y producción,Q1 2023,False
TV+,2023-03-31,data/raw/pdf/TV+/70649/2023050230846_2.pdf,trimestre,comparativo,2022-01-01,2022-03-31,2,False,Amortización derecho material y concesiones,40174,34,pdfplumber,OK,amortizacionderechomaterialyconcesiones,Contenidos y producción,Q1 2022,True
TV+,2023-03-31,data/raw/pdf/TV+/70649/2023050230846_2.pdf,trimestre,actual,2023-01-01,2023-03-31,3,False,Comisión agencia,99657,34,pdfplumber,OK,comisionagencia,Comercialización de audiencias,Q1 2023,False
TV+,2023-03-31,data/raw/pdf/TV+/70649/2023050230846_2.pdf,trimestre,comparativo,2022-01-01,2022-03-31,3,False,Comisión agencia,107063,34,pdfplumber,OK,comisionagencia,Comercialización de audiencias,Q1 2022,True
TV+,2023-03-31,data/raw/pdf/TV+/70649/2023050230846_2.pdf,trimestre,actual,2023-01-01,2023-03-31,4,False,Medición publicitaria,63497,34,pdfplumber,OK,medicionpublicitaria,Comercialización de audiencias,Q1 2023,False
TV+,2023-03-31,data/raw/pdf/TV+/70649/2023050230846_2.pdf,trimestre,comparativo,2022-01-01,2022-03-31,4,False,Medición publicitaria,58944,34,pdfplumber,OK,medicionpublicitaria,Comercialización de audiencias,Q1 2022,True
TV+,2023-03-31,data/raw/pdf/TV+/70649/2023050230846_2.pdf,trimestre,actual,2023-01-01,2023-03-31,5,False,Arriendo de estudios y sitio de transmisión,19068,34,pdfplumber,OK,arriendodeestudiosysitiodetransmision,Técnica y transmisión,Q1 2023,False
TV+,2023-03-31,data/raw/pdf/TV+/70649/2023050230846_2.pdf,trimestre,comparativo,2022-01-01,2022-03-31,5,False,Arriendo de estudios y sitio de transmisión,17650,34,pdfplumber,OK,arriendodeestudiosysitiodetransmision,Técnica y transmisión,Q1 2022,True
TV+,2023-03-31,data/raw/pdf/TV+/70649/2023050230846_2.pdf,trimestre,actual,2023-01-01,2023-03-31,6,False,"Depreciación de propiedad, plantas y equipos",89843,34,pdfplumber,OK,"depreciaciondepropiedad,plantasyequipos",Depreciación y amortización,Q1 2023,False
TV+,2023-03-31,data/raw/pdf/TV+/70649/2023050230846_2.pdf,trimestre,comparativo,2022-01-01,2022-03-31,6,False,"Depreciación de propiedad, plantas y equipos",82898,34,pdfplumber,OK,"depreciaciondepropiedad,plantasyequipos",Depreciación y amortización,Q1 2022,True
TV+,2023-03-31,data/raw/pdf/TV+/70649/2023050230846_2.pdf,trimestre,actual,2023-01-01,2023-03-31,7,False,Gastos canje,41788,34,pdfplumber,OK,gastoscanje,Canje,Q1 2023,False
TV+,2023-03-31,data/raw/pdf/TV+/70649/2023050230846_2.pdf,trimestre,comparativo,2022-01-01,2022-03-31,7,False,Gastos canje,43892,34,pdfplumber,OK,gastoscanje,Canje,Q1 2022,True
TV+,2023-03-31,data/raw/pdf/TV+/70649/2023050230846_2.pdf,trimestre,actual,2023-01-01,2023-03-31,8,False,Servicios de red,29933,34,pdfplumber,OK,serviciosdered,Técnica y transmisión,Q1 2023,False
TV+,2023-03-31,data/raw/pdf/TV+/70649/2023050230846_2.pdf,trimestre,comparativo,2022-01-01,2022-03-31,8,False,Servicios de red,48924,34,pdfplumber,OK,serviciosdered,Técnica y transmisión,Q1 2022,True
TV+,2023-03-31,data/raw/pdf/TV+/70649/2023050230846_2.pdf,trimestre,actual,2023-01-01,2023-03-31,9,False,Derechos varios,23494,34,pdfplumber,OK,derechosvarios,Contenidos y producción,Q1 2023,False
TV+,2023-03-31,data/raw/pdf/TV+/70649/2023050230846_2.pdf,trimestre,comparativo,2022-01-01,2022-03-31,9,False,Derechos varios,19262,34,pdfplumber,OK,derechosvarios,Contenidos y producción,Q1 2022,True
TV+,2023-03-31,data/raw/pdf/TV+/70649/2023050230846_2.pdf,trimestre,actual,2023-01-01,2023-03-31,10,False,Otros costos operacionales,147148,34,pdfplumber,OK,otroscostosoperacionales,Otros costos,Q1 2023,False
TV+,2023-03-31,data/raw/pdf/TV+/70649/2023050230846_2.pdf,trimestre,comparativo,2022-01-01,2022-03-31,10,False,Otros costos operacionales,68525,34,pdfplumber,OK,otroscostosoperacionales,Otros costos,Q1 2022,True
TV+,2023-03-31,data/raw/pdf/TV+/70649/2023050230846_2.pdf,trimestre,actual,2023-01-01,2023-03-31,11,False,Servicio verificación,11655,34,pdfplumber,OK,servicioverificacion,Comercialización de audiencias,Q1 2023,False
TV+,2023-03-31,data/raw/pdf/TV+/70649/2023050230846_2.pdf,trimestre,comparativo,2022-01-01,2022-03-31,11,False,Servicio verificación,10315,34,pdfplumber,OK,servicioverificacion,Comercialización de audiencias,Q1 2022,True
TV+,2023-03-31,data/raw/pdf/TV+/70649/2023050230846_2.pdf,trimestre,actual,2023-01-01,2023-03-31,12,False,Costo Publisher,85337,34,pdfplumber,OK,costopublisher,Comercialización de audiencias,Q1 2023,False
TV+,2023-03-31,data/raw/pdf/TV+/70649/2023050230846_2.pdf,trimestre,comparativo,2022-01-01,2022-03-31,12,False,Costo Publisher,95184,34,pdfplumber,OK,costopublisher,Comercialización de audiencias,Q1 2022,True
TV+,2023-06-30,data/raw/pdf/TV+/73704/2023090382166-0 FECU JUNIO 2023.pdf,semestre,actual,2023-01-01,2023-06-30,0,False,Producción de programas,420625,38,pdfplumber,OK,producciondeprogramas,Contenidos y producción,H1 2023,True
TV+,2023-06-30,data/raw/pdf/TV+/73704/2023090382166-0 FECU JUNIO 2023.pdf,semestre,comparativo,2022-01-01,2022-06-30,0,False,Producción de programas,506799,38,pdfplumber,OK,producciondeprogramas,Contenidos y producción,H1 2022,True
TV+,2023-06-30,data/raw/pdf/TV+/73704/2023090382166-0 FECU JUNIO 2023.pdf,trimestre,actual,2023-04-01,2023-06-30,0,False,Producción de programas,198603,38,pdfplumber,OK,producciondeprogramas,Contenidos y producción,Q2 2023,True
TV+,2023-06-30,data/raw/pdf/TV+/73704/2023090382166-0 FECU JUNIO 2023.pdf,trimestre,comparativo,2022-04-01,2022-06-30,0,False,Producción de programas,270203,38,pdfplumber,OK,producciondeprogramas,Contenidos y producción,Q2 2022,True
TV+,2023-06-30,data/raw/pdf/TV+/73704/2023090382166-0 FECU JUNIO 2023.pdf,semestre,actual,2023-01-01,2023-06-30,1,False,Remuneración del personal,415141,38,pdfplumber,OK,remuneraciondelpersonal,Personal,H1 2023,True
TV+,2023-06-30,data/raw/pdf/TV+/73704/2023090382166-0 FECU JUNIO 2023.pdf,semestre,comparativo,2022-01-01,2022-06-30,1,False,Remuneración del personal,254125,38,pdfplumber,OK,remuneraciondelpersonal,Personal,H1 2022,True
TV+,2023-06-30,data/raw/pdf/TV+/73704/2023090382166-0 FECU JUNIO 2023.pdf,trimestre,actual,2023-04-01,2023-06-30,1,False,Remuneración del personal,211840,38,pdfplumber,OK,remuneraciondelpersonal,Personal,Q2 2023,True
TV+,2023-06-30,data/raw/pdf/TV+/73704/2023090382166-0 FECU JUNIO 2023.pdf,trimestre,comparativo,2022-04-01,2022-06-30,1,False,Remuneración del personal,131412,38,pdfplumber,OK,remuneraciondelpersonal,Personal,Q2 2022,True
TV+,2023-06-30,data/raw/pdf/TV+/73704/2023090382166-0 FECU JUNIO 2023.pdf,semestre,actual,2023-01-01,2023-06-30,2,False,Amortización derecho material,56944,38,pdfplumber,OK,amortizacionderechomaterial,Contenidos y producción,H1 2023,True
TV+,2023-06-30,data/raw/pdf/TV+/73704/2023090382166-0 FECU JUNIO 2023.pdf,semestre,comparativo,2022-01-01,2022-06-30,2,False,Amortización derecho material,69677,38,pdfplumber,OK,amortizacionderechomaterial,Contenidos y producción,H1 2022,True
TV+,2023-06-30,data/raw/pdf/TV+/73704/2023090382166-0 FECU JUNIO 2023.pdf,trimestre,actual,2023-04-01,2023-06-30,2,False,Amortización derecho material,27353,38,pdfplumber,OK,amortizacionderechomaterial,Contenidos y producción,Q2 2023,True
TV+,2023-06-30,data/raw/pdf/TV+/73704/2023090382166-0 FECU JUNIO 2023.pdf,trimestre,comparativo,2022-04-01,2022-06-30,2,False,Amortización derecho material,29423,38,pdfplumber,OK,amortizacionderechomaterial,Contenidos y producción,Q2 2022,True
TV+,2023-06-30,data/raw/pdf/TV+/73704/2023090382166-0 FECU JUNIO 2023.pdf,semestre,actual,2023-01-01,2023-06-30,3,False,Comisión agencia,207659,38,pdfplumber,OK,comisionagencia,Comercialización de audiencias,H1 2023,True
TV+,2023-06-30,data/raw/pdf/TV+/73704/2023090382166-0 FECU JUNIO 2023.pdf,semestre,comparativo,2022-01-01,2022-06-30,3,False,Comisión agencia,259051,38,pdfplumber,OK,comisionagencia,Comercialización de audiencias,H1 2022,True
TV+,2023-06-30,data/raw/pdf/TV+/73704/2023090382166-0 FECU JUNIO 2023.pdf,trimestre,actual,2023-04-01,2023-06-30,3,False,Comisión agencia,108002,38,pdfplumber,OK,comisionagencia,Comercialización de audiencias,Q2 2023,True
TV+,2023-06-30,data/raw/pdf/TV+/73704/2023090382166-0 FECU JUNIO 2023.pdf,trimestre,comparativo,2022-04-01,2022-06-30,3,False,Comisión agencia,151988,38,pdfplumber,OK,comisionagencia,Comercialización de audiencias,Q2 2022,True
TV+,2023-06-30,data/raw/pdf/TV+/73704/2023090382166-0 FECU JUNIO 2023.pdf,semestre,actual,2023-01-01,2023-06-30,4,False,Medición publicitaria,129514,38,pdfplumber,OK,medicionpublicitaria,Comercialización de audiencias,H1 2023,True
TV+,2023-06-30,data/raw/pdf/TV+/73704/2023090382166-0 FECU JUNIO 2023.pdf,semestre,comparativo,2022-01-01,2022-06-30,4,False,Medición publicitaria,119334,38,pdfplumber,OK,medicionpublicitaria,Comercialización de audiencias,H1 2022,True
TV+,2023-06-30,data/raw/pdf/TV+/73704/2023090382166-0 FECU JUNIO 2023.pdf,trimestre,actual,2023-04-01,2023-06-30,4,False,Medición publicitaria,66018,38,pdfplumber,OK,medicionpublicitaria,Comercialización de audiencias,Q2 2023,True
TV+,2023-06-30,data/raw/pdf/TV+/73704/2023090382166-0 FECU JUNIO 2023.pdf,trimestre,comparativo,2022-04-01,2022-06-30,4,False,Medición publicitaria,60390,38,pdfplumber,OK,medicionpublicitaria,Comercialización de audiencias,Q2 2022,True
TV+,2023-06-30,data/raw/pdf/TV+/73704/2023090382166-0 FECU JUNIO 2023.pdf,semestre,actual,2023-01-01,2023-06-30,5,False,Arriendo de estudios y sitio de transmisión,39144,38,pdfplumber,OK,arriendodeestudiosysitiodetransmision,Técnica y transmisión,H1 2023,True
TV+,2023-06-30,data/raw/pdf/TV+/73704/2023090382166-0 FECU JUNIO 2023.pdf,semestre,comparativo,2022-01-01,2022-06-30,5,False,Arriendo de estudios y sitio de transmisión,35730,38,pdfplumber,OK,arriendodeestudiosysitiodetransmision,Técnica y transmisión,H1 2022,True
TV+,2023-06-30,data/raw/pdf/TV+/73704/2023090382166-0 FECU JUNIO 2023.pdf,trimestre,actual,2023-04-01,2023-06-30,5,False,Arriendo de estudios y sitio de transmisión,20076,38,pdfplumber,OK,arriendodeestudiosysitiodetransmision,Técnica y transmisión,Q2 2023,True
TV+,2023-06-30,data/raw/pdf/TV+/73704/2023090382166-0 FECU JUNIO 2023.pdf,trimestre,comparativo,2022-04-01,2022-06-30,5,False,Arriendo de estudios y sitio de transmisión,18080,38,pdfplumber,OK,arriendodeestudiosysitiodetransmision,Técnica y transmisión,Q2 2022,True
TV+,2023-06-30,data/raw/pdf/TV+/73704/2023090382166-0 FECU JUNIO 2023.pdf,semestre,actual,2023-01-01,2023-06-30,6,False,"Depreciación de propiedad, plantas y equipos",178323,38,pdfplumber,OK,"depreciaciondepropiedad,plantasyequipos",Depreciación y amortización,H1 2023,True
TV+,2023-06-30,data/raw/pdf/TV+/73704/2023090382166-0 FECU JUNIO 2023.pdf,semestre,comparativo,2022-01-01,2022-06-30,6,False,"Depreciación de propiedad, plantas y equipos",162115,38,pdfplumber,OK,"depreciaciondepropiedad,plantasyequipos",Depreciación y amortización,H1 2022,True
TV+,2023-06-30,data/raw/pdf/TV+/73704/2023090382166-0 FECU JUNIO 2023.pdf,trimestre,actual,2023-04-01,2023-06-30,6,False,"Depreciación de propiedad, plantas y equipos",88480,38,pdfplumber,OK,"depreciaciondepropiedad,plantasyequipos",Depreciación y amortización,Q2 2023,True
TV+,2023-06-30,data/raw/pdf/TV+/73704/2023090382166-0 FECU JUNIO 2023.pdf,trimestre,comparativo,2022-04-01,2022-06-30,6,False,"Depreciación de propiedad, plantas y equipos",79217,38,pdfplumber,OK,"depreciaciondepropiedad,plantasyequipos",Depreciación y amortización,Q2 2022,True
TV+,2023-06-30,data/raw/pdf/TV+/73704/2023090382166-0 FECU JUNIO 2023.pdf,semestre,actual,2023-01-01,2023-06-30,7,False,Servicios de red,99408,38,pdfplumber,OK,serviciosdered,Técnica y transmisión,H1 2023,True
TV+,2023-06-30,data/raw/pdf/TV+/73704/2023090382166-0 FECU JUNIO 2023.pdf,semestre,comparativo,2022-01-01,2022-06-30,7,False,Servicios de red,67747,38,pdfplumber,OK,serviciosdered,Técnica y transmisión,H1 2022,True
TV+,2023-06-30,data/raw/pdf/TV+/73704/2023090382166-0 FECU JUNIO 2023.pdf,trimestre,actual,2023-04-01,2023-06-30,7,False,Servicios de red,53761,38,pdfplumber,OK,serviciosdered,Técnica y transmisión,Q2 2023,True
TV+,2023-06-30,data/raw/pdf/TV+/73704/2023090382166-0 FECU JUNIO 2023.pdf,trimestre,comparativo,2022-04-01,2022-06-30,7,False,Servicios de red,35866,38,pdfplumber,OK,serviciosdered,Técnica y transmisión,Q2 2022,True
TV+,2023-06-30,data/raw/pdf/TV+/73704/2023090382166-0 FECU JUNIO 2023.pdf,semestre,actual,2023-01-01,2023-06-30,8,False,Derechos varios,46988,38,pdfplumber,OK,derechosvarios,Contenidos y producción,H1 2023,True
TV+,2023-06-30,data/raw/pdf/TV+/73704/2023090382166-0 FECU JUNIO 2023.pdf,semestre,comparativo,2022-01-01,2022-06-30,8,False,Derechos varios,39024,38,pdfplumber,OK,derechosvarios,Contenidos y producción,H1 2022,True
TV+,2023-06-30,data/raw/pdf/TV+/73704/2023090382166-0 FECU JUNIO 2023.pdf,trimestre,actual,2023-04-01,2023-06-30,8,False,Derechos varios,23494,38,pdfplumber,OK,derechosvarios,Contenidos y producción,Q2 2023,True
TV+,2023-06-30,data/raw/pdf/TV+/73704/2023090382166-0 FECU JUNIO 2023.pdf,trimestre,comparativo,2022-04-01,2022-06-30,8,False,Derechos varios,19762,38,pdfplumber,OK,derechosvarios,Contenidos y producción,Q2 2022,True
TV+,2023-06-30,data/raw/pdf/TV+/73704/2023090382166-0 FECU JUNIO 2023.pdf,semestre,actual,2023-01-01,2023-06-30,9,False,Servicio verificación,23476,38,pdfplumber,OK,servicioverificacion,Comercialización de audiencias,H1 2023,True
TV+,2023-06-30,data/raw/pdf/TV+/73704/2023090382166-0 FECU JUNIO 2023.pdf,semestre,comparativo,2022-01-01,2022-06-30,9,False,Servicio verificación,20943,38,pdfplumber,OK,servicioverificacion,Comercialización de audiencias,H1 2022,True
TV+,2023-06-30,data/raw/pdf/TV+/73704/2023090382166-0 FECU JUNIO 2023.pdf,trimestre,actual,2023-04-01,2023-06-30,9,False,Servicio verificación,11821,38,pdfplumber,OK,servicioverificacion,Comercialización de audiencias,Q2 2023,True
TV+,2023-06-30,data/raw/pdf/TV+/73704/2023090382166-0 FECU JUNIO 2023.pdf,trimestre,comparativo,2022-04-01,2022-06-30,9,False,Servicio verificación,10628,38,pdfplumber,OK,servicioverificacion,Comercialización de audiencias,Q2 2022,True
TV+,2023-06-30,data/raw/pdf/TV+/73704/2023090382166-0 FECU JUNIO 2023.pdf,semestre,actual,2023-01-01,2023-06-30,10,False,Costo Publisher,338406,38,pdfplumber,OK,costopublisher,Comercialización de audiencias,H1 2023,True
TV+,2023-06-30,data/raw/pdf/TV+/73704/2023090382166-0 FECU JUNIO 2023.pdf,semestre,comparativo,2022-01-01,2022-06-30,10,False,Costo Publisher,374506,38,pdfplumber,OK,costopublisher,Comercialización de audiencias,H1 2022,True
TV+,2023-06-30,data/raw/pdf/TV+/73704/2023090382166-0 FECU JUNIO 2023.pdf,trimestre,actual,2023-04-01,2023-06-30,10,False,Costo Publisher,213680,38,pdfplumber,OK,costopublisher,Comercialización de audiencias,Q2 2023,True
TV+,2023-06-30,data/raw/pdf/TV+/73704/2023090382166-0 FECU JUNIO 2023.pdf,trimestre,comparativo,2022-04-01,2022-06-30,10,False,Costo Publisher,200224,38,pdfplumber,OK,costopublisher,Comercialización de audiencias,Q2 2022,True
TV+,2023-06-30,data/raw/pdf/TV+/73704/2023090382166-0 FECU JUNIO 2023.pdf,semestre,actual,2023-01-01,2023-06-30,11,False,Otros Costos,207303,38,pdfplumber,OK,otroscostos,Otros costos,H1 2023,True
TV+,2023-06-30,data/raw/pdf/TV+/73704/2023090382166-0 FECU JUNIO 2023.pdf,semestre,comparativo,2022-01-01,2022-06-30,11,False,Otros Costos,90688,38,pdfplumber,OK,otroscostos,Otros costos,H1 2022,True
TV+,2023-06-30,data/raw/pdf/TV+/73704/2023090382166-0 FECU JUNIO 2023.pdf,trimestre,actual,2023-04-01,2023-06-30,11,False,Otros Costos,93256,38,pdfplumber,OK,otroscostos,Otros costos,Q2 2023,True
TV+,2023-06-30,data/raw/pdf/TV+/73704/2023090382166-0 FECU JUNIO 2023.pdf,trimestre,comparativo,2022-04-01,2022-06-30,11,False,Otros Costos,45871,38,pdfplumber,OK,otroscostos,Otros costos,Q2 2022,True
TV+,2023-09-30,data/raw/pdf/TV+/75787/2023110504810_1.pdf,acumulado9m,actual,2023-01-01,2023-09-30,0,False,Producción de programas,622405,32,pdfplumber,OK,producciondeprogramas,Contenidos y producción,9M 2023,False
TV+,2023-09-30,data/raw/pdf/TV+/75787/2023110504810_1.pdf,acumulado9m,comparativo,2022-01-01,2022-09-30,0,False,Producción de programas,782922,32,pdfplumber,OK,producciondeprogramas,Contenidos y producción,9M 2022,True
TV+,2023-09-30,data/raw/pdf/TV+/75787/2023110504810_1.pdf,acumulado9m,actual,2023-01-01,2023-09-30,1,False,Remuneración personal operativo,570639,32,pdfplumber,OK,remuneracionpersonaloperativo,Personal,9M 2023,False
TV+,2023-09-30,data/raw/pdf/TV+/75787/2023110504810_1.pdf,acumulado9m,comparativo,2022-01-01,2022-09-30,1,False,Remuneración personal operativo,409476,32,pdfplumber,OK,remuneracionpersonaloperativo,Personal,9M 2022,True
TV+,2023-09-30,data/raw/pdf/TV+/75787/2023110504810_1.pdf,acumulado9m,actual,2023-01-01,2023-09-30,2,False,Derechos de material importado,84580,32,pdfplumber,OK,derechosdematerialimportado,Contenidos y producción,9M 2023,False
TV+,2023-09-30,data/raw/pdf/TV+/75787/2023110504810_1.pdf,acumulado9m,comparativo,2022-01-01,2022-09-30,2,False,Derechos de material importado,99883,32,pdfplumber,OK,derechosdematerialimportado,Contenidos y producción,9M 2022,True
TV+,2023-09-30,data/raw/pdf/TV+/75787/2023110504810_1.pdf,acumulado9m,actual,2023-01-01,2023-09-30,3,False,Comisión agencia,301558,32,pdfplumber,OK,comisionagencia,Comercialización de audiencias,9M 2023,False
TV+,2023-09-30,data/raw/pdf/TV+/75787/2023110504810_1.pdf,acumulado9m,comparativo,2022-01-01,2022-09-30,3,False,Comisión agencia,395978,32,pdfplumber,OK,comisionagencia,Comercialización de audiencias,9M 2022,True
TV+,2023-09-30,data/raw/pdf/TV+/75787/2023110504810_1.pdf,acumulado9m,actual,2023-01-01,2023-09-30,4,False,Medición publicitaria,200446,32,pdfplumber,OK,medicionpublicitaria,Comercialización de audiencias,9M 2023,False
TV+,2023-09-30,data/raw/pdf/TV+/75787/2023110504810_1.pdf,acumulado9m,comparativo,2022-01-01,2022-09-30,4,False,Medición publicitaria,182514,32,pdfplumber,OK,medicionpublicitaria,Comercialización de audiencias,9M 2022,True
TV+,2023-09-30,data/raw/pdf/TV+/75787/2023110504810_1.pdf,acumulado9m,actual,2023-01-01,2023-09-30,5,False,Otros costos,373891,32,pdfplumber,OK,otroscostos,Otros costos,9M 2023,False
TV+,2023-09-30,data/raw/pdf/TV+/75787/2023110504810_1.pdf,acumulado9m,comparativo,2022-01-01,2022-09-30,5,False,Otros costos,305025,32,pdfplumber,OK,otroscostos,Otros costos,9M 2022,True
TV+,2023-09-30,data/raw/pdf/TV+/75787/2023110504810_1.pdf,acumulado9m,actual,2023-01-01,2023-09-30,6,False,Arriendo de estudios y sitio de transmisión,57649,32,pdfplumber,OK,arriendodeestudiosysitiodetransmision,Técnica y transmisión,9M 2023,False
TV+,2023-09-30,data/raw/pdf/TV+/75787/2023110504810_1.pdf,acumulado9m,comparativo,2022-01-01,2022-09-30,6,False,Arriendo de estudios y sitio de transmisión,55808,32,pdfplumber,OK,arriendodeestudiosysitiodetransmision,Técnica y transmisión,9M 2022,True
TV+,2023-09-30,data/raw/pdf/TV+/75787/2023110504810_1.pdf,acumulado9m,actual,2023-01-01,2023-09-30,7,False,"Depreciación de propiedad, plantas y equipos",263245,32,pdfplumber,OK,"depreciaciondepropiedad,plantasyequipos",Depreciación y amortización,9M 2023,False
TV+,2023-09-30,data/raw/pdf/TV+/75787/2023110504810_1.pdf,acumulado9m,comparativo,2022-01-01,2022-09-30,7,False,"Depreciación de propiedad, plantas y equipos",249190,32,pdfplumber,OK,"depreciaciondepropiedad,plantasyequipos",Depreciación y amortización,9M 2022,True
TV+,2023-09-30,data/raw/pdf/TV+/75787/2023110504810_1.pdf,acumulado9m,actual,2023-01-01,2023-09-30,8,False,Gastos canje por VTR,266306,32,pdfplumber,OK,gastoscanjeporvtr,Canje,9M 2023,False
TV+,2023-09-30,data/raw/pdf/TV+/75787/2023110504810_1.pdf,acumulado9m,comparativo,2022-01-01,2022-09-30,8,False,Gastos canje por VTR,144711,32,pdfplumber,OK,gastoscanjeporvtr,Canje,9M 2022,True
TV+,2023-09-30,data/raw/pdf/TV+/75787/2023110504810_1.pdf,acumulado9m,actual,2023-01-01,2023-09-30,9,False,Servicios de red,119234,32,pdfplumber,OK,serviciosdered,Técnica y transmisión,9M 2023,False
TV+,2023-09-30,data/raw/pdf/TV+/75787/2023110504810_1.pdf,acumulado9m,comparativo,2022-01-01,2022-09-30,9,False,Servicios de red,89486,32,pdfplumber,OK,serviciosdered,Técnica y transmisión,9M 2022,True
TV+,2023-09-30,data/raw/pdf/TV+/75787/2023110504810_1.pdf,acumulado9m,actual,2023-01-01,2023-09-30,10,False,Derechos varios,70482,32,pdfplumber,OK,derechosvarios,Contenidos y producción,9M 2023,False
TV+,2023-09-30,data/raw/pdf/TV+/75787/2023110504810_1.pdf,acumulado9m,comparativo,2022-01-01,2022-09-30,10,False,Derechos varios,59786,32,pdfplumber,OK,derechosvarios,Contenidos y producción,9M 2022,True
TV+,2023-09-30,data/raw/pdf/TV+/75787/2023110504810_1.pdf,acumulado9m,actual,2023-01-01,2023-09-30,11,False,Servicio verificación,35386,32,pdfplumber,OK,servicioverificacion,Comercialización de audiencias,9M 2023,False
TV+,2023-09-30,data/raw/pdf/TV+/75787/2023110504810_1.pdf,acumulado9m,comparativo,2022-01-01,2022-09-30,11,False,Servicio verificación,31985,32,pdfplumber,OK,servicioverificacion,Comercialización de audiencias,9M 2022,True
TV+,2023-09-30,data/raw/pdf/TV+/75787/2023110504810_1.pdf,acumulado9m,actual,2023-01-01,2023-09-30,12,False,Costo Publisher,266647,32,pdfplumber,OK,costopublisher,Comercialización de audiencias,9M 2023,False
TV+,2023-09-30,data/raw/pdf/TV+/75787/2023110504810_1.pdf,acumulado9m,comparativo,2022-01-01,2022-09-30,12,False,Costo Publisher,327230,32,pdfplumber,OK,costopublisher,Comercialización de audiencias,9M 2022,True
TV+,2023-12-31,data/raw/pdf/TV+/79943/2024030188019_4.pdf,anual,actual,2023-01-01,2023-12-31,0,False,Producción de programas,1418062,38,pdfplumber,OK,producciondeprogramas,Contenidos y producción,FY2023,False
TV+,2023-12-31,data/raw/pdf/TV+/79943/2024030188019_4.pdf,anual,comparativo,2022-01-01,2022-12-31,0,False,Producción de programas,1318010,38,pdfplumber,OK,producciondeprogramas,Contenidos y producción,FY2022,True
TV+,2023-12-31,data/raw/pdf/TV+/79943/2024030188019_4.pdf,anual,actual,2023-01-01,2023-12-31,1,False,Remuneración personal operativo,859751,38,pdfplumber,OK,remuneracionpersonaloperativo,Personal,FY2023,False
TV+,2023-12-31,data/raw/pdf/TV+/79943/2024030188019_4.pdf,anual,comparativo,2022-01-01,2022-12-31,1,False,Remuneración personal operativo,561233,38,pdfplumber,OK,remuneracionpersonaloperativo,Personal,FY2022,True
TV+,2023-12-31,data/raw/pdf/TV+/79943/2024030188019_4.pdf,anual,actual,2023-01-01,2023-12-31,2,False,Amortización derecho material y concesiones,111847,38,pdfplumber,OK,amortizacionderechomaterialyconcesiones,Contenidos y producción,FY2023,False
TV+,2023-12-31,data/raw/pdf/TV+/79943/2024030188019_4.pdf,anual,comparativo,2022-01-01,2022-12-31,2,False,Amortización derecho material y concesiones,127679,38,pdfplumber,OK,amortizacionderechomaterialyconcesiones,Contenidos y producción,FY2022,True
TV+,2023-12-31,data/raw/pdf/TV+/79943/2024030188019_4.pdf,anual,actual,2023-01-01,2023-12-31,3,False,Comisión agencia,391842,38,pdfplumber,OK,comisionagencia,Comercialización de audiencias,FY2023,False
TV+,2023-12-31,data/raw/pdf/TV+/79943/2024030188019_4.pdf,anual,comparativo,2022-01-01,2022-12-31,3,False,Comisión agencia,520404,38,pdfplumber,OK,comisionagencia,Comercialización de audiencias,FY2022,True
TV+,2023-12-31,data/raw/pdf/TV+/79943/2024030188019_4.pdf,anual,actual,2023-01-01,2023-12-31,4,False,Medición publicitaria,271443,38,pdfplumber,OK,medicionpublicitaria,Comercialización de audiencias,FY2023,False
TV+,2023-12-31,data/raw/pdf/TV+/79943/2024030188019_4.pdf,anual,comparativo,2022-01-01,2022-12-31,4,False,Medición publicitaria,245880,38,pdfplumber,OK,medicionpublicitaria,Comercialización de audiencias,FY2022,True
TV+,2023-12-31,data/raw/pdf/TV+/79943/2024030188019_4.pdf,anual,actual,2023-01-01,2023-12-31,5,False,Arriendo de estudios y sitio de transmisión,73781,38,pdfplumber,OK,arriendodeestudiosysitiodetransmision,Técnica y transmisión,FY2023,False
TV+,2023-12-31,data/raw/pdf/TV+/79943/2024030188019_4.pdf,anual,comparativo,2022-01-01,2022-12-31,5,False,Arriendo de estudios y sitio de transmisión,73990,38,pdfplumber,OK,arriendodeestudiosysitiodetransmision,Técnica y transmisión,FY2022,True
TV+,2023-12-31,data/raw/pdf/TV+/79943/2024030188019_4.pdf,anual,actual,2023-01-01,2023-12-31,6,False,"Depreciación de propiedad, plantas y equipos",335920,38,pdfplumber,OK,"depreciaciondepropiedad,plantasyequipos",Depreciación y amortización,FY2023,False
TV+,2023-12-31,data/raw/pdf/TV+/79943/2024030188019_4.pdf,anual,comparativo,2022-01-01,2022-12-31,6,False,"Depreciación de propiedad, plantas y equipos",339344,38,pdfplumber,OK,"depreciaciondepropiedad,plantasyequipos",Depreciación y amortización,FY2022,True
TV+,2023-12-31,data/raw/pdf/TV+/79943/2024030188019_4.pdf,anual,actual,2023-01-01,2023-12-31,7,False,Gastos generales,94589,38,pdfplumber,OK,gastosgenerales,Otros costos,FY2023,False
TV+,2023-12-31,data/raw/pdf/TV+/79943/2024030188019_4.pdf,anual,comparativo,2022-01-01,2022-12-31,7,False,Gastos generales,46116,38,pdfplumber,OK,gastosgenerales,Otros costos,FY2022,True
TV+,2023-12-31,data/raw/pdf/TV+/79943/2024030188019_4.pdf,anual,actual,2023-01-01,2023-12-31,8,False,Servicios de red,119134,38,pdfplumber,OK,serviciosdered,Técnica y transmisión,FY2023,False
TV+,2023-12-31,data/raw/pdf/TV+/79943/2024030188019_4.pdf,anual,comparativo,2022-01-01,2022-12-31,8,False,Servicios de red,121572,38,pdfplumber,OK,serviciosdered,Técnica y transmisión,FY2022,True
TV+,2023-12-31,data/raw/pdf/TV+/79943/2024030188019_4.pdf,anual,actual,2023-01-01,2023-12-31,9,False,Derechos varios,93048,38,pdfplumber,OK,derechosvarios,Contenidos y producción,FY2023,False
TV+,2023-12-31,data/raw/pdf/TV+/79943/2024030188019_4.pdf,anual,comparativo,2022-01-01,2022-12-31,9,False,Derechos varios,99441,38,pdfplumber,OK,derechosvarios,Contenidos y producción,FY2022,True
TV+,2023-12-31,data/raw/pdf/TV+/79943/2024030188019_4.pdf,anual,actual,2023-01-01,2023-12-31,10,False,Otros costos operacionales,225658,38,pdfplumber,OK,otroscostosoperacionales,Otros costos,FY2023,False
TV+,2023-12-31,data/raw/pdf/TV+/79943/2024030188019_4.pdf,anual,comparativo,2022-01-01,2022-12-31,10,False,Otros costos operacionales,367376,38,pdfplumber,OK,otroscostosoperacionales,Otros costos,FY2022,True
TV+,2023-12-31,data/raw/pdf/TV+/79943/2024030188019_4.pdf,anual,actual,2023-01-01,2023-12-31,11,False,Servicio verificación,47394,38,pdfplumber,OK,servicioverificacion,Comercialización de audiencias,FY2023,False
TV+,2023-12-31,data/raw/pdf/TV+/79943/2024030188019_4.pdf,anual,comparativo,2022-01-01,2022-12-31,11,False,Servicio verificación,43392,38,pdfplumber,OK,servicioverificacion,Comercialización de audiencias,FY2022,True
TV+,2023-12-31,data/raw/pdf/TV+/79943/2024030188019_4.pdf,anual,actual,2023-01-01,2023-12-31,12,False,Costo Publisher,349691,38,pdfplumber,OK,costopublisher,Comercialización de audiencias,FY2023,False
TV+,2023-12-31,data/raw/pdf/TV+/79943/2024030188019_4.pdf,anual,comparativo,2022-01-01,2022-12-31,12,False,Costo Publisher,433220,38,pdfplumber,OK,costopublisher,Comercialización de audiencias,FY2022,True
TV+,2024-03-31,data/raw/pdf/TV+/82009/Estados financieros_0.pdf,trimestre,actual,2024-01-01,2024-03-31,0,False,Producción de programas,238989,35,pdfplumber,OK,producciondeprogramas,Contenidos y producción,Q1 2024,False
TV+,2024-03-31,data/raw/pdf/TV+/82009/Estados financieros_0.pdf,trimestre,comparativo,2023-01-01,2023-03-31,0,False,Producción de programas,222022,35,pdfplumber,OK,producciondeprogramas,Contenidos y producción,Q1 2023,True
TV+,2024-03-31,data/raw/pdf/TV+/82009/Estados financieros_0.pdf,trimestre,actual,2024-01-01,2024-03-31,1,False,Remuneración personal operativo,216807,35,pdfplumber,OK,remuneracionpersonaloperativo,Personal,Q1 2024,False
TV+,2024-03-31,data/raw/pdf/TV+/82009/Estados financieros_0.pdf,trimestre,comparativo,2023-01-01,2023-03-31,1,False,Remuneración personal operativo,189272,35,pdfplumber,OK,remuneracionpersonaloperativo,Personal,Q1 2023,True
TV+,2024-03-31,data/raw/pdf/TV+/82009/Estados financieros_0.pdf,trimestre,actual,2024-01-01,2024-03-31,2,False,Amortización derecho material y concesiones,25190,35,pdfplumber,OK,amortizacionderechomaterialyconcesiones,Contenidos y producción,Q1 2024,False
TV+,2024-03-31,data/raw/pdf/TV+/82009/Estados financieros_0.pdf,trimestre,comparativo,2023-01-01,2023-03-31,2,False,Amortización derecho material y concesiones,29591,35,pdfplumber,OK,amortizacionderechomaterialyconcesiones,Contenidos y producción,Q1 2023,True
TV+,2024-03-31,data/raw/pdf/TV+/82009/Estados financieros_0.pdf,trimestre,actual,2024-01-01,2024-03-31,3,False,Comisión agencia,57635,35,pdfplumber,OK,comisionagencia,Comercialización de audiencias,Q1 2024,False
TV+,2024-03-31,data/raw/pdf/TV+/82009/Estados financieros_0.pdf,trimestre,comparativo,2023-01-01,2023-03-31,3,False,Comisión agencia,99657,35,pdfplumber,OK,comisionagencia,Comercialización de audiencias,Q1 2023,True
TV+,2024-03-31,data/raw/pdf/TV+/82009/Estados financieros_0.pdf,trimestre,actual,2024-01-01,2024-03-31,4,False,Medición publicitaria,71063,35,pdfplumber,OK,medicionpublicitaria,Comercialización de audiencias,Q1 2024,False
TV+,2024-03-31,data/raw/pdf/TV+/82009/Estados financieros_0.pdf,trimestre,comparativo,2023-01-01,2023-03-31,4,False,Medición publicitaria,63497,35,pdfplumber,OK,medicionpublicitaria,Comercialización de audiencias,Q1 2023,True
TV+,2024-03-31,data/raw/pdf/TV+/82009/Estados financieros_0.pdf,trimestre,actual,2024-01-01,2024-03-31,5,False,Arriendo de estudios y sitio de transmisión,18886,35,pdfplumber,OK,arriendodeestudiosysitiodetransmision,Técnica y transmisión,Q1 2024,False
TV+,2024-03-31,data/raw/pdf/TV+/82009/Estados financieros_0.pdf,trimestre,comparativo,2023-01-01,2023-03-31,5,False,Arriendo de estudios y sitio de transmisión,19068,35,pdfplumber,OK,arriendodeestudiosysitiodetransmision,Técnica y transmisión,Q1 2023,True
TV+,2024-03-31,data/raw/pdf/TV+/82009/Estados financieros_0.pdf,trimestre,actual,2024-01-01,2024-03-31,6,False,"Depreciación de propiedad, plantas y equipos",81040,35,pdfplumber,OK,"depreciaciondepropiedad,plantasyequipos",Depreciación y amortización,Q1 2024,False
TV+,2024-03-31,data/raw/pdf/TV+/82009/Estados financieros_0.pdf,trimestre,comparativo,2023-01-01,2023-03-31,6,False,"Depreciación de propiedad, plantas y equipos",89843,35,pdfplumber,OK,"depreciaciondepropiedad,plantasyequipos",Depreciación y amortización,Q1 2023,True
TV+,2024-03-31,data/raw/pdf/TV+/82009/Estados financieros_0.pdf,trimestre,actual,2024-01-01,2024-03-31,7,False,Gastos canje,18353,35,pdfplumber,OK,gastoscanje,Canje,Q1 2024,False
TV+,2024-03-31,data/raw/pdf/TV+/82009/Estados financieros_0.pdf,trimestre,comparativo,2023-01-01,2023-03-31,7,False,Gastos canje,41788,35,pdfplumber,OK,gastoscanje,Canje,Q1 2023,True
TV+,2024-03-31,data/raw/pdf/TV+/82009/Estados financieros_0.pdf,trimestre,actual,2024-01-01,2024-03-31,8,False,Servicios de red,16874,35,pdfplumber,OK,serviciosdered,Técnica y transmisión,Q1 2024,False
TV+,2024-03-31,data/raw/pdf/TV+/82009/Estados financieros_0.pdf,trimestre,comparativo,2023-01-01,2023-03-31,8,False,Servicios de red,29933,35,pdfplumber,OK,serviciosdered,Técnica y transmisión,Q1 2023,True
TV+,2024-03-31,data/raw/pdf/TV+/82009/Estados financieros_0.pdf,trimestre,actual,2024-01-01,2024-03-31,9,False,Derechos varios,25099,35,pdfplumber,OK,derechosvarios,Contenidos y producción,Q1 2024,False
TV+,2024-03-31,data/raw/pdf/TV+/82009/Estados financieros_0.pdf,trimestre,comparativo,2023-01-01,2023-03-31,9,False,Derechos varios,23494,35,pdfplumber,OK,derechosvarios,Contenidos y producción,Q1 2023,True
TV+,2024-03-31,data/raw/pdf/TV+/82009/Estados financieros_0.pdf,trimestre,actual,2024-01-01,2024-03-31,10,False,Otros costos operacionales,138193,35,pdfplumber,OK,otroscostosoperacionales,Otros costos,Q1 2024,False
TV+,2024-03-31,data/raw/pdf/TV+/82009/Estados financieros_0.pdf,trimestre,comparativo,2023-01-01,2023-03-31,10,False,Otros costos operacionales,147148,35,pdfplumber,OK,otroscostosoperacionales,Otros costos,Q1 2023,True
TV+,2024-03-31,data/raw/pdf/TV+/82009/Estados financieros_0.pdf,trimestre,actual,2024-01-01,2024-03-31,11,False,Servicio verificación,12143,35,pdfplumber,OK,servicioverificacion,Comercialización de audiencias,Q1 2024,False
TV+,2024-03-31,data/raw/pdf/TV+/82009/Estados financieros_0.pdf,trimestre,comparativo,2023-01-01,2023-03-31,11,False,Servicio verificación,11655,35,pdfplumber,OK,servicioverificacion,Comercialización de audiencias,Q1 2023,True
TV+,2024-03-31,data/raw/pdf/TV+/82009/Estados financieros_0.pdf,trimestre,actual,2024-01-01,2024-03-31,12,False,Costo Publisher,53202,35,pdfplumber,OK,costopublisher,Comercialización de audiencias,Q1 2024,False
TV+,2024-03-31,data/raw/pdf/TV+/82009/Estados financieros_0.pdf,trimestre,comparativo,2023-01-01,2023-03-31,12,False,Costo Publisher,85337,35,pdfplumber,OK,costopublisher,Comercialización de audiencias,Q1 2023,True
TV+,2024-09-30,data/raw/pdf/TV+/88272/2024110658811_2.pdf,acumulado9m,actual,2024-01-01,2024-09-30,0,False,Producción de programas,755947,34,pdfplumber,OK,producciondeprogramas,Contenidos y producción,9M 2024,False
TV+,2024-09-30,data/raw/pdf/TV+/88272/2024110658811_2.pdf,acumulado9m,comparativo,2023-01-01,2023-09-30,0,False,Producción de programas,622405,34,pdfplumber,OK,producciondeprogramas,Contenidos y producción,9M 2023,True
TV+,2024-09-30,data/raw/pdf/TV+/88272/2024110658811_2.pdf,acumulado9m,actual,2024-01-01,2024-09-30,1,False,Remuneración personal operativo,596776,34,pdfplumber,OK,remuneracionpersonaloperativo,Personal,9M 2024,False
TV+,2024-09-30,data/raw/pdf/TV+/88272/2024110658811_2.pdf,acumulado9m,comparativo,2023-01-01,2023-09-30,1,False,Remuneración personal operativo,570639,34,pdfplumber,OK,remuneracionpersonaloperativo,Personal,9M 2023,True
TV+,2024-09-30,data/raw/pdf/TV+/88272/2024110658811_2.pdf,acumulado9m,actual,2024-01-01,2024-09-30,2,False,Amortización derecho material y concesiones,66874,34,pdfplumber,OK,amortizacionderechomaterialyconcesiones,Contenidos y producción,9M 2024,False
TV+,2024-09-30,data/raw/pdf/TV+/88272/2024110658811_2.pdf,acumulado9m,comparativo,2023-01-01,2023-09-30,2,False,Amortización derecho material y concesiones,84580,34,pdfplumber,OK,amortizacionderechomaterialyconcesiones,Contenidos y producción,9M 2023,True
TV+,2024-09-30,data/raw/pdf/TV+/88272/2024110658811_2.pdf,acumulado9m,actual,2024-01-01,2024-09-30,3,False,Comisión agencia,235660,34,pdfplumber,OK,comisionagencia,Comercialización de audiencias,9M 2024,False
TV+,2024-09-30,data/raw/pdf/TV+/88272/2024110658811_2.pdf,acumulado9m,comparativo,2023-01-01,2023-09-30,3,False,Comisión agencia,301558,34,pdfplumber,OK,comisionagencia,Comercialización de audiencias,9M 2023,True
TV+,2024-09-30,data/raw/pdf/TV+/88272/2024110658811_2.pdf,acumulado9m,actual,2024-01-01,2024-09-30,4,False,Medición publicitaria,216778,34,pdfplumber,OK,medicionpublicitaria,Comercialización de audiencias,9M 2024,False
TV+,2024-09-30,data/raw/pdf/TV+/88272/2024110658811_2.pdf,acumulado9m,comparativo,2023-01-01,2023-09-30,4,False,Medición publicitaria,200446,34,pdfplumber,OK,medicionpublicitaria,Comercialización de audiencias,9M 2023,True
TV+,2024-09-30,data/raw/pdf/TV+/88272/2024110658811_2.pdf,acumulado9m,actual,2024-01-01,2024-09-30,5,False,Arriendo de estudios y sitio de transmisión,136444,34,pdfplumber,OK,arriendodeestudiosysitiodetransmision,Técnica y transmisión,9M 2024,False
TV+,2024-09-30,data/raw/pdf/TV+/88272/2024110658811_2.pdf,acumulado9m,comparativo,2023-01-01,2023-09-30,5,False,Arriendo de estudios y sitio de transmisión,57649,34,pdfplumber,OK,arriendodeestudiosysitiodetransmision,Técnica y transmisión,9M 2023,True
TV+,2024-09-30,data/raw/pdf/TV+/88272/2024110658811_2.pdf,acumulado9m,actual,2024-01-01,2024-09-30,6,False,"Depreciación de propiedad, plantas y equipos",219743,34,pdfplumber,OK,"depreciaciondepropiedad,plantasyequipos",Depreciación y amortización,9M 2024,False
TV+,2024-09-30,data/raw/pdf/TV+/88272/2024110658811_2.pdf,acumulado9m,comparativo,2023-01-01,2023-09-30,6,False,"Depreciación de propiedad, plantas y equipos",263245,34,pdfplumber,OK,"depreciaciondepropiedad,plantasyequipos",Depreciación y amortización,9M 2023,True
TV+,2024-09-30,data/raw/pdf/TV+/88272/2024110658811_2.pdf,acumulado9m,actual,2024-01-01,2024-09-30,7,False,Gastos canje,297546,34,pdfplumber,OK,gastoscanje,Canje,9M 2024,False
TV+,2024-09-30,data/raw/pdf/TV+/88272/2024110658811_2.pdf,acumulado9m,comparativo,2023-01-01,2023-09-30,7,False,Gastos canje,266306,34,pdfplumber,OK,gastoscanje,Canje,9M 2023,True
TV+,2024-09-30,data/raw/pdf/TV+/88272/2024110658811_2.pdf,acumulado9m,actual,2024-01-01,2024-09-30,8,False,Servicios de red,50507,34,pdfplumber,OK,serviciosdered,Técnica y transmisión,9M 2024,False
TV+,2024-09-30,data/raw/pdf/TV+/88272/2024110658811_2.pdf,acumulado9m,comparativo,2023-01-01,2023-09-30,8,False,Servicios de red,119234,34,pdfplumber,OK,serviciosdered,Técnica y transmisión,9M 2023,True
TV+,2024-09-30,data/raw/pdf/TV+/88272/2024110658811_2.pdf,acumulado9m,actual,2024-01-01,2024-09-30,9,False,Derechos varios,69786,34,pdfplumber,OK,derechosvarios,Contenidos y producción,9M 2024,False
TV+,2024-09-30,data/raw/pdf/TV+/88272/2024110658811_2.pdf,acumulado9m,comparativo,2023-01-01,2023-09-30,9,False,Derechos varios,70482,34,pdfplumber,OK,derechosvarios,Contenidos y producción,9M 2023,True
TV+,2024-09-30,data/raw/pdf/TV+/88272/2024110658811_2.pdf,acumulado9m,actual,2024-01-01,2024-09-30,10,False,Otros costos operacionales,221456,34,pdfplumber,OK,otroscostosoperacionales,Otros costos,9M 2024,False
TV+,2024-09-30,data/raw/pdf/TV+/88272/2024110658811_2.pdf,acumulado9m,comparativo,2023-01-01,2023-09-30,10,False,Otros costos operacionales,373891,34,pdfplumber,OK,otroscostosoperacionales,Otros costos,9M 2023,True
TV+,2024-09-30,data/raw/pdf/TV+/88272/2024110658811_2.pdf,acumulado9m,actual,2024-01-01,2024-09-30,11,False,Servicio verificación,33566,34,pdfplumber,OK,servicioverificacion,Comercialización de audiencias,9M 2024,False
TV+,2024-09-30,data/raw/pdf/TV+/88272/2024110658811_2.pdf,acumulado9m,comparativo,2023-01-01,2023-09-30,11,False,Servicio verificación,35386,34,pdfplumber,OK,servicioverificacion,Comercialización de audiencias,9M 2023,True
TV+,2024-09-30,data/raw/pdf/TV+/88272/2024110658811_2.pdf,acumulado9m,actual,2024-01-01,2024-09-30,12,False,Costo Publisher,216704,34,pdfplumber,OK,costopublisher,Comercialización de audiencias,9M 2024,False
TV+,2024-09-30,data/raw/pdf/TV+/88272/2024110658811_2.pdf,acumulado9m,comparativo,2023-01-01,2023-09-30,12,False,Costo Publisher,266647,34,pdfplumber,OK,costopublisher,Comercialización de audiencias,9M 2023,True
TV+,2024-12-31,data/raw/pdf/TV+/93021/ESTADOS FINACIONEROS.pdf,anual,actual,2024-01-01,2024-12-31,0,False,Producción de programas,1521834,39,pdfplumber,OK,producciondeprogramas,Contenidos y producción,FY2024,False
TV+,2024-12-31,data/raw/pdf/TV+/93021/ESTADOS FINACIONEROS.pdf,anual,comparativo,2023-01-01,2023-12-31,0,False,Producción de programas,1418062,39,pdfplumber,OK,producciondeprogramas,Contenidos y producción,FY2023,True
TV+,2024-12-31,data/raw/pdf/TV+/93021/ESTADOS FINACIONEROS.pdf,anual,actual,2024-01-01,2024-12-31,1,False,Remuneración personal operativo,839584,39,pdfplumber,OK,remuneracionpersonaloperativo,Personal,FY2024,False
TV+,2024-12-31,data/raw/pdf/TV+/93021/ESTADOS FINACIONEROS.pdf,anual,comparativo,2023-01-01,2023-12-31,1,False,Remuneración personal operativo,859751,39,pdfplumber,OK,remuneracionpersonaloperativo,Personal,FY2023,True
TV+,2024-12-31,data/raw/pdf/TV+/93021/ESTADOS FINACIONEROS.pdf,anual,actual,2024-01-01,2024-12-31,2,False,Amortización derecho material y concesiones,91327,39,pdfplumber,OK,amortizacionderechomaterialyconcesiones,Contenidos y producción,FY2024,False
TV+,2024-12-31,data/raw/pdf/TV+/93021/ESTADOS FINACIONEROS.pdf,anual,comparativo,2023-01-01,2023-12-31,2,False,Amortización derecho material y concesiones,111847,39,pdfplumber,OK,amortizacionderechomaterialyconcesiones,Contenidos y producción,FY2023,True
TV+,2024-12-31,data/raw/pdf/TV+/93021/ESTADOS FINACIONEROS.pdf,anual,actual,2024-01-01,2024-12-31,3,False,Comisión agencia,330220,39,pdfplumber,OK,comisionagencia,Comercialización de audiencias,FY2024,False
TV+,2024-12-31,data/raw/pdf/TV+/93021/ESTADOS FINACIONEROS.pdf,anual,comparativo,2023-01-01,2023-12-31,3,False,Comisión agencia,391842,39,pdfplumber,OK,comisionagencia,Comercialización de audiencias,FY2023,True
TV+,2024-12-31,data/raw/pdf/TV+/93021/ESTADOS FINACIONEROS.pdf,anual,actual,2024-01-01,2024-12-31,4,False,Medición publicitaria,276764,39,pdfplumber,OK,medicionpublicitaria,Comercialización de audiencias,FY2024,False
TV+,2024-12-31,data/raw/pdf/TV+/93021/ESTADOS FINACIONEROS.pdf,anual,comparativo,2023-01-01,2023-12-31,4,False,Medición publicitaria,271443,39,pdfplumber,OK,medicionpublicitaria,Comercialización de audiencias,FY2023,True
TV+,2024-12-31,data/raw/pdf/TV+/93021/ESTADOS FINACIONEROS.pdf,anual,actual,2024-01-01,2024-12-31,5,False,Arriendo de estudios y sitio de transmisión,69353,39,pdfplumber,OK,arriendodeestudiosysitiodetransmision,Técnica y transmisión,FY2024,False
TV+,2024-12-31,data/raw/pdf/TV+/93021/ESTADOS FINACIONEROS.pdf,anual,comparativo,2023-01-01,2023-12-31,5,False,Arriendo de estudios y sitio de transmisión,73781,39,pdfplumber,OK,arriendodeestudiosysitiodetransmision,Técnica y transmisión,FY2023,True
TV+,2024-12-31,data/raw/pdf/TV+/93021/ESTADOS FINACIONEROS.pdf,anual,actual,2024-01-01,2024-12-31,6,False,"Depreciación de propiedad, plantas y equipos",298337,39,pdfplumber,OK,"depreciaciondepropiedad,plantasyequipos",Depreciación y amortización,FY2024,False
TV+,2024-12-31,data/raw/pdf/TV+/93021/ESTADOS FINACIONEROS.pdf,anual,comparativo,2023-01-01,2023-12-31,6,False,"Depreciación de propiedad, plantas y equipos",335920,39,pdfplumber,OK,"depreciaciondepropiedad,plantasyequipos",Depreciación y amortización,FY2023,True
TV+,2024-12-31,data/raw/pdf/TV+/93021/ESTADOS FINACIONEROS.pdf,anual,actual,2024-01-01,2024-12-31,7,False,Gastos generales,42274,39,pdfplumber,OK,gastosgenerales,Otros costos,FY2024,False
TV+,2024-12-31,data/raw/pdf/TV+/93021/ESTADOS FINACIONEROS.pdf,anual,comparativo,2023-01-01,2023-12-31,7,False,Gastos generales,94589,39,pdfplumber,OK,gastosgenerales,Otros costos,FY2023,True
TV+,2024-12-31,data/raw/pdf/TV+/93021/ESTADOS FINACIONEROS.pdf,anual,actual,2024-01-01,2024-12-31,8,False,Servicios de red,64196,39,pdfplumber,OK,serviciosdered,Técnica y transmisión,FY2024,False
TV+,2024-12-31,data/raw/pdf/TV+/93021/ESTADOS FINACIONEROS.pdf,anual,comparativo,2023-01-01,2023-12-31,8,False,Servicios de red,119134,39,pdfplumber,OK,serviciosdered,Técnica y transmisión,FY2023,True
TV+,2024-12-31,data/raw/pdf/TV+/93021/ESTADOS FINACIONEROS.pdf,anual,actual,2024-01-01,2024-12-31,9,False,Derechos varios,97765,39,pdfplumber,OK,derechosvarios,Contenidos y producción,FY2024,False
TV+,2024-12-31,data/raw/pdf/TV+/93021/ESTADOS FINACIONEROS.pdf,anual,comparativo,2023-01-01,2023-12-31,9,False,Derechos varios,93048,39,pdfplumber,OK,derechosvarios,Contenidos y producción,FY2023,True
TV+,2024-12-31,data/raw/pdf/TV+/93021/ESTADOS FINACIONEROS.pdf,anual,actual,2024-01-01,2024-12-31,10,False,Otros costos operacionales,210946,39,pdfplumber,OK,otroscostosoperacionales,Otros costos,FY2024,False
TV+,2024-12-31,data/raw/pdf/TV+/93021/ESTADOS FINACIONEROS.pdf,anual,comparativo,2023-01-01,2023-12-31,10,False,Otros costos operacionales,225658,39,pdfplumber,OK,otroscostosoperacionales,Otros costos,FY2023,True
TV+,2024-12-31,data/raw/pdf/TV+/93021/ESTADOS FINACIONEROS.pdf,anual,actual,2024-01-01,2024-12-31,11,False,Servicio verificación,46122,39,pdfplumber,OK,servicioverificacion,Comercialización de audiencias,FY2024,False
TV+,2024-12-31,data/raw/pdf/TV+/93021/ESTADOS FINACIONEROS.pdf,anual,comparativo,2023-01-01,2023-12-31,11,False,Servicio verificación,47394,39,pdfplumber,OK,servicioverificacion,Comercialización de audiencias,FY2023,True
TV+,2024-12-31,data/raw/pdf/TV+/93021/ESTADOS FINACIONEROS.pdf,anual,actual,2024-01-01,2024-12-31,12,False,Costo Publisher,303086,39,pdfplumber,OK,costopublisher,Comercialización de audiencias,FY2024,False
TV+,2024-12-31,data/raw/pdf/TV+/93021/ESTADOS FINACIONEROS.pdf,anual,comparativo,2023-01-01,2023-12-31,12,False,Costo Publisher,349691,39,pdfplumber,OK,costopublisher,Comercialización de audiencias,FY2023,True
TV+,2025-03-31,data/raw/pdf/TV+/95053/2025050381488_2.pdf,trimestre,actual,2025-01-01,2025-03-31,0,False,Producción de programas,186400,34,pdfplumber,OK,producciondeprogramas,Contenidos y producción,Q1 2025,False
TV+,2025-03-31,data/raw/pdf/TV+/95053/2025050381488_2.pdf,trimestre,comparativo,2024-01-01,2024-03-31,0,False,Producción de programas,238989,34,pdfplumber,OK,producciondeprogramas,Contenidos y producción,Q1 2024,True
TV+,2025-03-31,data/raw/pdf/TV+/95053/2025050381488_2.pdf,trimestre,actual,2025-01-01,2025-03-31,1,False,Remuneración personal operativo,221002,34,pdfplumber,OK,remuneracionpersonaloperativo,Personal,Q1 2025,False
TV+,2025-03-31,data/raw/pdf/TV+/95053/2025050381488_2.pdf,trimestre,comparativo,2024-01-01,2024-03-31,1,False,Remuneración personal operativo,216807,34,pdfplumber,OK,remuneracionpersonaloperativo,Personal,Q1 2024,True
TV+,2025-03-31,data/raw/pdf/TV+/95053/2025050381488_2.pdf,trimestre,actual,2025-01-01,2025-03-31,2,False,Amortización derecho material y concesiones,22947,34,pdfplumber,OK,amortizacionderechomaterialyconcesiones,Contenidos y producción,Q1 2025,False
TV+,2025-03-31,data/raw/pdf/TV+/95053/2025050381488_2.pdf,trimestre,comparativo,2024-01-01,2024-03-31,2,False,Amortización derecho material y concesiones,25190,34,pdfplumber,OK,amortizacionderechomaterialyconcesiones,Contenidos y producción,Q1 2024,True
TV+,2025-03-31,data/raw/pdf/TV+/95053/2025050381488_2.pdf,trimestre,actual,2025-01-01,2025-03-31,3,False,Comisión agencia,57759,34,pdfplumber,OK,comisionagencia,Comercialización de audiencias,Q1 2025,False
TV+,2025-03-31,data/raw/pdf/TV+/95053/2025050381488_2.pdf,trimestre,comparativo,2024-01-01,2024-03-31,3,False,Comisión agencia,57635,34,pdfplumber,OK,comisionagencia,Comercialización de audiencias,Q1 2024,True
TV+,2025-03-31,data/raw/pdf/TV+/95053/2025050381488_2.pdf,trimestre,actual,2025-01-01,2025-03-31,4,False,Medición publicitaria,31294,34,pdfplumber,OK,medicionpublicitaria,Comercialización de audiencias,Q1 2025,False
TV+,2025-03-31,data/raw/pdf/TV+/95053/2025050381488_2.pdf,trimestre,comparativo,2024-01-01,2024-03-31,4,False,Medición publicitaria,71063,34,pdfplumber,OK,medicionpublicitaria,Comercialización de audiencias,Q1 2024,True
TV+,2025-03-31,data/raw/pdf/TV+/95053/2025050381488_2.pdf,trimestre,actual,2025-01-01,2025-03-31,5,False,Arriendo de estudios y sitio de transmisión,15725,34,pdfplumber,OK,arriendodeestudiosysitiodetransmision,Técnica y transmisión,Q1 2025,False
TV+,2025-03-31,data/raw/pdf/TV+/95053/2025050381488_2.pdf,trimestre,comparativo,2024-01-01,2024-03-31,5,False,Arriendo de estudios y sitio de transmisión,18886,34,pdfplumber,OK,arriendodeestudiosysitiodetransmision,Técnica y transmisión,Q1 2024,True
TV+,2025-03-31,data/raw/pdf/TV+/95053/2025050381488_2.pdf,trimestre,actual,2025-01-01,2025-03-31,6,False,"Depreciación de propiedad, plantas y equipos",74416,34,pdfplumber,OK,"depreciaciondepropiedad,plantasyequipos",Depreciación y amortización,Q1 2025,False
TV+,2025-03-31,data/raw/pdf/TV+/95053/2025050381488_2.pdf,trimestre,comparativo,2024-01-01,2024-03-31,6,False,"Depreciación de propiedad, plantas y equipos",81040,34,pdfplumber,OK,"depreciaciondepropiedad,plantasyequipos",Depreciación y amortización,Q1 2024,True
TV+,2025-03-31,data/raw/pdf/TV+/95053/2025050381488_2.pdf,trimestre,actual,2025-01-01,2025-03-31,7,False,Gastos generales,93106,34,pdfplumber,OK,gastosgenerales,Otros costos,Q1 2025,False
TV+,2025-03-31,data/raw/pdf/TV+/95053/2025050381488_2.pdf,trimestre,comparativo,2024-01-01,2024-03-31,7,False,Gastos generales,18353,34,pdfplumber,OK,gastosgenerales,Otros costos,Q1 2024,True
TV+,2025-03-31,data/raw/pdf/TV+/95053/2025050381488_2.pdf,trimestre,actual,2025-01-01,2025-03-31,8,False,Servicios de red,18994,34,pdfplumber,OK,serviciosdered,Técnica y transmisión,Q1 2025,False
TV+,2025-03-31,data/raw/pdf/TV+/95053/2025050381488_2.pdf,trimestre,comparativo,2024-01-01,2024-03-31,8,False,Servicios de red,16874,34,pdfplumber,OK,serviciosdered,Técnica y transmisión,Q1 2024,True
TV+,2025-03-31,data/raw/pdf/TV+/95053/2025050381488_2.pdf,trimestre,actual,2025-01-01,2025-03-31,9,False,Derechos varios,22024,34,pdfplumber,OK,derechosvarios,Contenidos y producción,Q1 2025,False
TV+,2025-03-31,data/raw/pdf/TV+/95053/2025050381488_2.pdf,trimestre,comparativo,2024-01-01,2024-03-31,9,False,Derechos varios,25099,34,pdfplumber,OK,derechosvarios,Contenidos y producción,Q1 2024,True
TV+,2025-03-31,data/raw/pdf/TV+/95053/2025050381488_2.pdf,trimestre,actual,2025-01-01,2025-03-31,10,False,Otros costos operacionales,134750,34,pdfplumber,OK,otroscostosoperacionales,Otros costos,Q1 2025,False
TV+,2025-03-31,data/raw/pdf/TV+/95053/2025050381488_2.pdf,trimestre,comparativo,2024-01-01,2024-03-31,10,False,Otros costos operacionales,138193,34,pdfplumber,OK,otroscostosoperacionales,Otros costos,Q1 2024,True
TV+,2025-03-31,data/raw/pdf/TV+/95053/2025050381488_2.pdf,trimestre,actual,2025-01-01,2025-03-31,11,False,Servicio verificación,12701,34,pdfplumber,OK,servicioverificacion,Comercialización de audiencias,Q1 2025,False
TV+,2025-03-31,data/raw/pdf/TV+/95053/2025050381488_2.pdf,trimestre,comparativo,2024-01-01,2024-03-31,11,False,Servicio verificación,12143,34,pdfplumber,OK,servicioverificacion,Comercialización de audiencias,Q1 2024,True
TV+,2025-03-31,data/raw/pdf/TV+/95053/2025050381488_2.pdf,trimestre,actual,2025-01-01,2025-03-31,12,False,Costo Publisher,53316,34,pdfplumber,OK,costopublisher,Comercialización de audiencias,Q1 2025,False
TV+,2025-03-31,data/raw/pdf/TV+/95053/2025050381488_2.pdf,trimestre,comparativo,2024-01-01,2024-03-31,12,False,Costo Publisher,53202,34,pdfplumber,OK,costopublisher,Comercialización de audiencias,Q1 2024,True
TV+,2025-09-30,data/raw/pdf/TV+/101643/Estados financieros.pdf,acumulado9m,actual,2025-01-01,2025-09-30,0,False,Producción de programas,718995,35,pdfplumber,OK,producciondeprogramas,Contenidos y producción,9M 2025,True
TV+,2025-09-30,data/raw/pdf/TV+/101643/Estados financieros.pdf,acumulado9m,comparativo,2024-01-01,2024-09-30,0,False,Producción de programas,755947,35,pdfplumber,OK,producciondeprogramas,Contenidos y producción,9M 2024,True
TV+,2025-09-30,data/raw/pdf/TV+/101643/Estados financieros.pdf,acumulado9m,actual,2025-01-01,2025-09-30,1,False,Remuneración personal operativo,701110,35,pdfplumber,OK,remuneracionpersonaloperativo,Personal,9M 2025,True
TV+,2025-09-30,data/raw/pdf/TV+/101643/Estados financieros.pdf,acumulado9m,comparativo,2024-01-01,2024-09-30,1,False,Remuneración personal operativo,596776,35,pdfplumber,OK,remuneracionpersonaloperativo,Personal,9M 2024,True
TV+,2025-09-30,data/raw/pdf/TV+/101643/Estados financieros.pdf,acumulado9m,actual,2025-01-01,2025-09-30,2,False,Amortización derecho material y concesiones,68180,35,pdfplumber,OK,amortizacionderechomaterialyconcesiones,Contenidos y producción,9M 2025,True
TV+,2025-09-30,data/raw/pdf/TV+/101643/Estados financieros.pdf,acumulado9m,comparativo,2024-01-01,2024-09-30,2,False,Amortización derecho material y concesiones,66874,35,pdfplumber,OK,amortizacionderechomaterialyconcesiones,Contenidos y producción,9M 2024,True
TV+,2025-09-30,data/raw/pdf/TV+/101643/Estados financieros.pdf,acumulado9m,actual,2025-01-01,2025-09-30,3,False,Comisión agencia,184492,35,pdfplumber,OK,comisionagencia,Comercialización de audiencias,9M 2025,True
TV+,2025-09-30,data/raw/pdf/TV+/101643/Estados financieros.pdf,acumulado9m,comparativo,2024-01-01,2024-09-30,3,False,Comisión agencia,235660,35,pdfplumber,OK,comisionagencia,Comercialización de audiencias,9M 2024,True
TV+,2025-09-30,data/raw/pdf/TV+/101643/Estados financieros.pdf,acumulado9m,actual,2025-01-01,2025-09-30,4,False,Medición publicitaria,100159,35,pdfplumber,OK,medicionpublicitaria,Comercialización de audiencias,9M 2025,True
TV+,2025-09-30,data/raw/pdf/TV+/101643/Estados financieros.pdf,acumulado9m,comparativo,2024-01-01,2024-09-30,4,False,Medición publicitaria,216778,35,pdfplumber,OK,medicionpublicitaria,Comercialización de audiencias,9M 2024,True
TV+,2025-09-30,data/raw/pdf/TV+/101643/Estados financieros.pdf,acumulado9m,actual,2025-01-01,2025-09-30,5,False,Arriendo de estudios y sitio de transmisión,56819,35,pdfplumber,OK,arriendodeestudiosysitiodetransmision,Técnica y transmisión,9M 2025,True
TV+,2025-09-30,data/raw/pdf/TV+/101643/Estados financieros.pdf,acumulado9m,comparativo,2024-01-01,2024-09-30,5,False,Arriendo de estudios y sitio de transmisión,136444,35,pdfplumber,OK,arriendodeestudiosysitiodetransmision,Técnica y transmisión,9M 2024,True
TV+,2025-09-30,data/raw/pdf/TV+/101643/Estados financieros.pdf,acumulado9m,actual,2025-01-01,2025-09-30,6,False,"Depreciación de propiedad, plantas y equipos",223949,35,pdfplumber,OK,"depreciaciondepropiedad,plantasyequipos",Depreciación y amortización,9M 2025,True
TV+,2025-09-30,data/raw/pdf/TV+/101643/Estados financieros.pdf,acumulado9m,comparativo,2024-01-01,2024-09-30,6,False,"Depreciación de propiedad, plantas y equipos",219743,35,pdfplumber,OK,"depreciaciondepropiedad,plantasyequipos",Depreciación y amortización,9M 2024,True
TV+,2025-09-30,data/raw/pdf/TV+/101643/Estados financieros.pdf,acumulado9m,actual,2025-01-01,2025-09-30,7,False,Gastos canje,306063,35,pdfplumber,OK,gastoscanje,Canje,9M 2025,True
TV+,2025-09-30,data/raw/pdf/TV+/101643/Estados financieros.pdf,acumulado9m,comparativo,2024-01-01,2024-09-30,7,False,Gastos canje,297546,35,pdfplumber,OK,gastoscanje,Canje,9M 2024,True
TV+,2025-09-30,data/raw/pdf/TV+/101643/Estados financieros.pdf,acumulado9m,actual,2025-01-01,2025-09-30,8,False,Servicios de red,67549,35,pdfplumber,OK,serviciosdered,Técnica y transmisión,9M 2025,True
TV+,2025-09-30,data/raw/pdf/TV+/101643/Estados financieros.pdf,acumulado9m,comparativo,2024-01-01,2024-09-30,8,False,Servicios de red,50507,35,pdfplumber,OK,serviciosdered,Técnica y transmisión,9M 2024,True
TV+,2025-09-30,data/raw/pdf/TV+/101643/Estados financieros.pdf,acumulado9m,actual,2025-01-01,2025-09-30,9,False,Derechos varios,63073,35,pdfplumber,OK,derechosvarios,Contenidos y producción,9M 2025,True
TV+,2025-09-30,data/raw/pdf/TV+/101643/Estados financieros.pdf,acumulado9m,comparativo,2024-01-01,2024-09-30,9,False,Derechos varios,69786,35,pdfplumber,OK,derechosvarios,Contenidos y producción,9M 2024,True
TV+,2025-09-30,data/raw/pdf/TV+/101643/Estados financieros.pdf,acumulado9m,actual,2025-01-01,2025-09-30,10,False,Otros costos operacionales,331398,35,pdfplumber,OK,otroscostosoperacionales,Otros costos,9M 2025,True
TV+,2025-09-30,data/raw/pdf/TV+/101643/Estados financieros.pdf,acumulado9m,comparativo,2024-01-01,2024-09-30,10,False,Otros costos operacionales,221456,35,pdfplumber,OK,otroscostosoperacionales,Otros costos,9M 2024,True
TV+,2025-09-30,data/raw/pdf/TV+/101643/Estados financieros.pdf,acumulado9m,actual,2025-01-01,2025-09-30,11,False,Servicio verificación,38552,35,pdfplumber,OK,servicioverificacion,Comercialización de audiencias,9M 2025,True
TV+,2025-09-30,data/raw/pdf/TV+/101643/Estados financieros.pdf,acumulado9m,comparativo,2024-01-01,2024-09-30,11,False,Servicio verificación,33566,35,pdfplumber,OK,servicioverificacion,Comercialización de audiencias,9M 2024,True
TV+,2025-09-30,data/raw/pdf/TV+/101643/Estados financieros.pdf,acumulado9m,actual,2025-01-01,2025-09-30,12,False,Costo Publisher,170298,35,pdfplumber,OK,costopublisher,Comercialización de audiencias,9M 2025,True
TV+,2025-09-30,data/raw/pdf/TV+/101643/Estados financieros.pdf,acumulado9m,comparativo,2024-01-01,2024-09-30,12,False,Costo Publisher,216704,35,pdfplumber,OK,costopublisher,Comercialización de audiencias,9M 2024,True
TV+,2025-12-31,data/raw/pdf/TV+/109185/2026030214030_2.pdf,anual,actual,2025-01-01,2025-12-31,0,False,Producción de programas,1449624,39,pdfplumber,OK,producciondeprogramas,Contenidos y producción,FY2025,True
TV+,2025-12-31,data/raw/pdf/TV+/109185/2026030214030_2.pdf,anual,comparativo,2024-01-01,2024-12-31,0,False,Producción de programas,1521834,39,pdfplumber,OK,producciondeprogramas,Contenidos y producción,FY2024,True
TV+,2025-12-31,data/raw/pdf/TV+/109185/2026030214030_2.pdf,anual,actual,2025-01-01,2025-12-31,1,False,Remuneración personal operativo,1034707,39,pdfplumber,OK,remuneracionpersonaloperativo,Personal,FY2025,True
TV+,2025-12-31,data/raw/pdf/TV+/109185/2026030214030_2.pdf,anual,comparativo,2024-01-01,2024-12-31,1,False,Remuneración personal operativo,839584,39,pdfplumber,OK,remuneracionpersonaloperativo,Personal,FY2024,True
TV+,2025-12-31,data/raw/pdf/TV+/109185/2026030214030_2.pdf,anual,actual,2025-01-01,2025-12-31,2,False,Costo Publisher,232784,39,pdfplumber,OK,costopublisher,Comercialización de audiencias,FY2025,True
TV+,2025-12-31,data/raw/pdf/TV+/109185/2026030214030_2.pdf,anual,comparativo,2024-01-01,2024-12-31,2,False,Costo Publisher,303086,39,pdfplumber,OK,costopublisher,Comercialización de audiencias,FY2024,True
TV+,2025-12-31,data/raw/pdf/TV+/109185/2026030214030_2.pdf,anual,actual,2025-01-01,2025-12-31,3,False,"Depreciación de propiedad, plantas y equipos",293221,39,pdfplumber,OK,"depreciaciondepropiedad,plantasyequipos",Depreciación y amortización,FY2025,True
TV+,2025-12-31,data/raw/pdf/TV+/109185/2026030214030_2.pdf,anual,comparativo,2024-01-01,2024-12-31,3,False,"Depreciación de propiedad, plantas y equipos",298337,39,pdfplumber,OK,"depreciaciondepropiedad,plantasyequipos",Depreciación y amortización,FY2024,True
TV+,2025-12-31,data/raw/pdf/TV+/109185/2026030214030_2.pdf,anual,actual,2025-01-01,2025-12-31,4,False,Amortización derecho material y concesiones,93978,39,pdfplumber,OK,amortizacionderechomaterialyconcesiones,Contenidos y producción,FY2025,True
TV+,2025-12-31,data/raw/pdf/TV+/109185/2026030214030_2.pdf,anual,comparativo,2024-01-01,2024-12-31,4,False,Amortización derecho material y concesiones,91327,39,pdfplumber,OK,amortizacionderechomaterialyconcesiones,Contenidos y producción,FY2024,True
TV+,2025-12-31,data/raw/pdf/TV+/109185/2026030214030_2.pdf,anual,actual,2025-01-01,2025-12-31,5,False,Comisión agencia,155256,39,pdfplumber,OK,comisionagencia,Comercialización de audiencias,FY2025,True
TV+,2025-12-31,data/raw/pdf/TV+/109185/2026030214030_2.pdf,anual,comparativo,2024-01-01,2024-12-31,5,False,Comisión agencia,330220,39,pdfplumber,OK,comisionagencia,Comercialización de audiencias,FY2024,True
TV+,2025-12-31,data/raw/pdf/TV+/109185/2026030214030_2.pdf,anual,actual,2025-01-01,2025-12-31,6,False,Medición publicitaria,137111,39,pdfplumber,OK,medicionpublicitaria,Comercialización de audiencias,FY2025,True
TV+,2025-12-31,data/raw/pdf/TV+/109185/2026030214030_2.pdf,anual,comparativo,2024-01-01,2024-12-31,6,False,Medición publicitaria,276764,39,pdfplumber,OK,medicionpublicitaria,Comercialización de audiencias,FY2024,True
TV+,2025-12-31,data/raw/pdf/TV+/109185/2026030214030_2.pdf,anual,actual,2025-01-01,2025-12-31,7,False,Honorario y asesorías,112716,39,pdfplumber,OK,honorarioyasesorias,Otros costos,FY2025,True
TV+,2025-12-31,data/raw/pdf/TV+/109185/2026030214030_2.pdf,anual,comparativo,2024-01-01,2024-12-31,7,False,Honorario y asesorías,63265,39,pdfplumber,OK,honorarioyasesorias,Otros costos,FY2024,True
TV+,2025-12-31,data/raw/pdf/TV+/109185/2026030214030_2.pdf,anual,actual,2025-01-01,2025-12-31,8,False,Arriendo de estudios y sitio de transmisión,80438,39,pdfplumber,OK,arriendodeestudiosysitiodetransmision,Técnica y transmisión,FY2025,True
TV+,2025-12-31,data/raw/pdf/TV+/109185/2026030214030_2.pdf,anual,comparativo,2024-01-01,2024-12-31,8,False,Arriendo de estudios y sitio de transmisión,69353,39,pdfplumber,OK,arriendodeestudiosysitiodetransmision,Técnica y transmisión,FY2024,True
TV+,2025-12-31,data/raw/pdf/TV+/109185/2026030214030_2.pdf,anual,actual,2025-01-01,2025-12-31,9,False,Gastos generales,53724,39,pdfplumber,OK,gastosgenerales,Otros costos,FY2025,True
TV+,2025-12-31,data/raw/pdf/TV+/109185/2026030214030_2.pdf,anual,comparativo,2024-01-01,2024-12-31,9,False,Gastos generales,42274,39,pdfplumber,OK,gastosgenerales,Otros costos,FY2024,True
TV+,2025-12-31,data/raw/pdf/TV+/109185/2026030214030_2.pdf,anual,actual,2025-01-01,2025-12-31,10,False,Servicios de red,96092,39,pdfplumber,OK,serviciosdered,Técnica y transmisión,FY2025,True
TV+,2025-12-31,data/raw/pdf/TV+/109185/2026030214030_2.pdf,anual,comparativo,2024-01-01,2024-12-31,10,False,Servicios de red,64196,39,pdfplumber,OK,serviciosdered,Técnica y transmisión,FY2024,True
TV+,2025-12-31,data/raw/pdf/TV+/109185/2026030214030_2.pdf,anual,actual,2025-01-01,2025-12-31,11,False,Derechos varios,79340,39,pdfplumber,OK,derechosvarios,Contenidos y producción,FY2025,True
TV+,2025-12-31,data/raw/pdf/TV+/109185/2026030214030_2.pdf,anual,comparativo,2024-01-01,2024-12-31,11,False,Derechos varios,97765,39,pdfplumber,OK,derechosvarios,Contenidos y producción,FY2024,True
TV+,2025-12-31,data/raw/pdf/TV+/109185/2026030214030_2.pdf,anual,actual,2025-01-01,2025-12-31,12,False,Servicio verificación,51613,39,pdfplumber,OK,servicioverificacion,Comercialización de audiencias,FY2025,True
TV+,2025-12-31,data/raw/pdf/TV+/109185/2026030214030_2.pdf,anual,comparativo,2024-01-01,2024-12-31,12,False,Servicio verificación,46122,39,pdfplumber,OK,servicioverificacion,Comercialización de audiencias,FY2024,True
TV+,2025-12-31,data/raw/pdf/TV+/109185/2026030214030_2.pdf,anual,actual,2025-01-01,2025-12-31,13,False,Plataformas digitales,28222,39,pdfplumber,OK,plataformasdigitales,Otros costos,FY2025,True
TV+,2025-12-31,data/raw/pdf/TV+/109185/2026030214030_2.pdf,anual,comparativo,2024-01-01,2024-12-31,13,False,Plataformas digitales,12124,39,pdfplumber,OK,plataformasdigitales,Otros costos,FY2024,True
TV+,2025-12-31,data/raw/pdf/TV+/109185/2026030214030_2.pdf,anual,actual,2025-01-01,2025-12-31,14,False,Otros costos operacionales,156660,39,pdfplumber,OK,otroscostosoperacionales,Otros costos,FY2025,True
TV+,2025-12-31,data/raw/pdf/TV+/109185/2026030214030_2.pdf,anual,comparativo,2024-01-01,2024-12-31,14,False,Otros costos operacionales,135557,39,pdfplumber,OK,otroscostosoperacionales,Otros costos,FY2024,True
TV+,2026-03-31,data/raw/pdf/TV+/111128/2026050359074_2.pdf,trimestre,actual,2026-01-01,2026-03-31,0,False,Producción de programas,204970,35,pdfplumber,OK,producciondeprogramas,Contenidos y producción,Q1 2026,True
TV+,2026-03-31,data/raw/pdf/TV+/111128/2026050359074_2.pdf,trimestre,comparativo,2025-01-01,2025-03-31,0,False,Producción de programas,186400,35,pdfplumber,OK,producciondeprogramas,Contenidos y producción,Q1 2025,True
TV+,2026-03-31,data/raw/pdf/TV+/111128/2026050359074_2.pdf,trimestre,actual,2026-01-01,2026-03-31,1,False,Remuneración personal operativo,198685,35,pdfplumber,OK,remuneracionpersonaloperativo,Personal,Q1 2026,True
TV+,2026-03-31,data/raw/pdf/TV+/111128/2026050359074_2.pdf,trimestre,comparativo,2025-01-01,2025-03-31,1,False,Remuneración personal operativo,221002,35,pdfplumber,OK,remuneracionpersonaloperativo,Personal,Q1 2025,True
TV+,2026-03-31,data/raw/pdf/TV+/111128/2026050359074_2.pdf,trimestre,actual,2026-01-01,2026-03-31,2,False,Costo Publisher,30512,35,pdfplumber,OK,costopublisher,Comercialización de audiencias,Q1 2026,True
TV+,2026-03-31,data/raw/pdf/TV+/111128/2026050359074_2.pdf,trimestre,comparativo,2025-01-01,2025-03-31,2,False,Costo Publisher,53316,35,pdfplumber,OK,costopublisher,Comercialización de audiencias,Q1 2025,True
TV+,2026-03-31,data/raw/pdf/TV+/111128/2026050359074_2.pdf,trimestre,actual,2026-01-01,2026-03-31,3,False,"Depreciación de propiedad, plantas y equipos",64715,35,pdfplumber,OK,"depreciaciondepropiedad,plantasyequipos",Depreciación y amortización,Q1 2026,True
TV+,2026-03-31,data/raw/pdf/TV+/111128/2026050359074_2.pdf,trimestre,comparativo,2025-01-01,2025-03-31,3,False,"Depreciación de propiedad, plantas y equipos",74416,35,pdfplumber,OK,"depreciaciondepropiedad,plantasyequipos",Depreciación y amortización,Q1 2025,True
TV+,2026-03-31,data/raw/pdf/TV+/111128/2026050359074_2.pdf,trimestre,actual,2026-01-01,2026-03-31,4,False,Gasto canje,68093,35,pdfplumber,OK,gastocanje,Canje,Q1 2026,True
TV+,2026-03-31,data/raw/pdf/TV+/111128/2026050359074_2.pdf,trimestre,comparativo,2025-01-01,2025-03-31,4,False,Gasto canje,0,35,pdfplumber,OK,gastocanje,Canje,Q1 2025,True
TV+,2026-03-31,data/raw/pdf/TV+/111128/2026050359074_2.pdf,trimestre,actual,2026-01-01,2026-03-31,5,False,Amortización derecho material y concesiones,24580,35,pdfplumber,OK,amortizacionderechomaterialyconcesiones,Contenidos y producción,Q1 2026,True
TV+,2026-03-31,data/raw/pdf/TV+/111128/2026050359074_2.pdf,trimestre,comparativo,2025-01-01,2025-03-31,5,False,Amortización derecho material y concesiones,22947,35,pdfplumber,OK,amortizacionderechomaterialyconcesiones,Contenidos y producción,Q1 2025,True
TV+,2026-03-31,data/raw/pdf/TV+/111128/2026050359074_2.pdf,trimestre,actual,2026-01-01,2026-03-31,6,False,Comisión agencia,23106,35,pdfplumber,OK,comisionagencia,Comercialización de audiencias,Q1 2026,True
TV+,2026-03-31,data/raw/pdf/TV+/111128/2026050359074_2.pdf,trimestre,comparativo,2025-01-01,2025-03-31,6,False,Comisión agencia,57759,35,pdfplumber,OK,comisionagencia,Comercialización de audiencias,Q1 2025,True
TV+,2026-03-31,data/raw/pdf/TV+/111128/2026050359074_2.pdf,trimestre,actual,2026-01-01,2026-03-31,7,False,Medición publicitaria,32809,35,pdfplumber,OK,medicionpublicitaria,Comercialización de audiencias,Q1 2026,True
TV+,2026-03-31,data/raw/pdf/TV+/111128/2026050359074_2.pdf,trimestre,comparativo,2025-01-01,2025-03-31,7,False,Medición publicitaria,31294,35,pdfplumber,OK,medicionpublicitaria,Comercialización de audiencias,Q1 2025,True
TV+,2026-03-31,data/raw/pdf/TV+/111128/2026050359074_2.pdf,trimestre,actual,2026-01-01,2026-03-31,8,False,Arriendo de estudios y sitio de transmisión,39484,35,pdfplumber,OK,arriendodeestudiosysitiodetransmision,Técnica y transmisión,Q1 2026,True
TV+,2026-03-31,data/raw/pdf/TV+/111128/2026050359074_2.pdf,trimestre,comparativo,2025-01-01,2025-03-31,8,False,Arriendo de estudios y sitio de transmisión,15725,35,pdfplumber,OK,arriendodeestudiosysitiodetransmision,Técnica y transmisión,Q1 2025,True
TV+,2026-03-31,data/raw/pdf/TV+/111128/2026050359074_2.pdf,trimestre,actual,2026-01-01,2026-03-31,9,False,Gastos generales,0,35,pdfplumber,OK,gastosgenerales,Otros costos,Q1 2026,True
TV+,2026-03-31,data/raw/pdf/TV+/111128/2026050359074_2.pdf,trimestre,comparativo,2025-01-01,2025-03-31,9,False,Gastos generales,93106,35,pdfplumber,OK,gastosgenerales,Otros costos,Q1 2025,True
TV+,2026-03-31,data/raw/pdf/TV+/111128/2026050359074_2.pdf,trimestre,actual,2026-01-01,2026-03-31,10,False,Servicios de red,35433,35,pdfplumber,OK,serviciosdered,Técnica y transmisión,Q1 2026,True
TV+,2026-03-31,data/raw/pdf/TV+/111128/2026050359074_2.pdf,trimestre,comparativo,2025-01-01,2025-03-31,10,False,Servicios de red,18994,35,pdfplumber,OK,serviciosdered,Técnica y transmisión,Q1 2025,True
TV+,2026-03-31,data/raw/pdf/TV+/111128/2026050359074_2.pdf,trimestre,actual,2026-01-01,2026-03-31,11,False,Derechos varios,7337,35,pdfplumber,OK,derechosvarios,Contenidos y producción,Q1 2026,True
TV+,2026-03-31,data/raw/pdf/TV+/111128/2026050359074_2.pdf,trimestre,comparativo,2025-01-01,2025-03-31,11,False,Derechos varios,22024,35,pdfplumber,OK,derechosvarios,Contenidos y producción,Q1 2025,True
TV+,2026-03-31,data/raw/pdf/TV+/111128/2026050359074_2.pdf,trimestre,actual,2026-01-01,2026-03-31,12,False,Servicio verificación,13115,35,pdfplumber,OK,servicioverificacion,Comercialización de audiencias,Q1 2026,True
TV+,2026-03-31,data/raw/pdf/TV+/111128/2026050359074_2.pdf,trimestre,comparativo,2025-01-01,2025-03-31,12,False,Servicio verificación,12701,35,pdfplumber,OK,servicioverificacion,Comercialización de audiencias,Q1 2025,True
TV+,2026-03-31,data/raw/pdf/TV+/111128/2026050359074_2.pdf,trimestre,actual,2026-01-01,2026-03-31,13,False,Otros costos operacionales,58585,35,pdfplumber,OK,otroscostosoperacionales,Otros costos,Q1 2026,True
TV+,2026-03-31,data/raw/pdf/TV+/111128/2026050359074_2.pdf,trimestre,comparativo,2025-01-01,2025-03-31,13,False,Otros costos operacionales,134750,35,pdfplumber,OK,otroscostosoperacionales,Otros costos,Q1 2025,True
TV+,2026-06-30,data/raw/pdf/TV+/113712/2026090594782-2.pdf,semestre,actual,2026-01-01,2026-06-30,0,False,Producción de programas,372190,40,pdfplumber,OK,producciondeprogramas,Contenidos y producción,H1 2026,True
TV+,2026-06-30,data/raw/pdf/TV+/113712/2026090594782-2.pdf,semestre,comparativo,2025-01-01,2025-06-30,0,False,Producción de programas,449926,40,pdfplumber,OK,producciondeprogramas,Contenidos y producción,H1 2025,True
TV+,2026-06-30,data/raw/pdf/TV+/113712/2026090594782-2.pdf,trimestre,actual,2026-04-01,2026-06-30,0,False,Producción de programas,183723,40,pdfplumber,OK,producciondeprogramas,Contenidos y producción,Q2 2026,True
TV+,2026-06-30,data/raw/pdf/TV+/113712/2026090594782-2.pdf,trimestre,comparativo,2025-04-01,2025-06-30,0,False,Producción de programas,263526,40,pdfplumber,OK,producciondeprogramas,Contenidos y producción,Q2 2025,True
TV+,2026-06-30,data/raw/pdf/TV+/113712/2026090594782-2.pdf,semestre,actual,2026-01-01,2026-06-30,1,False,Remuneración del personal,420626,40,pdfplumber,OK,remuneraciondelpersonal,Personal,H1 2026,True
TV+,2026-06-30,data/raw/pdf/TV+/113712/2026090594782-2.pdf,semestre,comparativo,2025-01-01,2025-06-30,1,False,Remuneración del personal,465406,40,pdfplumber,OK,remuneraciondelpersonal,Personal,H1 2025,True
TV+,2026-06-30,data/raw/pdf/TV+/113712/2026090594782-2.pdf,trimestre,actual,2026-04-01,2026-06-30,1,False,Remuneración del personal,221314,40,pdfplumber,OK,remuneraciondelpersonal,Personal,Q2 2026,True
TV+,2026-06-30,data/raw/pdf/TV+/113712/2026090594782-2.pdf,trimestre,comparativo,2025-04-01,2025-06-30,1,False,Remuneración del personal,235337,40,pdfplumber,OK,remuneraciondelpersonal,Personal,Q2 2025,True
TV+,2026-06-30,data/raw/pdf/TV+/113712/2026090594782-2.pdf,semestre,actual,2026-01-01,2026-06-30,2,False,Amortización derecho material,51133,40,pdfplumber,OK,amortizacionderechomaterial,Contenidos y producción,H1 2026,True
TV+,2026-06-30,data/raw/pdf/TV+/113712/2026090594782-2.pdf,semestre,comparativo,2025-01-01,2025-06-30,2,False,Amortización derecho material,45946,40,pdfplumber,OK,amortizacionderechomaterial,Contenidos y producción,H1 2025,True
TV+,2026-06-30,data/raw/pdf/TV+/113712/2026090594782-2.pdf,trimestre,actual,2026-04-01,2026-06-30,2,False,Amortización derecho material,26553,40,pdfplumber,OK,amortizacionderechomaterial,Contenidos y producción,Q2 2026,True
TV+,2026-06-30,data/raw/pdf/TV+/113712/2026090594782-2.pdf,trimestre,comparativo,2025-04-01,2025-06-30,2,False,Amortización derecho material,23060,40,pdfplumber,OK,amortizacionderechomaterial,Contenidos y producción,Q2 2025,True
TV+,2026-06-30,data/raw/pdf/TV+/113712/2026090594782-2.pdf,semestre,actual,2026-01-01,2026-06-30,3,False,Comisión agencia,44200,40,pdfplumber,OK,comisionagencia,Comercialización de audiencias,H1 2026,True
TV+,2026-06-30,data/raw/pdf/TV+/113712/2026090594782-2.pdf,semestre,comparativo,2025-01-01,2025-06-30,3,False,Comisión agencia,121388,40,pdfplumber,OK,comisionagencia,Comercialización de audiencias,H1 2025,True
TV+,2026-06-30,data/raw/pdf/TV+/113712/2026090594782-2.pdf,trimestre,actual,2026-04-01,2026-06-30,3,False,Comisión agencia,21094,40,pdfplumber,OK,comisionagencia,Comercialización de audiencias,Q2 2026,True
TV+,2026-06-30,data/raw/pdf/TV+/113712/2026090594782-2.pdf,trimestre,comparativo,2025-04-01,2025-06-30,3,False,Comisión agencia,63629,40,pdfplumber,OK,comisionagencia,Comercialización de audiencias,Q2 2025,True
TV+,2026-06-30,data/raw/pdf/TV+/113712/2026090594782-2.pdf,semestre,actual,2026-01-01,2026-06-30,4,False,Medición publicitaria,66345,40,pdfplumber,OK,medicionpublicitaria,Comercialización de audiencias,H1 2026,True
TV+,2026-06-30,data/raw/pdf/TV+/113712/2026090594782-2.pdf,semestre,comparativo,2025-01-01,2025-06-30,4,False,Medición publicitaria,68024,40,pdfplumber,OK,medicionpublicitaria,Comercialización de audiencias,H1 2025,True
TV+,2026-06-30,data/raw/pdf/TV+/113712/2026090594782-2.pdf,trimestre,actual,2026-04-01,2026-06-30,4,False,Medición publicitaria,33536,40,pdfplumber,OK,medicionpublicitaria,Comercialización de audiencias,Q2 2026,True
TV+,2026-06-30,data/raw/pdf/TV+/113712/2026090594782-2.pdf,trimestre,comparativo,2025-04-01,2025-06-30,4,False,Medición publicitaria,36730,40,pdfplumber,OK,medicionpublicitaria,Comercialización de audiencias,Q2 2025,True
TV+,2026-06-30,data/raw/pdf/TV+/113712/2026090594782-2.pdf,semestre,actual,2026-01-01,2026-06-30,5,False,Arriendo de estudios y sitio de transmisión,40017,40,pdfplumber,OK,arriendodeestudiosysitiodetransmision,Técnica y transmisión,H1 2026,True
TV+,2026-06-30,data/raw/pdf/TV+/113712/2026090594782-2.pdf,semestre,comparativo,2025-01-01,2025-06-30,5,False,Arriendo de estudios y sitio de transmisión,34547,40,pdfplumber,OK,arriendodeestudiosysitiodetransmision,Técnica y transmisión,H1 2025,True
TV+,2026-06-30,data/raw/pdf/TV+/113712/2026090594782-2.pdf,trimestre,actual,2026-04-01,2026-06-30,5,False,Arriendo de estudios y sitio de transmisión,26097,40,pdfplumber,OK,arriendodeestudiosysitiodetransmision,Técnica y transmisión,Q2 2026,True
TV+,2026-06-30,data/raw/pdf/TV+/113712/2026090594782-2.pdf,trimestre,comparativo,2025-04-01,2025-06-30,5,False,Arriendo de estudios y sitio de transmisión,18823,40,pdfplumber,OK,arriendodeestudiosysitiodetransmision,Técnica y transmisión,Q2 2025,True
TV+,2026-06-30,data/raw/pdf/TV+/113712/2026090594782-2.pdf,semestre,actual,2026-01-01,2026-06-30,6,False,Depreciación,127183,40,pdfplumber,OK,depreciacion,Depreciación y amortización,H1 2026,True
TV+,2026-06-30,data/raw/pdf/TV+/113712/2026090594782-2.pdf,semestre,comparativo,2025-01-01,2025-06-30,6,False,Depreciación,151820,40,pdfplumber,OK,depreciacion,Depreciación y amortización,H1 2025,True
TV+,2026-06-30,data/raw/pdf/TV+/113712/2026090594782-2.pdf,trimestre,actual,2026-04-01,2026-06-30,6,False,Depreciación,62468,40,pdfplumber,OK,depreciacion,Depreciación y amortización,Q2 2026,True
TV+,2026-06-30,data/raw/pdf/TV+/113712/2026090594782-2.pdf,trimestre,comparativo,2025-04-01,2025-06-30,6,False,Depreciación,77404,40,pdfplumber,OK,depreciacion,Depreciación y amortización,Q2 2025,True
TV+,2026-06-30,data/raw/pdf/TV+/113712/2026090594782-2.pdf,semestre,actual,2026-01-01,2026-06-30,7,False,Servicios de red,56698,40,pdfplumber,OK,serviciosdered,Técnica y transmisión,H1 2026,True
TV+,2026-06-30,data/raw/pdf/TV+/113712/2026090594782-2.pdf,semestre,comparativo,2025-01-01,2025-06-30,7,False,Servicios de red,39174,40,pdfplumber,OK,serviciosdered,Técnica y transmisión,H1 2025,True
TV+,2026-06-30,data/raw/pdf/TV+/113712/2026090594782-2.pdf,trimestre,actual,2026-04-01,2026-06-30,7,False,Servicios de red,29297,40,pdfplumber,OK,serviciosdered,Técnica y transmisión,Q2 2026,True
TV+,2026-06-30,data/raw/pdf/TV+/113712/2026090594782-2.pdf,trimestre,comparativo,2025-04-01,2025-06-30,7,False,Servicios de red,20180,40,pdfplumber,OK,serviciosdered,Técnica y transmisión,Q2 2025,True
TV+,2026-06-30,data/raw/pdf/TV+/113712/2026090594782-2.pdf,semestre,actual,2026-01-01,2026-06-30,8,False,Derechos varios,22675,40,pdfplumber,OK,derechosvarios,Contenidos y producción,H1 2026,True
TV+,2026-06-30,data/raw/pdf/TV+/113712/2026090594782-2.pdf,semestre,comparativo,2025-01-01,2025-06-30,8,False,Derechos varios,42549,40,pdfplumber,OK,derechosvarios,Contenidos y producción,H1 2025,True
TV+,2026-06-30,data/raw/pdf/TV+/113712/2026090594782-2.pdf,trimestre,actual,2026-04-01,2026-06-30,8,False,Derechos varios,15337,40,pdfplumber,OK,derechosvarios,Contenidos y producción,Q2 2026,True
TV+,2026-06-30,data/raw/pdf/TV+/113712/2026090594782-2.pdf,trimestre,comparativo,2025-04-01,2025-06-30,8,False,Derechos varios,20524,40,pdfplumber,OK,derechosvarios,Contenidos y producción,Q2 2025,True
TV+,2026-06-30,data/raw/pdf/TV+/113712/2026090594782-2.pdf,semestre,actual,2026-01-01,2026-06-30,9,False,Servicio verificación,26382,40,pdfplumber,OK,servicioverificacion,Comercialización de audiencias,H1 2026,True
TV+,2026-06-30,data/raw/pdf/TV+/113712/2026090594782-2.pdf,semestre,comparativo,2025-01-01,2025-06-30,9,False,Servicio verificación,25590,40,pdfplumber,OK,servicioverificacion,Comercialización de audiencias,H1 2025,True
TV+,2026-06-30,data/raw/pdf/TV+/113712/2026090594782-2.pdf,trimestre,actual,2026-04-01,2026-06-30,9,False,Servicio verificación,13266,40,pdfplumber,OK,servicioverificacion,Comercialización de audiencias,Q2 2026,True
TV+,2026-06-30,data/raw/pdf/TV+/113712/2026090594782-2.pdf,trimestre,comparativo,2025-04-01,2025-06-30,9,False,Servicio verificación,12889,40,pdfplumber,OK,servicioverificacion,Comercialización de audiencias,Q2 2025,True
TV+,2026-06-30,data/raw/pdf/TV+/113712/2026090594782-2.pdf,semestre,actual,2026-01-01,2026-06-30,10,False,Costo Publisher,58637,40,pdfplumber,OK,costopublisher,Comercialización de audiencias,H1 2026,True
TV+,2026-06-30,data/raw/pdf/TV+/113712/2026090594782-2.pdf,semestre,comparativo,2025-01-01,2025-06-30,10,False,Costo Publisher,112047,40,pdfplumber,OK,costopublisher,Comercialización de audiencias,H1 2025,True
TV+,2026-06-30,data/raw/pdf/TV+/113712/2026090594782-2.pdf,trimestre,actual,2026-04-01,2026-06-30,10,False,Costo Publisher,28125,40,pdfplumber,OK,costopublisher,Comercialización de audiencias,Q2 2026,True
TV+,2026-06-30,data/raw/pdf/TV+/113712/2026090594782-2.pdf,trimestre,comparativo,2025-04-01,2025-06-30,10,False,Costo Publisher,58732,40,pdfplumber,OK,costopublisher,Comercialización de audiencias,Q2 2025,True
TV+,2026-06-30,data/raw/pdf/TV+/113712/2026090594782-2.pdf,semestre,actual,2026-01-01,2026-06-30,11,False,Gastos canje,176705,40,pdfplumber,OK,gastoscanje,Canje,H1 2026,True
TV+,2026-06-30,data/raw/pdf/TV+/113712/2026090594782-2.pdf,semestre,comparativo,2025-01-01,2025-06-30,11,False,Gastos canje,186314,40,pdfplumber,OK,gastoscanje,Canje,H1 2025,True
TV+,2026-06-30,data/raw/pdf/TV+/113712/2026090594782-2.pdf,trimestre,actual,2026-04-01,2026-06-30,11,False,Gastos canje,108612,40,pdfplumber,OK,gastoscanje,Canje,Q2 2026,True
TV+,2026-06-30,data/raw/pdf/TV+/113712/2026090594782-2.pdf,trimestre,comparativo,2025-04-01,2025-06-30,11,False,Gastos canje,93208,40,pdfplumber,OK,gastoscanje,Canje,Q2 2025,True
TV+,2026-06-30,data/raw/pdf/TV+/113712/2026090594782-2.pdf,semestre,actual,2026-01-01,2026-06-30,12,False,Otros Costos,195941,40,pdfplumber,OK,otroscostos,Otros costos,H1 2026,True
TV+,2026-06-30,data/raw/pdf/TV+/113712/2026090594782-2.pdf,semestre,comparativo,2025-01-01,2025-06-30,12,False,Otros Costos,239234,40,pdfplumber,OK,otroscostos,Otros costos,H1 2025,True
TV+,2026-06-30,data/raw/pdf/TV+/113712/2026090594782-2.pdf,trimestre,actual,2026-04-01,2026-06-30,12,False,Otros Costos,96412,40,pdfplumber,OK,otroscostos,Otros costos,Q2 2026,True
TV+,2026-06-30,data/raw/pdf/TV+/113712/2026090594782-2.pdf,trimestre,comparativo,2025-04-01,2025-06-30,12,False,Otros Costos,113549,40,pdfplumber,OK,otroscostos,Otros costos,Q2 2025,True
TVN,2017-12-31,data/raw/pdf/TVN/fecu_dic_2017_libro/fecu_dic_2017_libro.pdf,anual,actual,2017-01-01,2017-12-31,0,False,Remuneraciones,8308833,65,pdftotext-layout,OK,remuneraciones,Personal,FY2017,True
TVN,2017-12-31,data/raw/pdf/TVN/fecu_dic_2017_libro/fecu_dic_2017_libro.pdf,anual,comparativo,2016-01-01,2016-12-31,0,False,Remuneraciones,8328333,65,pdftotext-layout,OK,remuneraciones,Personal,FY2016,True
TVN,2017-12-31,data/raw/pdf/TVN/fecu_dic_2017_libro/fecu_dic_2017_libro.pdf,anual,actual,2017-01-01,2017-12-31,1,False,Depreciación,2594839,65,pdftotext-layout,OK,depreciacion,Depreciación y amortización,FY2017,True
TVN,2017-12-31,data/raw/pdf/TVN/fecu_dic_2017_libro/fecu_dic_2017_libro.pdf,anual,comparativo,2016-01-01,2016-12-31,1,False,Depreciación,2880575,65,pdftotext-layout,OK,depreciacion,Depreciación y amortización,FY2016,True
TVN,2017-12-31,data/raw/pdf/TVN/fecu_dic_2017_libro/fecu_dic_2017_libro.pdf,anual,actual,2017-01-01,2017-12-31,2,False,Otros costo de ventas,40787105,65,pdftotext-layout,OK,otroscostodeventas,Otros costos,FY2017,True
TVN,2017-12-31,data/raw/pdf/TVN/fecu_dic_2017_libro/fecu_dic_2017_libro.pdf,anual,comparativo,2016-01-01,2016-12-31,2,False,Otros costo de ventas,39249662,65,pdftotext-layout,OK,otroscostodeventas,Otros costos,FY2016,True
TVN,2018-03-31,data/raw/pdf/TVN/fecu_mar_2018_libro/fecu_mar_2018_libro.pdf,trimestre,actual,2018-01-01,2018-03-31,0,False,Remuneraciones,2020038,64,pdftotext-layout,OK,remuneraciones,Personal,Q1 2018,False
TVN,2018-03-31,data/raw/pdf/TVN/fecu_mar_2018_libro/fecu_mar_2018_libro.pdf,trimestre,comparativo,2017-01-01,2017-03-31,0,False,Remuneraciones,2008993,64,pdftotext-layout,OK,remuneraciones,Personal,Q1 2017,True
TVN,2018-03-31,data/raw/pdf/TVN/fecu_mar_2018_libro/fecu_mar_2018_libro.pdf,trimestre,actual,2018-01-01,2018-03-31,1,False,Depreciación,575073,64,pdftotext-layout,OK,depreciacion,Depreciación y amortización,Q1 2018,False
TVN,2018-03-31,data/raw/pdf/TVN/fecu_mar_2018_libro/fecu_mar_2018_libro.pdf,trimestre,comparativo,2017-01-01,2017-03-31,1,False,Depreciación,672358,64,pdftotext-layout,OK,depreciacion,Depreciación y amortización,Q1 2017,True
TVN,2018-03-31,data/raw/pdf/TVN/fecu_mar_2018_libro/fecu_mar_2018_libro.pdf,trimestre,actual,2018-01-01,2018-03-31,2,False,Otros costo de ventas,9216204,64,pdftotext-layout,OK,otroscostodeventas,Otros costos,Q1 2018,False
TVN,2018-03-31,data/raw/pdf/TVN/fecu_mar_2018_libro/fecu_mar_2018_libro.pdf,trimestre,comparativo,2017-01-01,2017-03-31,2,False,Otros costo de ventas,9568531,64,pdftotext-layout,OK,otroscostodeventas,Otros costos,Q1 2017,True
TVN,2018-09-30,data/raw/pdf/TVN/fecu_tvn_09_2018_libro/fecu_tvn_09_2018_libro.pdf,acumulado9m,actual,2018-01-01,2018-09-30,0,False,Remuneraciones,6263254,64,pdfplumber,OK,remuneraciones,Personal,9M 2018,False
TVN,2018-09-30,data/raw/pdf/TVN/fecu_tvn_09_2018_libro/fecu_tvn_09_2018_libro.pdf,acumulado9m,comparativo,2017-01-01,2017-09-30,0,False,Remuneraciones,6046460,64,pdfplumber,OK,remuneraciones,Personal,9M 2017,True
TVN,2018-09-30,data/raw/pdf/TVN/fecu_tvn_09_2018_libro/fecu_tvn_09_2018_libro.pdf,trimestre,actual,2018-07-01,2018-09-30,0,False,Remuneraciones,2054064,64,pdfplumber,OK,remuneraciones,Personal,Q3 2018,False
TVN,2018-09-30,data/raw/pdf/TVN/fecu_tvn_09_2018_libro/fecu_tvn_09_2018_libro.pdf,trimestre,comparativo,2017-07-01,2017-09-30,0,False,Remuneraciones,1918094,64,pdfplumber,OK,remuneraciones,Personal,Q3 2017,True
TVN,2018-09-30,data/raw/pdf/TVN/fecu_tvn_09_2018_libro/fecu_tvn_09_2018_libro.pdf,acumulado9m,actual,2018-01-01,2018-09-30,1,False,Depreciación,1700149,64,pdfplumber,OK,depreciacion,Depreciación y amortización,9M 2018,False
TVN,2018-09-30,data/raw/pdf/TVN/fecu_tvn_09_2018_libro/fecu_tvn_09_2018_libro.pdf,acumulado9m,comparativo,2017-01-01,2017-09-30,1,False,Depreciación,1947826,64,pdfplumber,OK,depreciacion,Depreciación y amortización,9M 2017,True
TVN,2018-09-30,data/raw/pdf/TVN/fecu_tvn_09_2018_libro/fecu_tvn_09_2018_libro.pdf,trimestre,actual,2018-07-01,2018-09-30,1,False,Depreciación,550956,64,pdfplumber,OK,depreciacion,Depreciación y amortización,Q3 2018,False
TVN,2018-09-30,data/raw/pdf/TVN/fecu_tvn_09_2018_libro/fecu_tvn_09_2018_libro.pdf,trimestre,comparativo,2017-07-01,2017-09-30,1,False,Depreciación,632241,64,pdfplumber,OK,depreciacion,Depreciación y amortización,Q3 2017,True
TVN,2018-09-30,data/raw/pdf/TVN/fecu_tvn_09_2018_libro/fecu_tvn_09_2018_libro.pdf,acumulado9m,actual,2018-01-01,2018-09-30,2,False,Otros costo de ventas,26088226,64,pdfplumber,OK,otroscostodeventas,Otros costos,9M 2018,False
TVN,2018-09-30,data/raw/pdf/TVN/fecu_tvn_09_2018_libro/fecu_tvn_09_2018_libro.pdf,acumulado9m,comparativo,2017-01-01,2017-09-30,2,False,Otros costo de ventas,28715359,64,pdfplumber,OK,otroscostodeventas,Otros costos,9M 2017,True
TVN,2018-09-30,data/raw/pdf/TVN/fecu_tvn_09_2018_libro/fecu_tvn_09_2018_libro.pdf,trimestre,actual,2018-07-01,2018-09-30,2,False,Otros costo de ventas,7701652,64,pdfplumber,OK,otroscostodeventas,Otros costos,Q3 2018,False
TVN,2018-09-30,data/raw/pdf/TVN/fecu_tvn_09_2018_libro/fecu_tvn_09_2018_libro.pdf,trimestre,comparativo,2017-07-01,2017-09-30,2,False,Otros costo de ventas,8973895,64,pdfplumber,OK,otroscostodeventas,Otros costos,Q3 2017,True
TVN,2019-03-31,data/raw/pdf/TVN/FECU_TVN_0319_LIBRO/FECU_TVN_0319_LIBRO.pdf,trimestre,actual,2019-01-01,2019-03-31,0,False,Remuneraciones,1611922,62,pdfplumber,OK,remuneraciones,Personal,Q1 2019,False
TVN,2019-03-31,data/raw/pdf/TVN/FECU_TVN_0319_LIBRO/FECU_TVN_0319_LIBRO.pdf,trimestre,comparativo,2018-01-01,2018-03-31,0,False,Remuneraciones,2020038,62,pdfplumber,OK,remuneraciones,Personal,Q1 2018,True
TVN,2019-03-31,data/raw/pdf/TVN/FECU_TVN_0319_LIBRO/FECU_TVN_0319_LIBRO.pdf,trimestre,actual,2019-01-01,2019-03-31,1,False,Depreciación,496392,62,pdfplumber,OK,depreciacion,Depreciación y amortización,Q1 2019,False
TVN,2019-03-31,data/raw/pdf/TVN/FECU_TVN_0319_LIBRO/FECU_TVN_0319_LIBRO.pdf,trimestre,comparativo,2018-01-01,2018-03-31,1,False,Depreciación,575073,62,pdfplumber,OK,depreciacion,Depreciación y amortización,Q1 2018,True
TVN,2019-03-31,data/raw/pdf/TVN/FECU_TVN_0319_LIBRO/FECU_TVN_0319_LIBRO.pdf,trimestre,actual,2019-01-01,2019-03-31,2,False,Otros costo de ventas,10981582,62,pdfplumber,OK,otroscostodeventas,Otros costos,Q1 2019,False
TVN,2019-03-31,data/raw/pdf/TVN/FECU_TVN_0319_LIBRO/FECU_TVN_0319_LIBRO.pdf,trimestre,comparativo,2018-01-01,2018-03-31,2,False,Otros costo de ventas,9216204,62,pdfplumber,OK,otroscostodeventas,Otros costos,Q1 2018,True
TVN,2019-06-30,data/raw/pdf/TVN/Libro_81689800-5-blce-06-2019/Libro_81689800-5-blce-06-2019.pdf,semestre,actual,2019-01-01,2019-06-30,0,False,Remuneraciones,3381990,64,pdfplumber,OK,remuneraciones,Personal,H1 2019,False
TVN,2019-06-30,data/raw/pdf/TVN/Libro_81689800-5-blce-06-2019/Libro_81689800-5-blce-06-2019.pdf,semestre,comparativo,2018-01-01,2018-06-30,0,False,Remuneraciones,4209190,64,pdfplumber,OK,remuneraciones,Personal,H1 2018,True
TVN,2019-06-30,data/raw/pdf/TVN/Libro_81689800-5-blce-06-2019/Libro_81689800-5-blce-06-2019.pdf,trimestre,actual,2019-04-01,2019-06-30,0,False,Remuneraciones,1770068,64,pdfplumber,OK,remuneraciones,Personal,Q2 2019,False
TVN,2019-06-30,data/raw/pdf/TVN/Libro_81689800-5-blce-06-2019/Libro_81689800-5-blce-06-2019.pdf,trimestre,comparativo,2018-04-01,2018-06-30,0,False,Remuneraciones,2189152,64,pdfplumber,OK,remuneraciones,Personal,Q2 2018,True
TVN,2019-06-30,data/raw/pdf/TVN/Libro_81689800-5-blce-06-2019/Libro_81689800-5-blce-06-2019.pdf,semestre,actual,2019-01-01,2019-06-30,1,False,Depreciación,986134,64,pdfplumber,OK,depreciacion,Depreciación y amortización,H1 2019,False
TVN,2019-06-30,data/raw/pdf/TVN/Libro_81689800-5-blce-06-2019/Libro_81689800-5-blce-06-2019.pdf,semestre,comparativo,2018-01-01,2018-06-30,1,False,Depreciación,1149193,64,pdfplumber,OK,depreciacion,Depreciación y amortización,H1 2018,True
TVN,2019-06-30,data/raw/pdf/TVN/Libro_81689800-5-blce-06-2019/Libro_81689800-5-blce-06-2019.pdf,trimestre,actual,2019-04-01,2019-06-30,1,False,Depreciación,489742,64,pdfplumber,OK,depreciacion,Depreciación y amortización,Q2 2019,False
TVN,2019-06-30,data/raw/pdf/TVN/Libro_81689800-5-blce-06-2019/Libro_81689800-5-blce-06-2019.pdf,trimestre,comparativo,2018-04-01,2018-06-30,1,False,Depreciación,574120,64,pdfplumber,OK,depreciacion,Depreciación y amortización,Q2 2018,True
TVN,2019-06-30,data/raw/pdf/TVN/Libro_81689800-5-blce-06-2019/Libro_81689800-5-blce-06-2019.pdf,semestre,actual,2019-01-01,2019-06-30,2,False,Otros costo de ventas,20418529,64,pdfplumber,OK,otroscostodeventas,Otros costos,H1 2019,False
TVN,2019-06-30,data/raw/pdf/TVN/Libro_81689800-5-blce-06-2019/Libro_81689800-5-blce-06-2019.pdf,semestre,comparativo,2018-01-01,2018-06-30,2,False,Otros costo de ventas,18386574,64,pdfplumber,OK,otroscostodeventas,Otros costos,H1 2018,True
TVN,2019-06-30,data/raw/pdf/TVN/Libro_81689800-5-blce-06-2019/Libro_81689800-5-blce-06-2019.pdf,trimestre,actual,2019-04-01,2019-06-30,2,False,Otros costo de ventas,9436947,64,pdfplumber,OK,otroscostodeventas,Otros costos,Q2 2019,False
TVN,2019-06-30,data/raw/pdf/TVN/Libro_81689800-5-blce-06-2019/Libro_81689800-5-blce-06-2019.pdf,trimestre,comparativo,2018-04-01,2018-06-30,2,False,Otros costo de ventas,9170370,64,pdfplumber,OK,otroscostodeventas,Otros costos,Q2 2018,True
TVN,2019-09-30,data/raw/pdf/TVN/816898005_eef_0919_libro/816898005_eef_0919_libro.pdf,acumulado9m,actual,2019-01-01,2019-09-30,0,False,Remuneraciones,3464342,56,pdfplumber,OK,remuneraciones,Personal,9M 2019,False
TVN,2019-09-30,data/raw/pdf/TVN/816898005_eef_0919_libro/816898005_eef_0919_libro.pdf,acumulado9m,comparativo,2018-01-01,2018-09-30,0,False,Remuneraciones,4562207,56,pdfplumber,OK,remuneraciones,Personal,9M 2018,True
TVN,2019-09-30,data/raw/pdf/TVN/816898005_eef_0919_libro/816898005_eef_0919_libro.pdf,trimestre,actual,2019-07-01,2019-09-30,0,False,Remuneraciones,1035634,56,pdfplumber,OK,remuneraciones,Personal,Q3 2019,False
TVN,2019-09-30,data/raw/pdf/TVN/816898005_eef_0919_libro/816898005_eef_0919_libro.pdf,trimestre,comparativo,2018-07-01,2018-09-30,0,False,Remuneraciones,1537325,56,pdfplumber,OK,remuneraciones,Personal,Q3 2018,True
TVN,2019-09-30,data/raw/pdf/TVN/816898005_eef_0919_libro/816898005_eef_0919_libro.pdf,acumulado9m,actual,2019-01-01,2019-09-30,1,False,Depreciación,1450842,56,pdfplumber,OK,depreciacion,Depreciación y amortización,9M 2019,False
TVN,2019-09-30,data/raw/pdf/TVN/816898005_eef_0919_libro/816898005_eef_0919_libro.pdf,acumulado9m,comparativo,2018-01-01,2018-09-30,1,False,Depreciación,1700149,56,pdfplumber,OK,depreciacion,Depreciación y amortización,9M 2018,True
TVN,2019-09-30,data/raw/pdf/TVN/816898005_eef_0919_libro/816898005_eef_0919_libro.pdf,trimestre,actual,2019-07-01,2019-09-30,1,False,Depreciación,464708,56,pdfplumber,OK,depreciacion,Depreciación y amortización,Q3 2019,False
TVN,2019-09-30,data/raw/pdf/TVN/816898005_eef_0919_libro/816898005_eef_0919_libro.pdf,trimestre,comparativo,2018-07-01,2018-09-30,1,False,Depreciación,550956,56,pdfplumber,OK,depreciacion,Depreciación y amortización,Q3 2018,True
TVN,2019-09-30,data/raw/pdf/TVN/816898005_eef_0919_libro/816898005_eef_0919_libro.pdf,acumulado9m,actual,2019-01-01,2019-09-30,2,False,Otros costos de venta,30507463,56,pdfplumber,OK,otroscostosdeventa,Otros costos,9M 2019,False
TVN,2019-09-30,data/raw/pdf/TVN/816898005_eef_0919_libro/816898005_eef_0919_libro.pdf,acumulado9m,comparativo,2018-01-01,2018-09-30,2,False,Otros costos de venta,25556063,56,pdfplumber,OK,otroscostosdeventa,Otros costos,9M 2018,True
TVN,2019-09-30,data/raw/pdf/TVN/816898005_eef_0919_libro/816898005_eef_0919_libro.pdf,trimestre,actual,2019-07-01,2019-09-30,2,False,Otros costos de venta,10484242,56,pdfplumber,OK,otroscostosdeventa,Otros costos,Q3 2019,False
TVN,2019-09-30,data/raw/pdf/TVN/816898005_eef_0919_libro/816898005_eef_0919_libro.pdf,trimestre,comparativo,2018-07-01,2018-09-30,2,False,Otros costos de venta,7523719,56,pdfplumber,OK,otroscostosdeventa,Otros costos,Q3 2018,True
TVN,2019-12-31,data/raw/pdf/TVN/fecu dic 2019 libro/fecu dic 2019 libro.pdf,anual,actual,2019-01-01,2019-12-31,0,False,Remunera ci ones,6496691,55,pdftotext-layout,OK,remuneraciones,Personal,FY2019,False
TVN,2019-12-31,data/raw/pdf/TVN/fecu dic 2019 libro/fecu dic 2019 libro.pdf,anual,comparativo,2018-01-01,2018-12-31,0,False,Remunera ci ones,8057328,55,pdftotext-layout,OK,remuneraciones,Personal,FY2018,True
TVN,2019-12-31,data/raw/pdf/TVN/fecu dic 2019 libro/fecu dic 2019 libro.pdf,anual,actual,2019-01-01,2019-12-31,1,False,Depreci a ci ón,1990991,55,pdftotext-layout,OK,depreciacion,Depreciación y amortización,FY2019,False
TVN,2019-12-31,data/raw/pdf/TVN/fecu dic 2019 libro/fecu dic 2019 libro.pdf,anual,comparativo,2018-01-01,2018-12-31,1,False,Depreci a ci ón,2218736,55,pdftotext-layout,OK,depreciacion,Depreciación y amortización,FY2018,True
TVN,2019-12-31,data/raw/pdf/TVN/fecu dic 2019 libro/fecu dic 2019 libro.pdf,anual,actual,2019-01-01,2019-12-31,2,False,Otros costos de venta,38605735,55,pdftotext-layout,OK,otroscostosdeventa,Otros costos,FY2019,False
TVN,2019-12-31,data/raw/pdf/TVN/fecu dic 2019 libro/fecu dic 2019 libro.pdf,anual,comparativo,2018-01-01,2018-12-31,2,False,Otros costos de venta,35063605,55,pdftotext-layout,OK,otroscostosdeventa,Otros costos,FY2018,True
TVN,2020-03-31,data/raw/pdf/TVN/Libro-TVN-03-2020/Libro-TVN-03-2020.pdf,trimestre,actual,2020-01-01,2020-03-31,0,False,Remuneraciones,1389781,53,pdfplumber,OK,remuneraciones,Personal,Q1 2020,False
TVN,2020-03-31,data/raw/pdf/TVN/Libro-TVN-03-2020/Libro-TVN-03-2020.pdf,trimestre,comparativo,2019-01-01,2019-03-31,0,False,Remuneraciones,1611922,53,pdfplumber,OK,remuneraciones,Personal,Q1 2019,True
TVN,2020-03-31,data/raw/pdf/TVN/Libro-TVN-03-2020/Libro-TVN-03-2020.pdf,trimestre,actual,2020-01-01,2020-03-31,1,False,Depreciación,462019,53,pdfplumber,OK,depreciacion,Depreciación y amortización,Q1 2020,False
TVN,2020-03-31,data/raw/pdf/TVN/Libro-TVN-03-2020/Libro-TVN-03-2020.pdf,trimestre,comparativo,2019-01-01,2019-03-31,1,False,Depreciación,496392,53,pdfplumber,OK,depreciacion,Depreciación y amortización,Q1 2019,True
TVN,2020-03-31,data/raw/pdf/TVN/Libro-TVN-03-2020/Libro-TVN-03-2020.pdf,trimestre,actual,2020-01-01,2020-03-31,2,False,Otros costos de venta,9327020,53,pdfplumber,OK,otroscostosdeventa,Otros costos,Q1 2020,False
TVN,2020-03-31,data/raw/pdf/TVN/Libro-TVN-03-2020/Libro-TVN-03-2020.pdf,trimestre,comparativo,2019-01-01,2019-03-31,2,False,Otros costos de venta,10906832,53,pdfplumber,OK,otroscostosdeventa,Otros costos,Q1 2019,True
TVN,2020-06-30,data/raw/pdf/TVN/fecu-tvn-06-2020-LIBRO/fecu-tvn-06-2020-LIBRO.pdf,semestre,actual,2020-01-01,2020-06-30,0,False,Remuneraciones,3150698,59,pdfplumber,OK,remuneraciones,Personal,H1 2020,False
TVN,2020-06-30,data/raw/pdf/TVN/fecu-tvn-06-2020-LIBRO/fecu-tvn-06-2020-LIBRO.pdf,semestre,comparativo,2019-01-01,2019-06-30,0,False,Remuneraciones,2835814,59,pdfplumber,OK,remuneraciones,Personal,H1 2019,True
TVN,2020-06-30,data/raw/pdf/TVN/fecu-tvn-06-2020-LIBRO/fecu-tvn-06-2020-LIBRO.pdf,trimestre,actual,2020-04-01,2020-06-30,0,False,Remuneraciones,1760917,59,pdfplumber,OK,remuneraciones,Personal,Q2 2020,False
TVN,2020-06-30,data/raw/pdf/TVN/fecu-tvn-06-2020-LIBRO/fecu-tvn-06-2020-LIBRO.pdf,trimestre,comparativo,2019-04-01,2019-06-30,0,False,Remuneraciones,1223892,59,pdfplumber,OK,remuneraciones,Personal,Q2 2019,True
TVN,2020-06-30,data/raw/pdf/TVN/fecu-tvn-06-2020-LIBRO/fecu-tvn-06-2020-LIBRO.pdf,semestre,actual,2020-01-01,2020-06-30,1,False,Depreciación,967757,59,pdfplumber,OK,depreciacion,Depreciación y amortización,H1 2020,False
TVN,2020-06-30,data/raw/pdf/TVN/fecu-tvn-06-2020-LIBRO/fecu-tvn-06-2020-LIBRO.pdf,semestre,comparativo,2019-01-01,2019-06-30,1,False,Depreciación,986134,59,pdfplumber,OK,depreciacion,Depreciación y amortización,H1 2019,True
TVN,2020-06-30,data/raw/pdf/TVN/fecu-tvn-06-2020-LIBRO/fecu-tvn-06-2020-LIBRO.pdf,trimestre,actual,2020-04-01,2020-06-30,1,False,Depreciación,505738,59,pdfplumber,OK,depreciacion,Depreciación y amortización,Q2 2020,False
TVN,2020-06-30,data/raw/pdf/TVN/fecu-tvn-06-2020-LIBRO/fecu-tvn-06-2020-LIBRO.pdf,trimestre,comparativo,2019-04-01,2019-06-30,1,False,Depreciación,489742,59,pdfplumber,OK,depreciacion,Depreciación y amortización,Q2 2019,True
TVN,2020-06-30,data/raw/pdf/TVN/fecu-tvn-06-2020-LIBRO/fecu-tvn-06-2020-LIBRO.pdf,semestre,actual,2020-01-01,2020-06-30,2,False,Otros costos de venta,15450882,59,pdfplumber,OK,otroscostosdeventa,Otros costos,H1 2020,False
TVN,2020-06-30,data/raw/pdf/TVN/fecu-tvn-06-2020-LIBRO/fecu-tvn-06-2020-LIBRO.pdf,semestre,comparativo,2019-01-01,2019-06-30,2,False,Otros costos de venta,20607390,59,pdfplumber,OK,otroscostosdeventa,Otros costos,H1 2019,True
TVN,2020-06-30,data/raw/pdf/TVN/fecu-tvn-06-2020-LIBRO/fecu-tvn-06-2020-LIBRO.pdf,trimestre,actual,2020-04-01,2020-06-30,2,False,Otros costos de venta,6123862,59,pdfplumber,OK,otroscostosdeventa,Otros costos,Q2 2020,False
TVN,2020-06-30,data/raw/pdf/TVN/fecu-tvn-06-2020-LIBRO/fecu-tvn-06-2020-LIBRO.pdf,trimestre,comparativo,2019-04-01,2019-06-30,2,False,Otros costos de venta,9700558,59,pdfplumber,OK,otroscostosdeventa,Otros costos,Q2 2019,True
TVN,2020-09-30,data/raw/pdf/TVN/fecu-septiembre-2020/fecu-septiembre-2020.pdf,acumulado9m,actual,2020-01-01,2020-09-30,0,False,Remuneraciones,3842669,55,pdfplumber,OK,remuneraciones,Personal,9M 2020,False
TVN,2020-09-30,data/raw/pdf/TVN/fecu-septiembre-2020/fecu-septiembre-2020.pdf,acumulado9m,comparativo,2019-01-01,2019-09-30,0,False,Remuneraciones,4848993,55,pdfplumber,OK,remuneraciones,Personal,9M 2019,True
TVN,2020-09-30,data/raw/pdf/TVN/fecu-septiembre-2020/fecu-septiembre-2020.pdf,trimestre,actual,2020-07-01,2020-09-30,0,False,Remuneraciones,691971,55,pdfplumber,OK,remuneraciones,Personal,Q3 2020,False
TVN,2020-09-30,data/raw/pdf/TVN/fecu-septiembre-2020/fecu-septiembre-2020.pdf,trimestre,comparativo,2019-07-01,2019-09-30,0,False,Remuneraciones,2013179,55,pdfplumber,OK,remuneraciones,Personal,Q3 2019,True
TVN,2020-09-30,data/raw/pdf/TVN/fecu-septiembre-2020/fecu-septiembre-2020.pdf,acumulado9m,actual,2020-01-01,2020-09-30,1,False,Depreciación,1404521,55,pdfplumber,OK,depreciacion,Depreciación y amortización,9M 2020,False
TVN,2020-09-30,data/raw/pdf/TVN/fecu-septiembre-2020/fecu-septiembre-2020.pdf,acumulado9m,comparativo,2019-01-01,2019-09-30,1,False,Depreciación,1450842,55,pdfplumber,OK,depreciacion,Depreciación y amortización,9M 2019,True
TVN,2020-09-30,data/raw/pdf/TVN/fecu-septiembre-2020/fecu-septiembre-2020.pdf,trimestre,actual,2020-07-01,2020-09-30,1,False,Depreciación,436764,55,pdfplumber,OK,depreciacion,Depreciación y amortización,Q3 2020,False
TVN,2020-09-30,data/raw/pdf/TVN/fecu-septiembre-2020/fecu-septiembre-2020.pdf,trimestre,comparativo,2019-07-01,2019-09-30,1,False,Depreciación,464708,55,pdfplumber,OK,depreciacion,Depreciación y amortización,Q3 2019,True
TVN,2020-09-30,data/raw/pdf/TVN/fecu-septiembre-2020/fecu-septiembre-2020.pdf,acumulado9m,actual,2020-01-01,2020-09-30,2,False,Otros costos de venta,21039275,55,pdfplumber,OK,otroscostosdeventa,Otros costos,9M 2020,False
TVN,2020-09-30,data/raw/pdf/TVN/fecu-septiembre-2020/fecu-septiembre-2020.pdf,acumulado9m,comparativo,2019-01-01,2019-09-30,2,False,Otros costos de venta,30572559,55,pdfplumber,OK,otroscostosdeventa,Otros costos,9M 2019,True
TVN,2020-09-30,data/raw/pdf/TVN/fecu-septiembre-2020/fecu-septiembre-2020.pdf,trimestre,actual,2020-07-01,2020-09-30,2,False,Otros costos de venta,5588393,55,pdfplumber,OK,otroscostosdeventa,Otros costos,Q3 2020,False
TVN,2020-09-30,data/raw/pdf/TVN/fecu-septiembre-2020/fecu-septiembre-2020.pdf,trimestre,comparativo,2019-07-01,2019-09-30,2,False,Otros costos de venta,9965169,55,pdfplumber,OK,otroscostosdeventa,Otros costos,Q3 2019,True
TVN,2020-12-31,data/raw/pdf/TVN/Librodic2021 81689800_eeff_aud/Librodic2021 81689800_eeff_aud.pdf,anual,actual,2020-01-01,2020-12-31,0,False,Remunera ci ones,4864899,57,pdftotext-layout,OK,remuneraciones,Personal,FY2020,False
TVN,2020-12-31,data/raw/pdf/TVN/Librodic2021 81689800_eeff_aud/Librodic2021 81689800_eeff_aud.pdf,anual,comparativo,2019-01-01,2019-12-31,0,False,Remunera ci ones,6496691,57,pdftotext-layout,OK,remuneraciones,Personal,FY2019,True
TVN,2020-12-31,data/raw/pdf/TVN/Librodic2021 81689800_eeff_aud/Librodic2021 81689800_eeff_aud.pdf,anual,actual,2020-01-01,2020-12-31,1,False,Depreci a ci ón,1857013,57,pdftotext-layout,OK,depreciacion,Depreciación y amortización,FY2020,False
TVN,2020-12-31,data/raw/pdf/TVN/Librodic2021 81689800_eeff_aud/Librodic2021 81689800_eeff_aud.pdf,anual,comparativo,2019-01-01,2019-12-31,1,False,Depreci a ci ón,1990991,57,pdftotext-layout,OK,depreciacion,Depreciación y amortización,FY2019,True
TVN,2020-12-31,data/raw/pdf/TVN/Librodic2021 81689800_eeff_aud/Librodic2021 81689800_eeff_aud.pdf,anual,actual,2020-01-01,2020-12-31,2,False,Otros costos de venta,26164991,57,pdftotext-layout,OK,otroscostosdeventa,Otros costos,FY2020,False
TVN,2020-12-31,data/raw/pdf/TVN/Librodic2021 81689800_eeff_aud/Librodic2021 81689800_eeff_aud.pdf,anual,comparativo,2019-01-01,2019-12-31,2,False,Otros costos de venta,38605735,57,pdftotext-layout,OK,otroscostosdeventa,Otros costos,FY2019,True
TVN,2021-03-31,data/raw/pdf/TVN/fecu_03_21_libro/fecu_03_21_libro.pdf,trimestre,actual,2021-01-01,2021-03-31,0,False,Remuneraciones,938171,53,pdfplumber,OK,remuneraciones,Personal,Q1 2021,False
TVN,2021-03-31,data/raw/pdf/TVN/fecu_03_21_libro/fecu_03_21_libro.pdf,trimestre,comparativo,2020-01-01,2020-03-31,0,False,Remuneraciones,1389781,53,pdfplumber,OK,remuneraciones,Personal,Q1 2020,True
TVN,2021-03-31,data/raw/pdf/TVN/fecu_03_21_libro/fecu_03_21_libro.pdf,trimestre,actual,2021-01-01,2021-03-31,1,False,Depreciación,405660,53,pdfplumber,OK,depreciacion,Depreciación y amortización,Q1 2021,False
TVN,2021-03-31,data/raw/pdf/TVN/fecu_03_21_libro/fecu_03_21_libro.pdf,trimestre,comparativo,2020-01-01,2020-03-31,1,False,Depreciación,462019,53,pdfplumber,OK,depreciacion,Depreciación y amortización,Q1 2020,True
TVN,2021-03-31,data/raw/pdf/TVN/fecu_03_21_libro/fecu_03_21_libro.pdf,trimestre,actual,2021-01-01,2021-03-31,2,False,Otros costos de venta,5047683,53,pdfplumber,OK,otroscostosdeventa,Otros costos,Q1 2021,False
TVN,2021-03-31,data/raw/pdf/TVN/fecu_03_21_libro/fecu_03_21_libro.pdf,trimestre,comparativo,2020-01-01,2020-03-31,2,False,Otros costos de venta,9327020,53,pdfplumber,OK,otroscostosdeventa,Otros costos,Q1 2020,True
TVN,2021-06-30,data/raw/pdf/TVN/FECUTVNLIBROJUNIO2021/FECUTVNLIBROJUNIO2021.pdf,semestre,actual,2021-01-01,2021-06-30,0,False,Remuneraciones,1880357,57,pdfplumber,OK,remuneraciones,Personal,H1 2021,False
TVN,2021-06-30,data/raw/pdf/TVN/FECUTVNLIBROJUNIO2021/FECUTVNLIBROJUNIO2021.pdf,semestre,comparativo,2020-01-01,2020-06-30,0,False,Remuneraciones,3150698,57,pdfplumber,OK,remuneraciones,Personal,H1 2020,True
TVN,2021-06-30,data/raw/pdf/TVN/FECUTVNLIBROJUNIO2021/FECUTVNLIBROJUNIO2021.pdf,trimestre,actual,2021-04-01,2021-06-30,0,False,Remuneraciones,942186,57,pdfplumber,OK,remuneraciones,Personal,Q2 2021,False
TVN,2021-06-30,data/raw/pdf/TVN/FECUTVNLIBROJUNIO2021/FECUTVNLIBROJUNIO2021.pdf,trimestre,comparativo,2020-04-01,2020-06-30,0,False,Remuneraciones,1760917,57,pdfplumber,OK,remuneraciones,Personal,Q2 2020,True
TVN,2021-06-30,data/raw/pdf/TVN/FECUTVNLIBROJUNIO2021/FECUTVNLIBROJUNIO2021.pdf,semestre,actual,2021-01-01,2021-06-30,1,False,Depreciación,837203,57,pdfplumber,OK,depreciacion,Depreciación y amortización,H1 2021,False
TVN,2021-06-30,data/raw/pdf/TVN/FECUTVNLIBROJUNIO2021/FECUTVNLIBROJUNIO2021.pdf,semestre,comparativo,2020-01-01,2020-06-30,1,False,Depreciación,967757,57,pdfplumber,OK,depreciacion,Depreciación y amortización,H1 2020,True
TVN,2021-06-30,data/raw/pdf/TVN/FECUTVNLIBROJUNIO2021/FECUTVNLIBROJUNIO2021.pdf,trimestre,actual,2021-04-01,2021-06-30,1,False,Depreciación,431543,57,pdfplumber,OK,depreciacion,Depreciación y amortización,Q2 2021,False
TVN,2021-06-30,data/raw/pdf/TVN/FECUTVNLIBROJUNIO2021/FECUTVNLIBROJUNIO2021.pdf,trimestre,comparativo,2020-04-01,2020-06-30,1,False,Depreciación,505738,57,pdfplumber,OK,depreciacion,Depreciación y amortización,Q2 2020,True
TVN,2021-06-30,data/raw/pdf/TVN/FECUTVNLIBROJUNIO2021/FECUTVNLIBROJUNIO2021.pdf,semestre,actual,2021-01-01,2021-06-30,2,False,Otros costos de venta,11319527,57,pdfplumber,OK,otroscostosdeventa,Otros costos,H1 2021,False
TVN,2021-06-30,data/raw/pdf/TVN/FECUTVNLIBROJUNIO2021/FECUTVNLIBROJUNIO2021.pdf,semestre,comparativo,2020-01-01,2020-06-30,2,False,Otros costos de venta,15450882,57,pdfplumber,OK,otroscostosdeventa,Otros costos,H1 2020,True
TVN,2021-06-30,data/raw/pdf/TVN/FECUTVNLIBROJUNIO2021/FECUTVNLIBROJUNIO2021.pdf,trimestre,actual,2021-04-01,2021-06-30,2,False,Otros costos de venta,6271844,57,pdfplumber,OK,otroscostosdeventa,Otros costos,Q2 2021,False
TVN,2021-06-30,data/raw/pdf/TVN/FECUTVNLIBROJUNIO2021/FECUTVNLIBROJUNIO2021.pdf,trimestre,comparativo,2020-04-01,2020-06-30,2,False,Otros costos de venta,6123862,57,pdfplumber,OK,otroscostosdeventa,Otros costos,Q2 2020,True
TVN,2021-09-30,data/raw/pdf/TVN/LIBRO_EEFF-09-2021/LIBRO_EEFF-09-2021.pdf,acumulado9m,actual,2021-01-01,2021-09-30,0,False,Remuneraciones,2729358,54,pdfplumber,OK,remuneraciones,Personal,9M 2021,False
TVN,2021-09-30,data/raw/pdf/TVN/LIBRO_EEFF-09-2021/LIBRO_EEFF-09-2021.pdf,acumulado9m,comparativo,2020-01-01,2020-09-30,0,False,Remuneraciones,3842669,54,pdfplumber,OK,remuneraciones,Personal,9M 2020,True
TVN,2021-09-30,data/raw/pdf/TVN/LIBRO_EEFF-09-2021/LIBRO_EEFF-09-2021.pdf,trimestre,actual,2021-07-01,2021-09-30,0,False,Remuneraciones,849001,54,pdfplumber,OK,remuneraciones,Personal,Q3 2021,False
TVN,2021-09-30,data/raw/pdf/TVN/LIBRO_EEFF-09-2021/LIBRO_EEFF-09-2021.pdf,trimestre,comparativo,2020-07-01,2020-09-30,0,False,Remuneraciones,691971,54,pdfplumber,OK,remuneraciones,Personal,Q3 2020,True
TVN,2021-09-30,data/raw/pdf/TVN/LIBRO_EEFF-09-2021/LIBRO_EEFF-09-2021.pdf,acumulado9m,actual,2021-01-01,2021-09-30,1,False,Depreciación,1251506,54,pdfplumber,OK,depreciacion,Depreciación y amortización,9M 2021,False
TVN,2021-09-30,data/raw/pdf/TVN/LIBRO_EEFF-09-2021/LIBRO_EEFF-09-2021.pdf,acumulado9m,comparativo,2020-01-01,2020-09-30,1,False,Depreciación,1404521,54,pdfplumber,OK,depreciacion,Depreciación y amortización,9M 2020,True
TVN,2021-09-30,data/raw/pdf/TVN/LIBRO_EEFF-09-2021/LIBRO_EEFF-09-2021.pdf,trimestre,actual,2021-07-01,2021-09-30,1,False,Depreciación,414303,54,pdfplumber,OK,depreciacion,Depreciación y amortización,Q3 2021,False
TVN,2021-09-30,data/raw/pdf/TVN/LIBRO_EEFF-09-2021/LIBRO_EEFF-09-2021.pdf,trimestre,comparativo,2020-07-01,2020-09-30,1,False,Depreciación,436764,54,pdfplumber,OK,depreciacion,Depreciación y amortización,Q3 2020,True
TVN,2021-09-30,data/raw/pdf/TVN/LIBRO_EEFF-09-2021/LIBRO_EEFF-09-2021.pdf,acumulado9m,actual,2021-01-01,2021-09-30,2,False,Otros costos de venta,18821200,54,pdfplumber,OK,otroscostosdeventa,Otros costos,9M 2021,False
TVN,2021-09-30,data/raw/pdf/TVN/LIBRO_EEFF-09-2021/LIBRO_EEFF-09-2021.pdf,acumulado9m,comparativo,2020-01-01,2020-09-30,2,False,Otros costos de venta,21039275,54,pdfplumber,OK,otroscostosdeventa,Otros costos,9M 2020,True
TVN,2021-09-30,data/raw/pdf/TVN/LIBRO_EEFF-09-2021/LIBRO_EEFF-09-2021.pdf,trimestre,actual,2021-07-01,2021-09-30,2,False,Otros costos de venta,7501673,54,pdfplumber,OK,otroscostosdeventa,Otros costos,Q3 2021,False
TVN,2021-09-30,data/raw/pdf/TVN/LIBRO_EEFF-09-2021/LIBRO_EEFF-09-2021.pdf,trimestre,comparativo,2020-07-01,2020-09-30,2,False,Otros costos de venta,5588393,54,pdfplumber,OK,otroscostosdeventa,Otros costos,Q3 2020,True
TVN,2021-12-31,data/raw/pdf/TVN/LIBROFECUTVNDIC2021/LIBROFECUTVNDIC2021.pdf,anual,actual,2021-01-01,2021-12-31,0,False,Remunera ci ones,4248293,57,pdftotext-layout,OK,remuneraciones,Personal,FY2021,False
TVN,2021-12-31,data/raw/pdf/TVN/LIBROFECUTVNDIC2021/LIBROFECUTVNDIC2021.pdf,anual,comparativo,2020-01-01,2020-12-31,0,False,Remunera ci ones,4864899,57,pdftotext-layout,OK,remuneraciones,Personal,FY2020,True
TVN,2021-12-31,data/raw/pdf/TVN/LIBROFECUTVNDIC2021/LIBROFECUTVNDIC2021.pdf,anual,actual,2021-01-01,2021-12-31,1,False,Depreci a ci ón,1700333,57,pdftotext-layout,OK,depreciacion,Depreciación y amortización,FY2021,False
TVN,2021-12-31,data/raw/pdf/TVN/LIBROFECUTVNDIC2021/LIBROFECUTVNDIC2021.pdf,anual,comparativo,2020-01-01,2020-12-31,1,False,Depreci a ci ón,1857013,57,pdftotext-layout,OK,depreciacion,Depreciación y amortización,FY2020,True
TVN,2021-12-31,data/raw/pdf/TVN/LIBROFECUTVNDIC2021/LIBROFECUTVNDIC2021.pdf,anual,actual,2021-01-01,2021-12-31,2,False,Servi ci os,2489644,57,pdftotext-layout,OK,servicios,Otros costos,FY2021,False
TVN,2021-12-31,data/raw/pdf/TVN/LIBROFECUTVNDIC2021/LIBROFECUTVNDIC2021.pdf,anual,comparativo,2020-01-01,2020-12-31,2,False,Servi ci os,2552491,57,pdftotext-layout,OK,servicios,Otros costos,FY2020,True
TVN,2021-12-31,data/raw/pdf/TVN/LIBROFECUTVNDIC2021/LIBROFECUTVNDIC2021.pdf,anual,actual,2021-01-01,2021-12-31,3,False,Costos de exhbición,23475187,57,pdftotext-layout,OK,costosdeexhbicion,Contenidos y producción,FY2021,False
TVN,2021-12-31,data/raw/pdf/TVN/LIBROFECUTVNDIC2021/LIBROFECUTVNDIC2021.pdf,anual,comparativo,2020-01-01,2020-12-31,3,False,Costos de exhbición,23612500,57,pdftotext-layout,OK,costosdeexhbicion,Contenidos y producción,FY2020,True
TVN,2022-03-31,data/raw/pdf/TVN/FECUTVN03_2022/FECUTVN03_2022.pdf,trimestre,actual,2022-01-01,2022-03-31,0,False,Remuneraciones,856548,51,pdfplumber,OK,remuneraciones,Personal,Q1 2022,False
TVN,2022-03-31,data/raw/pdf/TVN/FECUTVN03_2022/FECUTVN03_2022.pdf,trimestre,comparativo,2021-01-01,2021-03-31,0,False,Remuneraciones,938171,51,pdfplumber,OK,remuneraciones,Personal,Q1 2021,True
TVN,2022-03-31,data/raw/pdf/TVN/FECUTVN03_2022/FECUTVN03_2022.pdf,trimestre,actual,2022-01-01,2022-03-31,1,False,Depreciación,468506,51,pdfplumber,OK,depreciacion,Depreciación y amortización,Q1 2022,False
TVN,2022-03-31,data/raw/pdf/TVN/FECUTVN03_2022/FECUTVN03_2022.pdf,trimestre,comparativo,2021-01-01,2021-03-31,1,False,Depreciación,405660,51,pdfplumber,OK,depreciacion,Depreciación y amortización,Q1 2021,True
TVN,2022-03-31,data/raw/pdf/TVN/FECUTVN03_2022/FECUTVN03_2022.pdf,trimestre,actual,2022-01-01,2022-03-31,2,False,Servicios,796200,51,pdfplumber,OK,servicios,Otros costos,Q1 2022,False
TVN,2022-03-31,data/raw/pdf/TVN/FECUTVN03_2022/FECUTVN03_2022.pdf,trimestre,comparativo,2021-01-01,2021-03-31,2,False,Servicios,697220,51,pdfplumber,OK,servicios,Otros costos,Q1 2021,True
TVN,2022-03-31,data/raw/pdf/TVN/FECUTVN03_2022/FECUTVN03_2022.pdf,trimestre,actual,2022-01-01,2022-03-31,3,False,Costos de exhbición,6873130,51,pdfplumber,OK,costosdeexhbicion,Contenidos y producción,Q1 2022,False
TVN,2022-03-31,data/raw/pdf/TVN/FECUTVN03_2022/FECUTVN03_2022.pdf,trimestre,comparativo,2021-01-01,2021-03-31,3,False,Costos de exhbición,4350463,51,pdfplumber,OK,costosdeexhbicion,Contenidos y producción,Q1 2021,True
TVN,2022-06-30,data/raw/pdf/TVN/fecutvnjunio2022/fecutvnjunio2022.pdf,semestre,actual,2022-01-01,2022-06-30,0,False,Remuneraciones,1921428,56,pdfplumber,OK,remuneraciones,Personal,H1 2022,False
TVN,2022-06-30,data/raw/pdf/TVN/fecutvnjunio2022/fecutvnjunio2022.pdf,semestre,comparativo,2021-01-01,2021-06-30,0,False,Remuneraciones,1880357,56,pdfplumber,OK,remuneraciones,Personal,H1 2021,True
TVN,2022-06-30,data/raw/pdf/TVN/fecutvnjunio2022/fecutvnjunio2022.pdf,trimestre,actual,2022-04-01,2022-06-30,0,False,Remuneraciones,1064880,56,pdfplumber,OK,remuneraciones,Personal,Q2 2022,False
TVN,2022-06-30,data/raw/pdf/TVN/fecutvnjunio2022/fecutvnjunio2022.pdf,trimestre,comparativo,2021-04-01,2021-06-30,0,False,Remuneraciones,942186,56,pdfplumber,OK,remuneraciones,Personal,Q2 2021,True
TVN,2022-06-30,data/raw/pdf/TVN/fecutvnjunio2022/fecutvnjunio2022.pdf,semestre,actual,2022-01-01,2022-06-30,1,False,Depreciación,934913,56,pdfplumber,OK,depreciacion,Depreciación y amortización,H1 2022,False
TVN,2022-06-30,data/raw/pdf/TVN/fecutvnjunio2022/fecutvnjunio2022.pdf,semestre,comparativo,2021-01-01,2021-06-30,1,False,Depreciación,837203,56,pdfplumber,OK,depreciacion,Depreciación y amortización,H1 2021,True
TVN,2022-06-30,data/raw/pdf/TVN/fecutvnjunio2022/fecutvnjunio2022.pdf,trimestre,actual,2022-04-01,2022-06-30,1,False,Depreciación,466407,56,pdfplumber,OK,depreciacion,Depreciación y amortización,Q2 2022,False
TVN,2022-06-30,data/raw/pdf/TVN/fecutvnjunio2022/fecutvnjunio2022.pdf,trimestre,comparativo,2021-04-01,2021-06-30,1,False,Depreciación,431543,56,pdfplumber,OK,depreciacion,Depreciación y amortización,Q2 2021,True
TVN,2022-06-30,data/raw/pdf/TVN/fecutvnjunio2022/fecutvnjunio2022.pdf,semestre,actual,2022-01-01,2022-06-30,2,False,Servicios,1645203,56,pdfplumber,OK,servicios,Otros costos,H1 2022,False
TVN,2022-06-30,data/raw/pdf/TVN/fecutvnjunio2022/fecutvnjunio2022.pdf,semestre,comparativo,2021-01-01,2021-06-30,2,False,Servicios,1387999,56,pdfplumber,OK,servicios,Otros costos,H1 2021,True
TVN,2022-06-30,data/raw/pdf/TVN/fecutvnjunio2022/fecutvnjunio2022.pdf,trimestre,actual,2022-04-01,2022-06-30,2,False,Servicios,849003,56,pdfplumber,OK,servicios,Otros costos,Q2 2022,False
TVN,2022-06-30,data/raw/pdf/TVN/fecutvnjunio2022/fecutvnjunio2022.pdf,trimestre,comparativo,2021-04-01,2021-06-30,2,False,Servicios,690779,56,pdfplumber,OK,servicios,Otros costos,Q2 2021,True
TVN,2022-06-30,data/raw/pdf/TVN/fecutvnjunio2022/fecutvnjunio2022.pdf,semestre,actual,2022-01-01,2022-06-30,3,False,Costos de exhbición,15389223,56,pdfplumber,OK,costosdeexhbicion,Contenidos y producción,H1 2022,False
TVN,2022-06-30,data/raw/pdf/TVN/fecutvnjunio2022/fecutvnjunio2022.pdf,semestre,comparativo,2021-01-01,2021-06-30,3,False,Costos de exhbición,9931528,56,pdfplumber,OK,costosdeexhbicion,Contenidos y producción,H1 2021,True
TVN,2022-06-30,data/raw/pdf/TVN/fecutvnjunio2022/fecutvnjunio2022.pdf,trimestre,actual,2022-04-01,2022-06-30,3,False,Costos de exhbición,8516093,56,pdfplumber,OK,costosdeexhbicion,Contenidos y producción,Q2 2022,False
TVN,2022-06-30,data/raw/pdf/TVN/fecutvnjunio2022/fecutvnjunio2022.pdf,trimestre,comparativo,2021-04-01,2021-06-30,3,False,Costos de exhbición,5581065,56,pdfplumber,OK,costosdeexhbicion,Contenidos y producción,Q2 2021,True
TVN,2022-09-30,data/raw/pdf/TVN/LIBRO_FECU_TVN_09_22/LIBRO_FECU_TVN_09_22.pdf,acumulado9m,actual,2022-01-01,2022-09-30,0,False,Remuneraciones,2907028,52,pdfplumber,OK,remuneraciones,Personal,9M 2022,False
TVN,2022-09-30,data/raw/pdf/TVN/LIBRO_FECU_TVN_09_22/LIBRO_FECU_TVN_09_22.pdf,acumulado9m,comparativo,2021-01-01,2021-09-30,0,False,Remuneraciones,2729358,52,pdfplumber,OK,remuneraciones,Personal,9M 2021,True
TVN,2022-09-30,data/raw/pdf/TVN/LIBRO_FECU_TVN_09_22/LIBRO_FECU_TVN_09_22.pdf,trimestre,actual,2022-07-01,2022-09-30,0,False,Remuneraciones,985600,52,pdfplumber,OK,remuneraciones,Personal,Q3 2022,False
TVN,2022-09-30,data/raw/pdf/TVN/LIBRO_FECU_TVN_09_22/LIBRO_FECU_TVN_09_22.pdf,trimestre,comparativo,2021-07-01,2021-09-30,0,False,Remuneraciones,849001,52,pdfplumber,OK,remuneraciones,Personal,Q3 2021,True
TVN,2022-09-30,data/raw/pdf/TVN/LIBRO_FECU_TVN_09_22/LIBRO_FECU_TVN_09_22.pdf,acumulado9m,actual,2022-01-01,2022-09-30,1,False,Depreciación,1429628,52,pdfplumber,OK,depreciacion,Depreciación y amortización,9M 2022,False
TVN,2022-09-30,data/raw/pdf/TVN/LIBRO_FECU_TVN_09_22/LIBRO_FECU_TVN_09_22.pdf,acumulado9m,comparativo,2021-01-01,2021-09-30,1,False,Depreciación,1251506,52,pdfplumber,OK,depreciacion,Depreciación y amortización,9M 2021,True
TVN,2022-09-30,data/raw/pdf/TVN/LIBRO_FECU_TVN_09_22/LIBRO_FECU_TVN_09_22.pdf,trimestre,actual,2022-07-01,2022-09-30,1,False,Depreciación,494715,52,pdfplumber,OK,depreciacion,Depreciación y amortización,Q3 2022,False
TVN,2022-09-30,data/raw/pdf/TVN/LIBRO_FECU_TVN_09_22/LIBRO_FECU_TVN_09_22.pdf,trimestre,comparativo,2021-07-01,2021-09-30,1,False,Depreciación,414303,52,pdfplumber,OK,depreciacion,Depreciación y amortización,Q3 2021,True
TVN,2022-09-30,data/raw/pdf/TVN/LIBRO_FECU_TVN_09_22/LIBRO_FECU_TVN_09_22.pdf,acumulado9m,actual,2022-01-01,2022-09-30,2,False,Servicios,2603435,52,pdfplumber,OK,servicios,Otros costos,9M 2022,False
TVN,2022-09-30,data/raw/pdf/TVN/LIBRO_FECU_TVN_09_22/LIBRO_FECU_TVN_09_22.pdf,acumulado9m,comparativo,2021-01-01,2021-09-30,2,False,Servicios,2050441,52,pdfplumber,OK,servicios,Otros costos,9M 2021,True
TVN,2022-09-30,data/raw/pdf/TVN/LIBRO_FECU_TVN_09_22/LIBRO_FECU_TVN_09_22.pdf,trimestre,actual,2022-07-01,2022-09-30,2,False,Servicios,958232,52,pdfplumber,OK,servicios,Otros costos,Q3 2022,False
TVN,2022-09-30,data/raw/pdf/TVN/LIBRO_FECU_TVN_09_22/LIBRO_FECU_TVN_09_22.pdf,trimestre,comparativo,2021-07-01,2021-09-30,2,False,Servicios,662442,52,pdfplumber,OK,servicios,Otros costos,Q3 2021,True
TVN,2022-09-30,data/raw/pdf/TVN/LIBRO_FECU_TVN_09_22/LIBRO_FECU_TVN_09_22.pdf,acumulado9m,actual,2022-01-01,2022-09-30,3,False,Costos de exhbición,23071878,52,pdfplumber,OK,costosdeexhbicion,Contenidos y producción,9M 2022,False
TVN,2022-09-30,data/raw/pdf/TVN/LIBRO_FECU_TVN_09_22/LIBRO_FECU_TVN_09_22.pdf,acumulado9m,comparativo,2021-01-01,2021-09-30,3,False,Costos de exhbición,16770759,52,pdfplumber,OK,costosdeexhbicion,Contenidos y producción,9M 2021,True
TVN,2022-09-30,data/raw/pdf/TVN/LIBRO_FECU_TVN_09_22/LIBRO_FECU_TVN_09_22.pdf,trimestre,actual,2022-07-01,2022-09-30,3,False,Costos de exhbición,7682655,52,pdfplumber,OK,costosdeexhbicion,Contenidos y producción,Q3 2022,False
TVN,2022-09-30,data/raw/pdf/TVN/LIBRO_FECU_TVN_09_22/LIBRO_FECU_TVN_09_22.pdf,trimestre,comparativo,2021-07-01,2021-09-30,3,False,Costos de exhbición,6839231,52,pdfplumber,OK,costosdeexhbicion,Contenidos y producción,Q3 2021,True
TVN,2022-12-31,data/raw/pdf/TVN/Fecu_tvn_2022_dec/Fecu_tvn_2022_dec.pdf,anual,actual,2022-01-01,2022-12-31,0,False,Remunera ci ones,4036500,56,pdftotext-layout,OK,remuneraciones,Personal,FY2022,False
TVN,2022-12-31,data/raw/pdf/TVN/Fecu_tvn_2022_dec/Fecu_tvn_2022_dec.pdf,anual,comparativo,2021-01-01,2021-12-31,0,False,Remunera ci ones,4248293,56,pdftotext-layout,OK,remuneraciones,Personal,FY2021,True
TVN,2022-12-31,data/raw/pdf/TVN/Fecu_tvn_2022_dec/Fecu_tvn_2022_dec.pdf,anual,actual,2022-01-01,2022-12-31,1,False,Depreci a ci ón,2073278,56,pdftotext-layout,OK,depreciacion,Depreciación y amortización,FY2022,False
TVN,2022-12-31,data/raw/pdf/TVN/Fecu_tvn_2022_dec/Fecu_tvn_2022_dec.pdf,anual,comparativo,2021-01-01,2021-12-31,1,False,Depreci a ci ón,1700333,56,pdftotext-layout,OK,depreciacion,Depreciación y amortización,FY2021,True
TVN,2022-12-31,data/raw/pdf/TVN/Fecu_tvn_2022_dec/Fecu_tvn_2022_dec.pdf,anual,actual,2022-01-01,2022-12-31,2,False,Servi ci os,3554433,56,pdftotext-layout,OK,servicios,Otros costos,FY2022,False
TVN,2022-12-31,data/raw/pdf/TVN/Fecu_tvn_2022_dec/Fecu_tvn_2022_dec.pdf,anual,comparativo,2021-01-01,2021-12-31,2,False,Servi ci os,2489644,56,pdftotext-layout,OK,servicios,Otros costos,FY2021,True
TVN,2022-12-31,data/raw/pdf/TVN/Fecu_tvn_2022_dec/Fecu_tvn_2022_dec.pdf,anual,actual,2022-01-01,2022-12-31,3,False,Costos de exhbición,33142041,56,pdftotext-layout,OK,costosdeexhbicion,Contenidos y producción,FY2022,False
TVN,2022-12-31,data/raw/pdf/TVN/Fecu_tvn_2022_dec/Fecu_tvn_2022_dec.pdf,anual,comparativo,2021-01-01,2021-12-31,3,False,Costos de exhbición,23475187,56,pdftotext-layout,OK,costosdeexhbicion,Contenidos y producción,FY2021,True
TVN,2023-03-31,data/raw/pdf/TVN/LIBRO_EEFF_032023_816898005/LIBRO_EEFF_032023_816898005.pdf,trimestre,actual,2023-01-01,2023-03-31,0,False,Remuneraciones,1042645,52,pdfplumber,OK,remuneraciones,Personal,Q1 2023,False
TVN,2023-03-31,data/raw/pdf/TVN/LIBRO_EEFF_032023_816898005/LIBRO_EEFF_032023_816898005.pdf,trimestre,comparativo,2022-01-01,2022-03-31,0,False,Remuneraciones,856548,52,pdfplumber,OK,remuneraciones,Personal,Q1 2022,True
TVN,2023-03-31,data/raw/pdf/TVN/LIBRO_EEFF_032023_816898005/LIBRO_EEFF_032023_816898005.pdf,trimestre,actual,2023-01-01,2023-03-31,1,False,Depreciación,563879,52,pdfplumber,OK,depreciacion,Depreciación y amortización,Q1 2023,False
TVN,2023-03-31,data/raw/pdf/TVN/LIBRO_EEFF_032023_816898005/LIBRO_EEFF_032023_816898005.pdf,trimestre,comparativo,2022-01-01,2022-03-31,1,False,Depreciación,468506,52,pdfplumber,OK,depreciacion,Depreciación y amortización,Q1 2022,True
TVN,2023-03-31,data/raw/pdf/TVN/LIBRO_EEFF_032023_816898005/LIBRO_EEFF_032023_816898005.pdf,trimestre,actual,2023-01-01,2023-03-31,2,False,Servicios,1311358,52,pdfplumber,OK,servicios,Otros costos,Q1 2023,False
TVN,2023-03-31,data/raw/pdf/TVN/LIBRO_EEFF_032023_816898005/LIBRO_EEFF_032023_816898005.pdf,trimestre,comparativo,2022-01-01,2022-03-31,2,False,Servicios,796200,52,pdfplumber,OK,servicios,Otros costos,Q1 2022,True
TVN,2023-03-31,data/raw/pdf/TVN/LIBRO_EEFF_032023_816898005/LIBRO_EEFF_032023_816898005.pdf,trimestre,actual,2023-01-01,2023-03-31,3,False,Costos de exhbición,10710474,52,pdfplumber,OK,costosdeexhbicion,Contenidos y producción,Q1 2023,False
TVN,2023-03-31,data/raw/pdf/TVN/LIBRO_EEFF_032023_816898005/LIBRO_EEFF_032023_816898005.pdf,trimestre,comparativo,2022-01-01,2022-03-31,3,False,Costos de exhbición,6873130,52,pdfplumber,OK,costosdeexhbicion,Contenidos y producción,Q1 2022,True
TVN,2023-06-30,data/raw/pdf/TVN/Libro_FECU_30_06_2023/Libro_FECU_30_06_2023.pdf,semestre,actual,2023-01-01,2023-06-30,0,False,!Remuneraciones!,2239641,52,pdftotext-raw,OK,remuneraciones,Personal,H1 2023,False
TVN,2023-06-30,data/raw/pdf/TVN/Libro_FECU_30_06_2023/Libro_FECU_30_06_2023.pdf,semestre,comparativo,2022-01-01,2022-06-30,0,False,!Remuneraciones!,1921428,52,pdftotext-raw,OK,remuneraciones,Personal,H1 2022,True
TVN,2023-06-30,data/raw/pdf/TVN/Libro_FECU_30_06_2023/Libro_FECU_30_06_2023.pdf,trimestre,actual,2023-04-01,2023-06-30,0,False,!Remuneraciones!,1196996,52,pdftotext-raw,OK,remuneraciones,Personal,Q2 2023,False
TVN,2023-06-30,data/raw/pdf/TVN/Libro_FECU_30_06_2023/Libro_FECU_30_06_2023.pdf,trimestre,comparativo,2022-04-01,2022-06-30,0,False,!Remuneraciones!,1064880,52,pdftotext-raw,OK,remuneraciones,Personal,Q2 2022,True
TVN,2023-06-30,data/raw/pdf/TVN/Libro_FECU_30_06_2023/Libro_FECU_30_06_2023.pdf,semestre,actual,2023-01-01,2023-06-30,1,False,!Depreciación!,1213406,52,pdftotext-raw,OK,depreciacion,Depreciación y amortización,H1 2023,False
TVN,2023-06-30,data/raw/pdf/TVN/Libro_FECU_30_06_2023/Libro_FECU_30_06_2023.pdf,semestre,comparativo,2022-01-01,2022-06-30,1,False,!Depreciación!,934913,52,pdftotext-raw,OK,depreciacion,Depreciación y amortización,H1 2022,True
TVN,2023-06-30,data/raw/pdf/TVN/Libro_FECU_30_06_2023/Libro_FECU_30_06_2023.pdf,trimestre,actual,2023-04-01,2023-06-30,1,False,!Depreciación!,649527,52,pdftotext-raw,OK,depreciacion,Depreciación y amortización,Q2 2023,False
TVN,2023-06-30,data/raw/pdf/TVN/Libro_FECU_30_06_2023/Libro_FECU_30_06_2023.pdf,trimestre,comparativo,2022-04-01,2022-06-30,1,False,!Depreciación!,466407,52,pdftotext-raw,OK,depreciacion,Depreciación y amortización,Q2 2022,True
TVN,2023-06-30,data/raw/pdf/TVN/Libro_FECU_30_06_2023/Libro_FECU_30_06_2023.pdf,semestre,actual,2023-01-01,2023-06-30,2,False,!Servicios!,2495354,52,pdftotext-raw,OK,servicios,Otros costos,H1 2023,False
TVN,2023-06-30,data/raw/pdf/TVN/Libro_FECU_30_06_2023/Libro_FECU_30_06_2023.pdf,semestre,comparativo,2022-01-01,2022-06-30,2,False,!Servicios!,1645203,52,pdftotext-raw,OK,servicios,Otros costos,H1 2022,True
TVN,2023-06-30,data/raw/pdf/TVN/Libro_FECU_30_06_2023/Libro_FECU_30_06_2023.pdf,trimestre,actual,2023-04-01,2023-06-30,2,False,!Servicios!,1183996,52,pdftotext-raw,OK,servicios,Otros costos,Q2 2023,False
TVN,2023-06-30,data/raw/pdf/TVN/Libro_FECU_30_06_2023/Libro_FECU_30_06_2023.pdf,trimestre,comparativo,2022-04-01,2022-06-30,2,False,!Servicios!,849003,52,pdftotext-raw,OK,servicios,Otros costos,Q2 2022,True
TVN,2023-06-30,data/raw/pdf/TVN/Libro_FECU_30_06_2023/Libro_FECU_30_06_2023.pdf,semestre,actual,2023-01-01,2023-06-30,3,False,!Costos!de!exhbición!,19326574,52,pdftotext-raw,OK,costosdeexhbicion,Contenidos y producción,H1 2023,False
TVN,2023-06-30,data/raw/pdf/TVN/Libro_FECU_30_06_2023/Libro_FECU_30_06_2023.pdf,semestre,comparativo,2022-01-01,2022-06-30,3,False,!Costos!de!exhbición!,15389223,52,pdftotext-raw,OK,costosdeexhbicion,Contenidos y producción,H1 2022,True
TVN,2023-06-30,data/raw/pdf/TVN/Libro_FECU_30_06_2023/Libro_FECU_30_06_2023.pdf,trimestre,actual,2023-04-01,2023-06-30,3,False,!Costos!de!exhbición!,8616100,52,pdftotext-raw,OK,costosdeexhbicion,Contenidos y producción,Q2 2023,False
TVN,2023-06-30,data/raw/pdf/TVN/Libro_FECU_30_06_2023/Libro_FECU_30_06_2023.pdf,trimestre,comparativo,2022-04-01,2022-06-30,3,False,!Costos!de!exhbición!,8516093,52,pdftotext-raw,OK,costosdeexhbicion,Contenidos y producción,Q2 2022,True
TVN,2023-09-30,data/raw/pdf/TVN/LIBRO_EEFF_816898005_09_23/LIBRO_EEFF_816898005_09_23.pdf,acumulado9m,actual,2023-01-01,2023-09-30,0,False,Remuneraciones,3319659,49,pdfplumber,OK,remuneraciones,Personal,9M 2023,False
TVN,2023-09-30,data/raw/pdf/TVN/LIBRO_EEFF_816898005_09_23/LIBRO_EEFF_816898005_09_23.pdf,acumulado9m,comparativo,2022-01-01,2022-09-30,0,False,Remuneraciones,2907028,49,pdfplumber,OK,remuneraciones,Personal,9M 2022,True
TVN,2023-09-30,data/raw/pdf/TVN/LIBRO_EEFF_816898005_09_23/LIBRO_EEFF_816898005_09_23.pdf,trimestre,actual,2023-07-01,2023-09-30,0,False,Remuneraciones,1080018,49,pdfplumber,OK,remuneraciones,Personal,Q3 2023,False
TVN,2023-09-30,data/raw/pdf/TVN/LIBRO_EEFF_816898005_09_23/LIBRO_EEFF_816898005_09_23.pdf,trimestre,comparativo,2022-07-01,2022-09-30,0,False,Remuneraciones,985600,49,pdfplumber,OK,remuneraciones,Personal,Q3 2022,True
TVN,2023-09-30,data/raw/pdf/TVN/LIBRO_EEFF_816898005_09_23/LIBRO_EEFF_816898005_09_23.pdf,acumulado9m,actual,2023-01-01,2023-09-30,1,False,Depreciación,1891396,49,pdfplumber,OK,depreciacion,Depreciación y amortización,9M 2023,False
TVN,2023-09-30,data/raw/pdf/TVN/LIBRO_EEFF_816898005_09_23/LIBRO_EEFF_816898005_09_23.pdf,acumulado9m,comparativo,2022-01-01,2022-09-30,1,False,Depreciación,1429628,49,pdfplumber,OK,depreciacion,Depreciación y amortización,9M 2022,True
TVN,2023-09-30,data/raw/pdf/TVN/LIBRO_EEFF_816898005_09_23/LIBRO_EEFF_816898005_09_23.pdf,trimestre,actual,2023-07-01,2023-09-30,1,False,Depreciación,677990,49,pdfplumber,OK,depreciacion,Depreciación y amortización,Q3 2023,False
TVN,2023-09-30,data/raw/pdf/TVN/LIBRO_EEFF_816898005_09_23/LIBRO_EEFF_816898005_09_23.pdf,trimestre,comparativo,2022-07-01,2022-09-30,1,False,Depreciación,494715,49,pdfplumber,OK,depreciacion,Depreciación y amortización,Q3 2022,True
TVN,2023-09-30,data/raw/pdf/TVN/LIBRO_EEFF_816898005_09_23/LIBRO_EEFF_816898005_09_23.pdf,acumulado9m,actual,2023-01-01,2023-09-30,2,False,Servicios,2906190,49,pdfplumber,OK,servicios,Otros costos,9M 2023,False
TVN,2023-09-30,data/raw/pdf/TVN/LIBRO_EEFF_816898005_09_23/LIBRO_EEFF_816898005_09_23.pdf,acumulado9m,comparativo,2022-01-01,2022-09-30,2,False,Servicios,2603435,49,pdfplumber,OK,servicios,Otros costos,9M 2022,True
TVN,2023-09-30,data/raw/pdf/TVN/LIBRO_EEFF_816898005_09_23/LIBRO_EEFF_816898005_09_23.pdf,trimestre,actual,2023-07-01,2023-09-30,2,False,Servicios,410836,49,pdfplumber,OK,servicios,Otros costos,Q3 2023,False
TVN,2023-09-30,data/raw/pdf/TVN/LIBRO_EEFF_816898005_09_23/LIBRO_EEFF_816898005_09_23.pdf,trimestre,comparativo,2022-07-01,2022-09-30,2,False,Servicios,958232,49,pdfplumber,OK,servicios,Otros costos,Q3 2022,True
TVN,2023-09-30,data/raw/pdf/TVN/LIBRO_EEFF_816898005_09_23/LIBRO_EEFF_816898005_09_23.pdf,acumulado9m,actual,2023-01-01,2023-09-30,3,False,Costos de exhbición,28133052,49,pdfplumber,OK,costosdeexhbicion,Contenidos y producción,9M 2023,False
TVN,2023-09-30,data/raw/pdf/TVN/LIBRO_EEFF_816898005_09_23/LIBRO_EEFF_816898005_09_23.pdf,acumulado9m,comparativo,2022-01-01,2022-09-30,3,False,Costos de exhbición,23071878,49,pdfplumber,OK,costosdeexhbicion,Contenidos y producción,9M 2022,True
TVN,2023-09-30,data/raw/pdf/TVN/LIBRO_EEFF_816898005_09_23/LIBRO_EEFF_816898005_09_23.pdf,trimestre,actual,2023-07-01,2023-09-30,3,False,Costos de exhbición,8806478,49,pdfplumber,OK,costosdeexhbicion,Contenidos y producción,Q3 2023,False
TVN,2023-09-30,data/raw/pdf/TVN/LIBRO_EEFF_816898005_09_23/LIBRO_EEFF_816898005_09_23.pdf,trimestre,comparativo,2022-07-01,2022-09-30,3,False,Costos de exhbición,7682655,49,pdfplumber,OK,costosdeexhbicion,Contenidos y producción,Q3 2022,True
TVN,2023-12-31,data/raw/pdf/TVN/FECU-dic-2023/FECU-dic-2023.pdf,anual,actual,2023-01-01,2023-12-31,0,False,Remuneraciones,4488746,54,ocr,OK,remuneraciones,Personal,FY2023,False
TVN,2023-12-31,data/raw/pdf/TVN/FECU-dic-2023/FECU-dic-2023.pdf,anual,comparativo,2022-01-01,2022-12-31,0,False,Remuneraciones,4036500,54,ocr,OK,remuneraciones,Personal,FY2022,True
TVN,2023-12-31,data/raw/pdf/TVN/FECU-dic-2023/FECU-dic-2023.pdf,anual,actual,2023-01-01,2023-12-31,1,False,Depreciación,2720598,54,ocr,OK,depreciacion,Depreciación y amortización,FY2023,False
TVN,2023-12-31,data/raw/pdf/TVN/FECU-dic-2023/FECU-dic-2023.pdf,anual,comparativo,2022-01-01,2022-12-31,1,False,Depreciación,2073278,54,ocr,OK,depreciacion,Depreciación y amortización,FY2022,True
TVN,2023-12-31,data/raw/pdf/TVN/FECU-dic-2023/FECU-dic-2023.pdf,anual,actual,2023-01-01,2023-12-31,2,False,Servicios,4572527,54,ocr,OK,servicios,Otros costos,FY2023,False
TVN,2023-12-31,data/raw/pdf/TVN/FECU-dic-2023/FECU-dic-2023.pdf,anual,comparativo,2022-01-01,2022-12-31,2,False,Servicios,3554433,54,ocr,OK,servicios,Otros costos,FY2022,True
TVN,2023-12-31,data/raw/pdf/TVN/FECU-dic-2023/FECU-dic-2023.pdf,anual,actual,2023-01-01,2023-12-31,3,False,Costos de exhbición,36756198,54,ocr,OK,costosdeexhbicion,Contenidos y producción,FY2023,False
TVN,2023-12-31,data/raw/pdf/TVN/FECU-dic-2023/FECU-dic-2023.pdf,anual,comparativo,2022-01-01,2022-12-31,3,False,Costos de exhbición,33142041,54,ocr,OK,costosdeexhbicion,Contenidos y producción,FY2022,True
TVN,2024-03-31,data/raw/pdf/TVN/2024-03-Estados-Financieros-TVN/2024-03-Estados-Financieros-TVN.pdf,trimestre,actual,2024-01-01,2024-03-31,0,False,Remuneraciones,1078127,46,pdfplumber,OK,remuneraciones,Personal,Q1 2024,False
TVN,2024-03-31,data/raw/pdf/TVN/2024-03-Estados-Financieros-TVN/2024-03-Estados-Financieros-TVN.pdf,trimestre,comparativo,2023-01-01,2023-03-31,0,False,Remuneraciones,1042645,46,pdfplumber,OK,remuneraciones,Personal,Q1 2023,True
TVN,2024-03-31,data/raw/pdf/TVN/2024-03-Estados-Financieros-TVN/2024-03-Estados-Financieros-TVN.pdf,trimestre,actual,2024-01-01,2024-03-31,1,False,Depreciación,734770,46,pdfplumber,OK,depreciacion,Depreciación y amortización,Q1 2024,False
TVN,2024-03-31,data/raw/pdf/TVN/2024-03-Estados-Financieros-TVN/2024-03-Estados-Financieros-TVN.pdf,trimestre,comparativo,2023-01-01,2023-03-31,1,False,Depreciación,563879,46,pdfplumber,OK,depreciacion,Depreciación y amortización,Q1 2023,True
TVN,2024-03-31,data/raw/pdf/TVN/2024-03-Estados-Financieros-TVN/2024-03-Estados-Financieros-TVN.pdf,trimestre,actual,2024-01-01,2024-03-31,2,False,Servicios,1169244,46,pdfplumber,OK,servicios,Otros costos,Q1 2024,False
TVN,2024-03-31,data/raw/pdf/TVN/2024-03-Estados-Financieros-TVN/2024-03-Estados-Financieros-TVN.pdf,trimestre,comparativo,2023-01-01,2023-03-31,2,False,Servicios,1311358,46,pdfplumber,OK,servicios,Otros costos,Q1 2023,True
TVN,2024-03-31,data/raw/pdf/TVN/2024-03-Estados-Financieros-TVN/2024-03-Estados-Financieros-TVN.pdf,trimestre,actual,2024-01-01,2024-03-31,3,False,Costos de exhbición,11493706,46,pdfplumber,OK,costosdeexhbicion,Contenidos y producción,Q1 2024,False
TVN,2024-03-31,data/raw/pdf/TVN/2024-03-Estados-Financieros-TVN/2024-03-Estados-Financieros-TVN.pdf,trimestre,comparativo,2023-01-01,2023-03-31,3,False,Costos de exhbición,10710474,46,pdfplumber,OK,costosdeexhbicion,Contenidos y producción,Q1 2023,True
TVN,2024-06-30,data/raw/pdf/TVN/2024-06-Estados-Financieros-TVN/2024-06-Estados-Financieros-TVN.pdf,semestre,actual,2024-01-01,2024-06-30,0,False,Remuneraciones,2290640,47,pdftotext-raw,OK,remuneraciones,Personal,H1 2024,False
TVN,2024-06-30,data/raw/pdf/TVN/2024-06-Estados-Financieros-TVN/2024-06-Estados-Financieros-TVN.pdf,semestre,comparativo,2023-01-01,2023-06-30,0,False,Remuneraciones,2239641,47,pdftotext-raw,OK,remuneraciones,Personal,H1 2023,True
TVN,2024-06-30,data/raw/pdf/TVN/2024-06-Estados-Financieros-TVN/2024-06-Estados-Financieros-TVN.pdf,trimestre,actual,2024-04-01,2024-06-30,0,False,Remuneraciones,1212513,47,pdftotext-raw,OK,remuneraciones,Personal,Q2 2024,False
TVN,2024-06-30,data/raw/pdf/TVN/2024-06-Estados-Financieros-TVN/2024-06-Estados-Financieros-TVN.pdf,trimestre,comparativo,2023-04-01,2023-06-30,0,False,Remuneraciones,1196996,47,pdftotext-raw,OK,remuneraciones,Personal,Q2 2023,True
TVN,2024-06-30,data/raw/pdf/TVN/2024-06-Estados-Financieros-TVN/2024-06-Estados-Financieros-TVN.pdf,semestre,actual,2024-01-01,2024-06-30,1,False,Depreciación,1551357,47,pdftotext-raw,OK,depreciacion,Depreciación y amortización,H1 2024,False
TVN,2024-06-30,data/raw/pdf/TVN/2024-06-Estados-Financieros-TVN/2024-06-Estados-Financieros-TVN.pdf,semestre,comparativo,2023-01-01,2023-06-30,1,False,Depreciación,1213406,47,pdftotext-raw,OK,depreciacion,Depreciación y amortización,H1 2023,True
TVN,2024-06-30,data/raw/pdf/TVN/2024-06-Estados-Financieros-TVN/2024-06-Estados-Financieros-TVN.pdf,trimestre,actual,2024-04-01,2024-06-30,1,False,Depreciación,816587,47,pdftotext-raw,OK,depreciacion,Depreciación y amortización,Q2 2024,False
TVN,2024-06-30,data/raw/pdf/TVN/2024-06-Estados-Financieros-TVN/2024-06-Estados-Financieros-TVN.pdf,trimestre,comparativo,2023-04-01,2023-06-30,1,False,Depreciación,649527,47,pdftotext-raw,OK,depreciacion,Depreciación y amortización,Q2 2023,True
TVN,2024-06-30,data/raw/pdf/TVN/2024-06-Estados-Financieros-TVN/2024-06-Estados-Financieros-TVN.pdf,semestre,actual,2024-01-01,2024-06-30,2,False,Servicios,2420332,47,pdftotext-raw,OK,servicios,Otros costos,H1 2024,False
TVN,2024-06-30,data/raw/pdf/TVN/2024-06-Estados-Financieros-TVN/2024-06-Estados-Financieros-TVN.pdf,semestre,comparativo,2023-01-01,2023-06-30,2,False,Servicios,2495354,47,pdftotext-raw,OK,servicios,Otros costos,H1 2023,True
TVN,2024-06-30,data/raw/pdf/TVN/2024-06-Estados-Financieros-TVN/2024-06-Estados-Financieros-TVN.pdf,trimestre,actual,2024-04-01,2024-06-30,2,False,Servicios,1251088,47,pdftotext-raw,OK,servicios,Otros costos,Q2 2024,False
TVN,2024-06-30,data/raw/pdf/TVN/2024-06-Estados-Financieros-TVN/2024-06-Estados-Financieros-TVN.pdf,trimestre,comparativo,2023-04-01,2023-06-30,2,False,Servicios,1183996,47,pdftotext-raw,OK,servicios,Otros costos,Q2 2023,True
TVN,2024-06-30,data/raw/pdf/TVN/2024-06-Estados-Financieros-TVN/2024-06-Estados-Financieros-TVN.pdf,semestre,actual,2024-01-01,2024-06-30,3,False,Costos de exhibición,21851575,47,pdftotext-raw,OK,costosdeexhibicion,Contenidos y producción,H1 2024,False
TVN,2024-06-30,data/raw/pdf/TVN/2024-06-Estados-Financieros-TVN/2024-06-Estados-Financieros-TVN.pdf,semestre,comparativo,2023-01-01,2023-06-30,3,False,Costos de exhibición,19326574,47,pdftotext-raw,OK,costosdeexhibicion,Contenidos y producción,H1 2023,True
TVN,2024-06-30,data/raw/pdf/TVN/2024-06-Estados-Financieros-TVN/2024-06-Estados-Financieros-TVN.pdf,trimestre,actual,2024-04-01,2024-06-30,3,False,Costos de exhibición,10357869,47,pdftotext-raw,OK,costosdeexhibicion,Contenidos y producción,Q2 2024,False
TVN,2024-06-30,data/raw/pdf/TVN/2024-06-Estados-Financieros-TVN/2024-06-Estados-Financieros-TVN.pdf,trimestre,comparativo,2023-04-01,2023-06-30,3,False,Costos de exhibición,8616100,47,pdftotext-raw,OK,costosdeexhibicion,Contenidos y producción,Q2 2023,True
TVN,2024-09-30,data/raw/pdf/TVN/2024-09-Estados-Financieros-TVN/2024-09-Estados-Financieros-TVN.pdf,acumulado9m,actual,2024-01-01,2024-09-30,0,False,Remuneraciones,3517007,45,ocr,OK,remuneraciones,Personal,9M 2024,False
TVN,2024-09-30,data/raw/pdf/TVN/2024-09-Estados-Financieros-TVN/2024-09-Estados-Financieros-TVN.pdf,acumulado9m,comparativo,2023-01-01,2023-09-30,0,False,Remuneraciones,3319659,45,ocr,OK,remuneraciones,Personal,9M 2023,True
TVN,2024-09-30,data/raw/pdf/TVN/2024-09-Estados-Financieros-TVN/2024-09-Estados-Financieros-TVN.pdf,trimestre,actual,2024-07-01,2024-09-30,0,False,Remuneraciones,1226367,45,ocr,OK,remuneraciones,Personal,Q3 2024,False
TVN,2024-09-30,data/raw/pdf/TVN/2024-09-Estados-Financieros-TVN/2024-09-Estados-Financieros-TVN.pdf,trimestre,comparativo,2023-07-01,2023-09-30,0,False,Remuneraciones,1080018,45,ocr,OK,remuneraciones,Personal,Q3 2023,True
TVN,2024-09-30,data/raw/pdf/TVN/2024-09-Estados-Financieros-TVN/2024-09-Estados-Financieros-TVN.pdf,acumulado9m,actual,2024-01-01,2024-09-30,1,False,Depreciación,2273432,45,ocr,OK,depreciacion,Depreciación y amortización,9M 2024,False
TVN,2024-09-30,data/raw/pdf/TVN/2024-09-Estados-Financieros-TVN/2024-09-Estados-Financieros-TVN.pdf,acumulado9m,comparativo,2023-01-01,2023-09-30,1,False,Depreciación,1891396,45,ocr,OK,depreciacion,Depreciación y amortización,9M 2023,True
TVN,2024-09-30,data/raw/pdf/TVN/2024-09-Estados-Financieros-TVN/2024-09-Estados-Financieros-TVN.pdf,trimestre,actual,2024-07-01,2024-09-30,1,False,Depreciación,722075,45,ocr,OK,depreciacion,Depreciación y amortización,Q3 2024,False
TVN,2024-09-30,data/raw/pdf/TVN/2024-09-Estados-Financieros-TVN/2024-09-Estados-Financieros-TVN.pdf,trimestre,comparativo,2023-07-01,2023-09-30,1,False,Depreciación,677990,45,ocr,OK,depreciacion,Depreciación y amortización,Q3 2023,True
TVN,2024-09-30,data/raw/pdf/TVN/2024-09-Estados-Financieros-TVN/2024-09-Estados-Financieros-TVN.pdf,acumulado9m,actual,2024-01-01,2024-09-30,2,False,Servicios,3377378,45,ocr,OK,servicios,Otros costos,9M 2024,False
TVN,2024-09-30,data/raw/pdf/TVN/2024-09-Estados-Financieros-TVN/2024-09-Estados-Financieros-TVN.pdf,acumulado9m,comparativo,2023-01-01,2023-09-30,2,False,Servicios,2906190,45,ocr,OK,servicios,Otros costos,9M 2023,True
TVN,2024-09-30,data/raw/pdf/TVN/2024-09-Estados-Financieros-TVN/2024-09-Estados-Financieros-TVN.pdf,trimestre,actual,2024-07-01,2024-09-30,2,False,Servicios,957046,45,ocr,OK,servicios,Otros costos,Q3 2024,False
TVN,2024-09-30,data/raw/pdf/TVN/2024-09-Estados-Financieros-TVN/2024-09-Estados-Financieros-TVN.pdf,trimestre,comparativo,2023-07-01,2023-09-30,2,False,Servicios,410836,45,ocr,OK,servicios,Otros costos,Q3 2023,True
TVN,2024-09-30,data/raw/pdf/TVN/2024-09-Estados-Financieros-TVN/2024-09-Estados-Financieros-TVN.pdf,acumulado9m,actual,2024-01-01,2024-09-30,3,False,Costos de exhibición,32243098,45,ocr,OK,costosdeexhibicion,Contenidos y producción,9M 2024,False
TVN,2024-09-30,data/raw/pdf/TVN/2024-09-Estados-Financieros-TVN/2024-09-Estados-Financieros-TVN.pdf,acumulado9m,comparativo,2023-01-01,2023-09-30,3,False,Costos de exhibición,28133052,45,ocr,OK,costosdeexhibicion,Contenidos y producción,9M 2023,True
TVN,2024-09-30,data/raw/pdf/TVN/2024-09-Estados-Financieros-TVN/2024-09-Estados-Financieros-TVN.pdf,trimestre,actual,2024-07-01,2024-09-30,3,False,Costos de exhibición,10391523,45,ocr,OK,costosdeexhibicion,Contenidos y producción,Q3 2024,False
TVN,2024-09-30,data/raw/pdf/TVN/2024-09-Estados-Financieros-TVN/2024-09-Estados-Financieros-TVN.pdf,trimestre,comparativo,2023-07-01,2023-09-30,3,False,Costos de exhibición,8806478,45,ocr,OK,costosdeexhibicion,Contenidos y producción,Q3 2023,True
TVN,2024-12-31,data/raw/pdf/TVN/Estados-Financieros-TVN-31-12-2024/Estados-Financieros-TVN-31-12-2024.pdf,anual,actual,2024-01-01,2024-12-31,0,False,Remuneraciones,4785553,50,pdfplumber,OK,remuneraciones,Personal,FY2024,False
TVN,2024-12-31,data/raw/pdf/TVN/Estados-Financieros-TVN-31-12-2024/Estados-Financieros-TVN-31-12-2024.pdf,anual,comparativo,2023-01-01,2023-12-31,0,False,Remuneraciones,4488746,50,pdfplumber,OK,remuneraciones,Personal,FY2023,True
TVN,2024-12-31,data/raw/pdf/TVN/Estados-Financieros-TVN-31-12-2024/Estados-Financieros-TVN-31-12-2024.pdf,anual,actual,2024-01-01,2024-12-31,1,False,Depreciación,3050793,50,pdfplumber,OK,depreciacion,Depreciación y amortización,FY2024,False
TVN,2024-12-31,data/raw/pdf/TVN/Estados-Financieros-TVN-31-12-2024/Estados-Financieros-TVN-31-12-2024.pdf,anual,comparativo,2023-01-01,2023-12-31,1,False,Depreciación,2720598,50,pdfplumber,OK,depreciacion,Depreciación y amortización,FY2023,True
TVN,2024-12-31,data/raw/pdf/TVN/Estados-Financieros-TVN-31-12-2024/Estados-Financieros-TVN-31-12-2024.pdf,anual,actual,2024-01-01,2024-12-31,2,False,Servicios,4488310,50,pdfplumber,OK,servicios,Otros costos,FY2024,False
TVN,2024-12-31,data/raw/pdf/TVN/Estados-Financieros-TVN-31-12-2024/Estados-Financieros-TVN-31-12-2024.pdf,anual,comparativo,2023-01-01,2023-12-31,2,False,Servicios,4572527,50,pdfplumber,OK,servicios,Otros costos,FY2023,True
TVN,2024-12-31,data/raw/pdf/TVN/Estados-Financieros-TVN-31-12-2024/Estados-Financieros-TVN-31-12-2024.pdf,anual,actual,2024-01-01,2024-12-31,3,False,Costos de producción y exhibición,40129075,50,pdfplumber,OK,costosdeproduccionyexhibicion,Contenidos y producción,FY2024,False
TVN,2024-12-31,data/raw/pdf/TVN/Estados-Financieros-TVN-31-12-2024/Estados-Financieros-TVN-31-12-2024.pdf,anual,comparativo,2023-01-01,2023-12-31,3,False,Costos de producción y exhibición,36694049,50,pdfplumber,OK,costosdeproduccionyexhibicion,Contenidos y producción,FY2023,True
TVN,2025-03-31,data/raw/pdf/TVN/1-Estados-Financieros-TVN-032025/1-Estados-Financieros-TVN-032025.pdf,trimestre,actual,2025-01-01,2025-03-31,0,False,Remuneraciones,1124183,45,pdftotext-layout,OK,remuneraciones,Personal,Q1 2025,False
TVN,2025-03-31,data/raw/pdf/TVN/1-Estados-Financieros-TVN-032025/1-Estados-Financieros-TVN-032025.pdf,trimestre,comparativo,2024-01-01,2024-03-31,0,False,Remuneraciones,1078127,45,pdftotext-layout,OK,remuneraciones,Personal,Q1 2024,True
TVN,2025-03-31,data/raw/pdf/TVN/1-Estados-Financieros-TVN-032025/1-Estados-Financieros-TVN-032025.pdf,trimestre,actual,2025-01-01,2025-03-31,1,False,Depreciación,759471,45,pdftotext-layout,OK,depreciacion,Depreciación y amortización,Q1 2025,False
TVN,2025-03-31,data/raw/pdf/TVN/1-Estados-Financieros-TVN-032025/1-Estados-Financieros-TVN-032025.pdf,trimestre,comparativo,2024-01-01,2024-03-31,1,False,Depreciación,734770,45,pdftotext-layout,OK,depreciacion,Depreciación y amortización,Q1 2024,True
TVN,2025-03-31,data/raw/pdf/TVN/1-Estados-Financieros-TVN-032025/1-Estados-Financieros-TVN-032025.pdf,trimestre,actual,2025-01-01,2025-03-31,2,False,Servicios,1344902,45,pdftotext-layout,OK,servicios,Otros costos,Q1 2025,False
TVN,2025-03-31,data/raw/pdf/TVN/1-Estados-Financieros-TVN-032025/1-Estados-Financieros-TVN-032025.pdf,trimestre,comparativo,2024-01-01,2024-03-31,2,False,Servicios,1169244,45,pdftotext-layout,OK,servicios,Otros costos,Q1 2024,True
TVN,2025-03-31,data/raw/pdf/TVN/1-Estados-Financieros-TVN-032025/1-Estados-Financieros-TVN-032025.pdf,trimestre,actual,2025-01-01,2025-03-31,3,False,Costos de producción y exhibición,10110384,45,pdftotext-layout,OK,costosdeproduccionyexhibicion,Contenidos y producción,Q1 2025,False
TVN,2025-03-31,data/raw/pdf/TVN/1-Estados-Financieros-TVN-032025/1-Estados-Financieros-TVN-032025.pdf,trimestre,comparativo,2024-01-01,2024-03-31,3,False,Costos de producción y exhibición,11493706,45,pdftotext-layout,OK,costosdeproduccionyexhibicion,Contenidos y producción,Q1 2024,True
TVN,2025-06-30,data/raw/pdf/TVN/Estados-Financieros-TVN-junio-2025/Estados-Financieros-TVN-junio-2025.pdf,semestre,actual,2025-01-01,2025-06-30,0,False,Remuneraciones,2354986,50,pdfplumber,OK,remuneraciones,Personal,H1 2025,False
TVN,2025-06-30,data/raw/pdf/TVN/Estados-Financieros-TVN-junio-2025/Estados-Financieros-TVN-junio-2025.pdf,semestre,comparativo,2024-01-01,2024-06-30,0,False,Remuneraciones,2290640,50,pdfplumber,OK,remuneraciones,Personal,H1 2024,True
TVN,2025-06-30,data/raw/pdf/TVN/Estados-Financieros-TVN-junio-2025/Estados-Financieros-TVN-junio-2025.pdf,trimestre,actual,2025-04-01,2025-06-30,0,False,Remuneraciones,1230803,50,pdfplumber,OK,remuneraciones,Personal,Q2 2025,False
TVN,2025-06-30,data/raw/pdf/TVN/Estados-Financieros-TVN-junio-2025/Estados-Financieros-TVN-junio-2025.pdf,trimestre,comparativo,2024-04-01,2024-06-30,0,False,Remuneraciones,1212513,50,pdfplumber,OK,remuneraciones,Personal,Q2 2024,True
TVN,2025-06-30,data/raw/pdf/TVN/Estados-Financieros-TVN-junio-2025/Estados-Financieros-TVN-junio-2025.pdf,semestre,actual,2025-01-01,2025-06-30,1,False,Depreciación,1576234,50,pdfplumber,OK,depreciacion,Depreciación y amortización,H1 2025,False
TVN,2025-06-30,data/raw/pdf/TVN/Estados-Financieros-TVN-junio-2025/Estados-Financieros-TVN-junio-2025.pdf,semestre,comparativo,2024-01-01,2024-06-30,1,False,Depreciación,1551357,50,pdfplumber,OK,depreciacion,Depreciación y amortización,H1 2024,True
TVN,2025-06-30,data/raw/pdf/TVN/Estados-Financieros-TVN-junio-2025/Estados-Financieros-TVN-junio-2025.pdf,trimestre,actual,2025-04-01,2025-06-30,1,False,Depreciación,816763,50,pdfplumber,OK,depreciacion,Depreciación y amortización,Q2 2025,False
TVN,2025-06-30,data/raw/pdf/TVN/Estados-Financieros-TVN-junio-2025/Estados-Financieros-TVN-junio-2025.pdf,trimestre,comparativo,2024-04-01,2024-06-30,1,False,Depreciación,816587,50,pdfplumber,OK,depreciacion,Depreciación y amortización,Q2 2024,True
TVN,2025-06-30,data/raw/pdf/TVN/Estados-Financieros-TVN-junio-2025/Estados-Financieros-TVN-junio-2025.pdf,semestre,actual,2025-01-01,2025-06-30,2,False,Servicios,2620136,50,pdfplumber,OK,servicios,Otros costos,H1 2025,False
TVN,2025-06-30,data/raw/pdf/TVN/Estados-Financieros-TVN-junio-2025/Estados-Financieros-TVN-junio-2025.pdf,semestre,comparativo,2024-01-01,2024-06-30,2,False,Servicios,2420332,50,pdfplumber,OK,servicios,Otros costos,H1 2024,True
TVN,2025-06-30,data/raw/pdf/TVN/Estados-Financieros-TVN-junio-2025/Estados-Financieros-TVN-junio-2025.pdf,trimestre,actual,2025-04-01,2025-06-30,2,False,Servicios,1275234,50,pdfplumber,OK,servicios,Otros costos,Q2 2025,False
TVN,2025-06-30,data/raw/pdf/TVN/Estados-Financieros-TVN-junio-2025/Estados-Financieros-TVN-junio-2025.pdf,trimestre,comparativo,2024-04-01,2024-06-30,2,False,Servicios,1251088,50,pdfplumber,OK,servicios,Otros costos,Q2 2024,True
TVN,2025-06-30,data/raw/pdf/TVN/Estados-Financieros-TVN-junio-2025/Estados-Financieros-TVN-junio-2025.pdf,semestre,actual,2025-01-01,2025-06-30,3,False,Costos de producción y exhibición,18771771,50,pdfplumber,OK,costosdeproduccionyexhibicion,Contenidos y producción,H1 2025,False
TVN,2025-06-30,data/raw/pdf/TVN/Estados-Financieros-TVN-junio-2025/Estados-Financieros-TVN-junio-2025.pdf,semestre,comparativo,2024-01-01,2024-06-30,3,False,Costos de producción y exhibición,21851575,50,pdfplumber,OK,costosdeproduccionyexhibicion,Contenidos y producción,H1 2024,True
TVN,2025-06-30,data/raw/pdf/TVN/Estados-Financieros-TVN-junio-2025/Estados-Financieros-TVN-junio-2025.pdf,trimestre,actual,2025-04-01,2025-06-30,3,False,Costos de producción y exhibición,8661387,50,pdfplumber,OK,costosdeproduccionyexhibicion,Contenidos y producción,Q2 2025,False
TVN,2025-06-30,data/raw/pdf/TVN/Estados-Financieros-TVN-junio-2025/Estados-Financieros-TVN-junio-2025.pdf,trimestre,comparativo,2024-04-01,2024-06-30,3,False,Costos de producción y exhibición,10357869,50,pdfplumber,OK,costosdeproduccionyexhibicion,Contenidos y producción,Q2 2024,True
TVN,2025-09-30,data/raw/pdf/TVN/Estados_Financieros_TVN-30_09_2025/Estados_Financieros_TVN-30_09_2025.pdf,acumulado9m,actual,2025-01-01,2025-09-30,0,False,Remuneraciones,3510257,48,pdftotext-raw,OK,remuneraciones,Personal,9M 2025,True
TVN,2025-09-30,data/raw/pdf/TVN/Estados_Financieros_TVN-30_09_2025/Estados_Financieros_TVN-30_09_2025.pdf,acumulado9m,comparativo,2024-01-01,2024-09-30,0,False,Remuneraciones,3517007,48,pdftotext-raw,OK,remuneraciones,Personal,9M 2024,True
TVN,2025-09-30,data/raw/pdf/TVN/Estados_Financieros_TVN-30_09_2025/Estados_Financieros_TVN-30_09_2025.pdf,trimestre,actual,2025-07-01,2025-09-30,0,False,Remuneraciones,1155271,48,pdftotext-raw,OK,remuneraciones,Personal,Q3 2025,True
TVN,2025-09-30,data/raw/pdf/TVN/Estados_Financieros_TVN-30_09_2025/Estados_Financieros_TVN-30_09_2025.pdf,trimestre,comparativo,2024-07-01,2024-09-30,0,False,Remuneraciones,1226367,48,pdftotext-raw,OK,remuneraciones,Personal,Q3 2024,True
TVN,2025-09-30,data/raw/pdf/TVN/Estados_Financieros_TVN-30_09_2025/Estados_Financieros_TVN-30_09_2025.pdf,acumulado9m,actual,2025-01-01,2025-09-30,1,False,Depreciación,2286694,48,pdftotext-raw,OK,depreciacion,Depreciación y amortización,9M 2025,True
TVN,2025-09-30,data/raw/pdf/TVN/Estados_Financieros_TVN-30_09_2025/Estados_Financieros_TVN-30_09_2025.pdf,acumulado9m,comparativo,2024-01-01,2024-09-30,1,False,Depreciación,2273432,48,pdftotext-raw,OK,depreciacion,Depreciación y amortización,9M 2024,True
TVN,2025-09-30,data/raw/pdf/TVN/Estados_Financieros_TVN-30_09_2025/Estados_Financieros_TVN-30_09_2025.pdf,trimestre,actual,2025-07-01,2025-09-30,1,False,Depreciación,710460,48,pdftotext-raw,OK,depreciacion,Depreciación y amortización,Q3 2025,True
TVN,2025-09-30,data/raw/pdf/TVN/Estados_Financieros_TVN-30_09_2025/Estados_Financieros_TVN-30_09_2025.pdf,trimestre,comparativo,2024-07-01,2024-09-30,1,False,Depreciación,722075,48,pdftotext-raw,OK,depreciacion,Depreciación y amortización,Q3 2024,True
TVN,2025-09-30,data/raw/pdf/TVN/Estados_Financieros_TVN-30_09_2025/Estados_Financieros_TVN-30_09_2025.pdf,acumulado9m,actual,2025-01-01,2025-09-30,2,False,Servicios,3935837,48,pdftotext-raw,OK,servicios,Otros costos,9M 2025,True
TVN,2025-09-30,data/raw/pdf/TVN/Estados_Financieros_TVN-30_09_2025/Estados_Financieros_TVN-30_09_2025.pdf,acumulado9m,comparativo,2024-01-01,2024-09-30,2,False,Servicios,3377378,48,pdftotext-raw,OK,servicios,Otros costos,9M 2024,True
TVN,2025-09-30,data/raw/pdf/TVN/Estados_Financieros_TVN-30_09_2025/Estados_Financieros_TVN-30_09_2025.pdf,trimestre,actual,2025-07-01,2025-09-30,2,False,Servicios,1315701,48,pdftotext-raw,OK,servicios,Otros costos,Q3 2025,True
TVN,2025-09-30,data/raw/pdf/TVN/Estados_Financieros_TVN-30_09_2025/Estados_Financieros_TVN-30_09_2025.pdf,trimestre,comparativo,2024-07-01,2024-09-30,2,False,Servicios,957046,48,pdftotext-raw,OK,servicios,Otros costos,Q3 2024,True
TVN,2025-09-30,data/raw/pdf/TVN/Estados_Financieros_TVN-30_09_2025/Estados_Financieros_TVN-30_09_2025.pdf,acumulado9m,actual,2025-01-01,2025-09-30,3,False,Costos de producción y exhibición,28377936,48,pdftotext-raw,OK,costosdeproduccionyexhibicion,Contenidos y producción,9M 2025,True
TVN,2025-09-30,data/raw/pdf/TVN/Estados_Financieros_TVN-30_09_2025/Estados_Financieros_TVN-30_09_2025.pdf,acumulado9m,comparativo,2024-01-01,2024-09-30,3,False,Costos de producción y exhibición,32243098,48,pdftotext-raw,OK,costosdeproduccionyexhibicion,Contenidos y producción,9M 2024,True
TVN,2025-09-30,data/raw/pdf/TVN/Estados_Financieros_TVN-30_09_2025/Estados_Financieros_TVN-30_09_2025.pdf,trimestre,actual,2025-07-01,2025-09-30,3,False,Costos de producción y exhibición,9606165,48,pdftotext-raw,OK,costosdeproduccionyexhibicion,Contenidos y producción,Q3 2025,True
TVN,2025-09-30,data/raw/pdf/TVN/Estados_Financieros_TVN-30_09_2025/Estados_Financieros_TVN-30_09_2025.pdf,trimestre,comparativo,2024-07-01,2024-09-30,3,False,Costos de producción y exhibición,10391523,48,pdftotext-raw,OK,costosdeproduccionyexhibicion,Contenidos y producción,Q3 2024,True
TVN,2025-12-31,data/raw/pdf/TVN/Estados-Financieros-TVN-31-12-2025/Estados-Financieros-TVN-31-12-2025.pdf,anual,actual,2025-01-01,2025-12-31,0,False,Remuneraciones,4802418,54,ocr,OK,remuneraciones,Personal,FY2025,True
TVN,2025-12-31,data/raw/pdf/TVN/Estados-Financieros-TVN-31-12-2025/Estados-Financieros-TVN-31-12-2025.pdf,anual,comparativo,2024-01-01,2024-12-31,0,False,Remuneraciones,4785553,54,ocr,OK,remuneraciones,Personal,FY2024,True
TVN,2025-12-31,data/raw/pdf/TVN/Estados-Financieros-TVN-31-12-2025/Estados-Financieros-TVN-31-12-2025.pdf,anual,actual,2025-01-01,2025-12-31,1,False,Depreciación,3034358,54,ocr,OK,depreciacion,Depreciación y amortización,FY2025,True
TVN,2025-12-31,data/raw/pdf/TVN/Estados-Financieros-TVN-31-12-2025/Estados-Financieros-TVN-31-12-2025.pdf,anual,comparativo,2024-01-01,2024-12-31,1,False,Depreciación,3050793,54,ocr,OK,depreciacion,Depreciación y amortización,FY2024,True
TVN,2025-12-31,data/raw/pdf/TVN/Estados-Financieros-TVN-31-12-2025/Estados-Financieros-TVN-31-12-2025.pdf,anual,actual,2025-01-01,2025-12-31,2,False,Servicios,5105455,54,ocr,OK,servicios,Otros costos,FY2025,True
TVN,2025-12-31,data/raw/pdf/TVN/Estados-Financieros-TVN-31-12-2025/Estados-Financieros-TVN-31-12-2025.pdf,anual,comparativo,2024-01-01,2024-12-31,2,False,Servicios,4488310,54,ocr,OK,servicios,Otros costos,FY2024,True
TVN,2025-12-31,data/raw/pdf/TVN/Estados-Financieros-TVN-31-12-2025/Estados-Financieros-TVN-31-12-2025.pdf,anual,actual,2025-01-01,2025-12-31,3,False,Costo de Exhibición,35827657,54,ocr,OK,costodeexhibicion,Contenidos y producción,FY2025,True
TVN,2025-12-31,data/raw/pdf/TVN/Estados-Financieros-TVN-31-12-2025/Estados-Financieros-TVN-31-12-2025.pdf,anual,comparativo,2024-01-01,2024-12-31,3,False,Costo de Exhibición,38346683,54,ocr,OK,costodeexhibicion,Contenidos y producción,FY2024,True
TVN,2025-12-31,data/raw/pdf/TVN/Estados-Financieros-TVN-31-12-2025/Estados-Financieros-TVN-31-12-2025.pdf,anual,actual,2025-01-01,2025-12-31,4,False,Otros Costos de producción,2010186,54,ocr,OK,otroscostosdeproduccion,Contenidos y producción,FY2025,True
TVN,2025-12-31,data/raw/pdf/TVN/Estados-Financieros-TVN-31-12-2025/Estados-Financieros-TVN-31-12-2025.pdf,anual,comparativo,2024-01-01,2024-12-31,4,False,Otros Costos de producción,1782392,54,ocr,OK,otroscostosdeproduccion,Contenidos y producción,FY2024,True
TVN,2026-03-31,data/raw/pdf/TVN/Estados-Financieros-TVN-03-2026/Estados-Financieros-TVN-03-2026.pdf,trimestre,actual,2026-01-01,2026-03-31,0,False,Remuneraciones,1115178,49,pdftotext-layout,OK,remuneraciones,Personal,Q1 2026,True
TVN,2026-03-31,data/raw/pdf/TVN/Estados-Financieros-TVN-03-2026/Estados-Financieros-TVN-03-2026.pdf,trimestre,comparativo,2025-01-01,2025-03-31,0,False,Remuneraciones,1124183,49,pdftotext-layout,OK,remuneraciones,Personal,Q1 2025,True
TVN,2026-03-31,data/raw/pdf/TVN/Estados-Financieros-TVN-03-2026/Estados-Financieros-TVN-03-2026.pdf,trimestre,actual,2026-01-01,2026-03-31,1,False,Depreciación,733391,49,pdftotext-layout,OK,depreciacion,Depreciación y amortización,Q1 2026,True
TVN,2026-03-31,data/raw/pdf/TVN/Estados-Financieros-TVN-03-2026/Estados-Financieros-TVN-03-2026.pdf,trimestre,comparativo,2025-01-01,2025-03-31,1,False,Depreciación,759471,49,pdftotext-layout,OK,depreciacion,Depreciación y amortización,Q1 2025,True
TVN,2026-03-31,data/raw/pdf/TVN/Estados-Financieros-TVN-03-2026/Estados-Financieros-TVN-03-2026.pdf,trimestre,actual,2026-01-01,2026-03-31,2,False,Servicios,1440989,49,pdftotext-layout,OK,servicios,Otros costos,Q1 2026,True
TVN,2026-03-31,data/raw/pdf/TVN/Estados-Financieros-TVN-03-2026/Estados-Financieros-TVN-03-2026.pdf,trimestre,comparativo,2025-01-01,2025-03-31,2,False,Servicios,1344902,49,pdftotext-layout,OK,servicios,Otros costos,Q1 2025,True
TVN,2026-03-31,data/raw/pdf/TVN/Estados-Financieros-TVN-03-2026/Estados-Financieros-TVN-03-2026.pdf,trimestre,actual,2026-01-01,2026-03-31,3,False,Costo de Exhibición,8121176,49,pdftotext-layout,OK,costodeexhibicion,Contenidos y producción,Q1 2026,True
TVN,2026-03-31,data/raw/pdf/TVN/Estados-Financieros-TVN-03-2026/Estados-Financieros-TVN-03-2026.pdf,trimestre,comparativo,2025-01-01,2025-03-31,3,False,Costo de Exhibición,8928184,49,pdftotext-layout,OK,costodeexhibicion,Contenidos y producción,Q1 2025,True
TVN,2026-03-31,data/raw/pdf/TVN/Estados-Financieros-TVN-03-2026/Estados-Financieros-TVN-03-2026.pdf,trimestre,actual,2026-01-01,2026-03-31,4,False,Otros Costos de producción,1120991,49,pdftotext-layout,OK,otroscostosdeproduccion,Contenidos y producción,Q1 2026,True
TVN,2026-03-31,data/raw/pdf/TVN/Estados-Financieros-TVN-03-2026/Estados-Financieros-TVN-03-2026.pdf,trimestre,comparativo,2025-01-01,2025-03-31,4,False,Otros Costos de producción,1182200,49,pdftotext-layout,OK,otroscostosdeproduccion,Contenidos y producción,Q1 2025,True
TVN,2026-06-30,data/raw/pdf/TVN/Estados Financieros TVN al 06-2026/Estados Financieros TVN al 06-2026.pdf,semestre,actual,2026-01-01,2026-06-30,0,False,Remuneraciones,2287602,52,pdftotext-raw,OK,remuneraciones,Personal,H1 2026,True
TVN,2026-06-30,data/raw/pdf/TVN/Estados Financieros TVN al 06-2026/Estados Financieros TVN al 06-2026.pdf,semestre,comparativo,2025-01-01,2025-06-30,0,False,Remuneraciones,2354986,52,pdftotext-raw,OK,remuneraciones,Personal,H1 2025,True
TVN,2026-06-30,data/raw/pdf/TVN/Estados Financieros TVN al 06-2026/Estados Financieros TVN al 06-2026.pdf,trimestre,actual,2026-04-01,2026-06-30,0,False,Remuneraciones,1172424,52,pdftotext-raw,OK,remuneraciones,Personal,Q2 2026,True
TVN,2026-06-30,data/raw/pdf/TVN/Estados Financieros TVN al 06-2026/Estados Financieros TVN al 06-2026.pdf,trimestre,comparativo,2025-04-01,2025-06-30,0,False,Remuneraciones,1230803,52,pdftotext-raw,OK,remuneraciones,Personal,Q2 2025,True
TVN,2026-06-30,data/raw/pdf/TVN/Estados Financieros TVN al 06-2026/Estados Financieros TVN al 06-2026.pdf,semestre,actual,2026-01-01,2026-06-30,1,False,Depreciación,1466994,52,pdftotext-raw,OK,depreciacion,Depreciación y amortización,H1 2026,True
TVN,2026-06-30,data/raw/pdf/TVN/Estados Financieros TVN al 06-2026/Estados Financieros TVN al 06-2026.pdf,semestre,comparativo,2025-01-01,2025-06-30,1,False,Depreciación,1576234,52,pdftotext-raw,OK,depreciacion,Depreciación y amortización,H1 2025,True
TVN,2026-06-30,data/raw/pdf/TVN/Estados Financieros TVN al 06-2026/Estados Financieros TVN al 06-2026.pdf,trimestre,actual,2026-04-01,2026-06-30,1,False,Depreciación,733603,52,pdftotext-raw,OK,depreciacion,Depreciación y amortización,Q2 2026,True
TVN,2026-06-30,data/raw/pdf/TVN/Estados Financieros TVN al 06-2026/Estados Financieros TVN al 06-2026.pdf,trimestre,comparativo,2025-04-01,2025-06-30,1,False,Depreciación,816763,52,pdftotext-raw,OK,depreciacion,Depreciación y amortización,Q2 2025,True
TVN,2026-06-30,data/raw/pdf/TVN/Estados Financieros TVN al 06-2026/Estados Financieros TVN al 06-2026.pdf,semestre,actual,2026-01-01,2026-06-30,2,False,Amortización,253912,52,pdftotext-raw,OK,amortizacion,Depreciación y amortización,H1 2026,True
TVN,2026-06-30,data/raw/pdf/TVN/Estados Financieros TVN al 06-2026/Estados Financieros TVN al 06-2026.pdf,semestre,comparativo,2025-01-01,2025-06-30,2,False,Amortización,199395,52,pdftotext-raw,OK,amortizacion,Depreciación y amortización,H1 2025,True
TVN,2026-06-30,data/raw/pdf/TVN/Estados Financieros TVN al 06-2026/Estados Financieros TVN al 06-2026.pdf,trimestre,actual,2026-04-01,2026-06-30,2,False,Amortización,116386,52,pdftotext-raw,OK,amortizacion,Depreciación y amortización,Q2 2026,True
TVN,2026-06-30,data/raw/pdf/TVN/Estados Financieros TVN al 06-2026/Estados Financieros TVN al 06-2026.pdf,trimestre,comparativo,2025-04-01,2025-06-30,2,False,Amortización,99486,52,pdftotext-raw,OK,amortizacion,Depreciación y amortización,Q2 2025,True
TVN,2026-06-30,data/raw/pdf/TVN/Estados Financieros TVN al 06-2026/Estados Financieros TVN al 06-2026.pdf,semestre,actual,2026-01-01,2026-06-30,3,False,Servicios,2580492,52,pdftotext-raw,OK,servicios,Otros costos,H1 2026,True
TVN,2026-06-30,data/raw/pdf/TVN/Estados Financieros TVN al 06-2026/Estados Financieros TVN al 06-2026.pdf,semestre,comparativo,2025-01-01,2025-06-30,3,False,Servicios,2620136,52,pdftotext-raw,OK,servicios,Otros costos,H1 2025,True
TVN,2026-06-30,data/raw/pdf/TVN/Estados Financieros TVN al 06-2026/Estados Financieros TVN al 06-2026.pdf,trimestre,actual,2026-04-01,2026-06-30,3,False,Servicios,1139503,52,pdftotext-raw,OK,servicios,Otros costos,Q2 2026,True
TVN,2026-06-30,data/raw/pdf/TVN/Estados Financieros TVN al 06-2026/Estados Financieros TVN al 06-2026.pdf,trimestre,comparativo,2025-04-01,2025-06-30,3,False,Servicios,1275234,52,pdftotext-raw,OK,servicios,Otros costos,Q2 2025,True
TVN,2026-06-30,data/raw/pdf/TVN/Estados Financieros TVN al 06-2026/Estados Financieros TVN al 06-2026.pdf,semestre,actual,2026-01-01,2026-06-30,4,False,Costo de Exhibición,15744181,52,pdftotext-raw,OK,costodeexhibicion,Contenidos y producción,H1 2026,True
TVN,2026-06-30,data/raw/pdf/TVN/Estados Financieros TVN al 06-2026/Estados Financieros TVN al 06-2026.pdf,semestre,comparativo,2025-01-01,2025-06-30,4,False,Costo de Exhibición,17701529,52,pdftotext-raw,OK,costodeexhibicion,Contenidos y producción,H1 2025,True
TVN,2026-06-30,data/raw/pdf/TVN/Estados Financieros TVN al 06-2026/Estados Financieros TVN al 06-2026.pdf,trimestre,actual,2026-04-01,2026-06-30,4,False,Costo de Exhibición,7623005,52,pdftotext-raw,OK,costodeexhibicion,Contenidos y producción,Q2 2026,True
TVN,2026-06-30,data/raw/pdf/TVN/Estados Financieros TVN al 06-2026/Estados Financieros TVN al 06-2026.pdf,trimestre,comparativo,2025-04-01,2025-06-30,4,False,Costo de Exhibición,8773345,52,pdftotext-raw,OK,costodeexhibicion,Contenidos y producción,Q2 2025,True
TVN,2026-06-30,data/raw/pdf/TVN/Estados Financieros TVN al 06-2026/Estados Financieros TVN al 06-2026.pdf,semestre,actual,2026-01-01,2026-06-30,5,False,Otros Costos de producción,927230,52,pdftotext-raw,OK,otroscostosdeproduccion,Contenidos y producción,H1 2026,True
TVN,2026-06-30,data/raw/pdf/TVN/Estados Financieros TVN al 06-2026/Estados Financieros TVN al 06-2026.pdf,semestre,comparativo,2025-01-01,2025-06-30,5,False,Otros Costos de producción,870847,52,pdftotext-raw,OK,otroscostosdeproduccion,Contenidos y producción,H1 2025,True
TVN,2026-06-30,data/raw/pdf/TVN/Estados Financieros TVN al 06-2026/Estados Financieros TVN al 06-2026.pdf,trimestre,actual,2026-04-01,2026-06-30,5,False,Otros Costos de producción,-56235,52,pdftotext-raw,OK,otroscostosdeproduccion,Contenidos y producción,Q2 2026,True
TVN,2026-06-30,data/raw/pdf/TVN/Estados Financieros TVN al 06-2026/Estados Financieros TVN al 06-2026.pdf,trimestre,comparativo,2025-04-01,2025-06-30,5,False,Otros Costos de producción,-211444,52,pdftotext-raw,OK,otroscostosdeproduccion,Contenidos y producción,Q2 2025,True
Canal 13,2019-12-31,data/raw/pdf/Canal 13/28617/archivo(3).pdf,anual,actual,2019-01-01,2019-12-31,0,False,Costos de Publicidad Exhibida,-55065722,90,manual,MANUAL,costosdepublicidadexhibida,Contenidos y producción,FY2019,False
Canal 13,2019-12-31,data/raw/pdf/Canal 13/28617/archivo(3).pdf,anual,comparativo,2018-01-01,2018-12-31,0,False,Costos de Publicidad Exhibida,-44839520,90,manual,MANUAL,costosdepublicidadexhibida,Contenidos y producción,FY2018,True
Canal 13,2019-12-31,data/raw/pdf/Canal 13/28617/archivo(3).pdf,anual,actual,2019-01-01,2019-12-31,1,False,Costos de Mantenciones Técnicas (a),-4346768,90,manual,MANUAL,costosdemantencionestecnicas,Técnica y transmisión,FY2019,False
Canal 13,2019-12-31,data/raw/pdf/Canal 13/28617/archivo(3).pdf,anual,comparativo,2018-01-01,2018-12-31,1,False,Costos de Mantenciones Técnicas (a),-4125785,90,manual,MANUAL,costosdemantencionestecnicas,Técnica y transmisión,FY2018,True
Canal 13,2019-12-31,data/raw/pdf/Canal 13/28617/archivo(3).pdf,anual,actual,2019-01-01,2019-12-31,2,False,Costos por Bonificación Agencia,-1776742,90,manual,MANUAL,costosporbonificacionagencia,Comercialización de audiencias,FY2019,False
Canal 13,2019-12-31,data/raw/pdf/Canal 13/28617/archivo(3).pdf,anual,comparativo,2018-01-01,2018-12-31,2,False,Costos por Bonificación Agencia,-2799791,90,manual,MANUAL,costosporbonificacionagencia,Comercialización de audiencias,FY2018,True
Canal 13,2019-12-31,data/raw/pdf/Canal 13/28617/archivo(3).pdf,anual,actual,2019-01-01,2019-12-31,3,False,Otros costos de explotación,-4127922,90,manual,MANUAL,otroscostosdeexplotacion,Otros costos,FY2019,False
Canal 13,2019-12-31,data/raw/pdf/Canal 13/28617/archivo(3).pdf,anual,comparativo,2018-01-01,2018-12-31,3,False,Otros costos de explotación,-12216393,90,manual,MANUAL,otroscostosdeexplotacion,Otros costos,FY2018,True
