canal,articulo,origen,pdf,sha256,paginas,ocr,tipo_documento,sociedad_detectada,fecha_cierre,primera_linea
Canal 13,101639,articles-101639_recurso_1.zip,data/raw/pdf/Canal 13/101639/Analisis razonado.pdf,847fe0ec79cdfcdc21da829c82fa26e6f2a74151877e0df5980214d8a0cb9ff0,16,,analisis_razonado,Canal 13,2025-09-30,canal 13 spa
Canal 13,101639,articles-101639_recurso_1.zip,data/raw/pdf/Canal 13/101639/Carta conductora.pdf,fe890f5693c30e9221a5fe415f880ce9848d11d952417382ea6fb4c0f09fedf3,1,,sin_texto,,,
Canal 13,101639,articles-101639_recurso_1.zip,data/raw/pdf/Canal 13/101639/Declaracion de responsabilidad.pdf,4493bbd0b1be9ac8e1906a6ffb5bc5379c4e024c03f24d07ae9b7ed2bea58f2e,1,,sin_texto,,,
Canal 13,101639,articles-101639_recurso_1.zip,data/raw/pdf/Canal 13/101639/Estados financieros intermedios.pdf,548a97434f956fd65b58c23520ac6809794dd4d31de3b33f239ecf7d70f84ab9,74,,EEFF,Canal 13,2025-09-30,estados financieros intermedios
Canal 13,101639,articles-101639_recurso_1.zip,data/raw/pdf/Canal 13/101639/Hechos esenciales.pdf,5dd7fd5a69d73e883f9998f8e52e829ae261d7e5ae65f0bf73e1be2e8c20d1fc,2,,hechos_esenciales,Canal 13,2025-09-30,canal 13 spa
Canal 13,109182,articles-109182_recurso_1.zip,data/raw/pdf/Canal 13/109182/2026030220532_0.pdf,a9683c92459b6dcc632eb181d9d1c5f65fd70b27f3fbb2cdee61762f15ca6078,1,,sin_texto,,,
Canal 13,109182,articles-109182_recurso_1.zip,data/raw/pdf/Canal 13/109182/2026030220532_4.pdf,adbdd71d04ecbcebbb5cb8b32c9e3a2ca87951e7e0f1dbf21930162c7197e033,2,,hechos_esenciales,Canal 13,2025-12-31,canal 13 spa
Canal 13,109182,articles-109182_recurso_1.zip,data/raw/pdf/Canal 13/109182/2026030220532_1.pdf,df18c04a798c2a16937be29007dfe342a5b825e6c3b0930332cb488b6764006c,76,,EEFF,Canal 13,2025-12-31,estados financieros
Canal 13,109182,articles-109182_recurso_1.zip,data/raw/pdf/Canal 13/109182/2026030220532_2.pdf,dc74c448be2e5adaf45523b54498e4b393a7ef97f3276c9d6519ec93335aecc3,16,,analisis_razonado,Canal 13,2025-12-31,canal 13 spa
Canal 13,109182,articles-109182_recurso_1.zip,data/raw/pdf/Canal 13/109182/2026030220532_3.pdf,40b3814646b9bcd48d9637b5b93e931bbe309093b3108c6d9307b457cf0b0b26,1,,sin_texto,,,
Canal 13,111123,articles-111123_recurso_1.zip,data/raw/pdf/Canal 13/111123/2026050358805_3.pdf,b93205c6feaf9e94551320c2ca84795f0da7f04e510839b6fffbfca5d49ca0b6,1,,sin_texto,,,
Canal 13,111123,articles-111123_recurso_1.zip,data/raw/pdf/Canal 13/111123/2026050358805_4.pdf,1a809012f99b6afdefef255597ec6d9abd066919adb4a64a43a069f287b317a5,2,,hechos_esenciales,Canal 13,2026-03-31,canal 13 spa
Canal 13,111123,articles-111123_recurso_1.zip,data/raw/pdf/Canal 13/111123/2026050358805_5.pdf,9b4d90dad9d2304efce366843b7b32aa587083babe26ea6d57e9859de2d1e6ed,15,,analisis_razonado,Canal 13,2026-03-31,canal 13 spa
Canal 13,111123,articles-111123_recurso_1.zip,data/raw/pdf/Canal 13/111123/2026050358805_0.pdf,c5f418e72eed8665ffbe4b0c890ae518effa3fdd32cb25400fc03929020a13f2,72,,EEFF,Canal 13,2026-03-31,estados financieros intermedios
Canal 13,111123,articles-111123_recurso_1.zip,data/raw/pdf/Canal 13/111123/2026050358805_2.pdf,4315d1e050f422244d31113caef841c8176dac9dc4caffecf39af65a6719f9f0,2,,analisis_razonado,,2026-03-31,"santiago, 29 de mayo de 2026"
Canal 13,113709,articles-113709_recurso_1.zip,data/raw/pdf/Canal 13/113709/2026090594155-0.pdf,0f254c3465adaa51896aa85a8abc306f42ed8e9a73a341f0731bcf51d1864263,80,,EEFF,Canal 13,2026-06-30,estados financieros intermedios
Canal 13,113709,articles-113709_recurso_1.zip,data/raw/pdf/Canal 13/113709/2026090594155_1.pdf,86ba53211f4994616ee53465db2caa211ee0e7077d2e98f40dc926c90d42c286,15,,analisis_razonado,Canal 13,2026-06-30,canal 13 spa
Canal 13,113709,articles-113709_recurso_1.zip,data/raw/pdf/Canal 13/113709/2026090594155_3.pdf,56671ea12aff50ca5b61d3f29684078bb6ce3c61ab2816a9b10caad97a38aa68,1,,sin_texto,,,
Canal 13,113709,articles-113709_recurso_1.zip,data/raw/pdf/Canal 13/113709/2026090594155_4.pdf,54a6c4b58ff01b707e4fc941247af185bd6e50a162750ba17d59f6713809f23d,1,,sin_texto,,,
Canal 13,28617,articles-28617_recurso_1.zip,data/raw/pdf/Canal 13/28617/archivo(1).pdf,89b4c79b9b57932439a9007ed218cfef50b66b1afe5432a2f7f27754fcd51d19,1,,declaracion,Canal 13,2019-12-31,declaracion de responsabilidad
Canal 13,28617,articles-28617_recurso_1.zip,data/raw/pdf/Canal 13/28617/archivo(2).pdf,32fbb1f56345990d591c3640b5e7d1a79f2bd7faf37824e5d777426e35c8af27,2,,hechos_esenciales,Canal 13,2019-12-31,canal 13 spa
Canal 13,28617,articles-28617_recurso_1.zip,data/raw/pdf/Canal 13/28617/archivo(3).pdf,f7a23675892f217c3df0a111459a66983a3885cddacd2c57140fcccddd9f36b5,101,S,EEFF,Canal 13,2019-12-31,estados financieros
Canal 13,28617,articles-28617_recurso_1.zip,data/raw/pdf/Canal 13/28617/archivo(4).pdf,11a8ebed288a6f1204da4d3985e044118997414b3d6326d7b6a90f4e6a62be89,1,,analisis_razonado,,2019-12-31,"santiago, 14 de abril de 2020"
Canal 13,28617,articles-28617_recurso_1.zip,data/raw/pdf/Canal 13/28617/archivo(5).pdf,1f1bc1a5213081d4fa66fd1e69d0b1b95e8505cedf015347139a57283e248480,16,,analisis_razonado,Canal 13,2019-12-31,canal 13 spa
Canal 13,29049,articles-29049_recurso_1.zip,data/raw/pdf/Canal 13/29049/2020050177776.pdf,817a8ec6fe1d8a2406088abba44d14136f376ce51f7ce974f9f6d8becd941fb2,1,,analisis_razonado,,2020-03-31,"santiago, 29 mayo de 2020"
Canal 13,29049,articles-29049_recurso_1.zip,data/raw/pdf/Canal 13/29049/2020050177776_1.pdf,b8f949a9136cdf84ceb23b917607b1c70823da609014e2ddb820843f0a13fc4a,88,,EEFF,Canal 13,2020-03-31,estados financieros intermedios
Canal 13,29049,articles-29049_recurso_1.zip,data/raw/pdf/Canal 13/29049/2020050177776_4.pdf,0b2a0291f590e841cce073212540f3cae5c438706f8243ce21d19ee99d861f36,1,,declaracion,Canal 13,2020-03-31,declaracion de responsabilidad
Canal 13,29049,articles-29049_recurso_1.zip,data/raw/pdf/Canal 13/29049/2020050177776_7.pdf,36db8d6ea611b09180df27b308a01f10ec0fe79f36e298ba1d3bf25345738a0a,2,,hechos_esenciales,Canal 13,,canal 13 spa
Canal 13,29049,articles-29049_recurso_1.zip,data/raw/pdf/Canal 13/29049/2020050177788_4.pdf,ef28ff8d5c682e7f35a067f989e4a74f7b1a05f0278a1a6412fb173fa7376688,16,,analisis_razonado,Canal 13,2020-03-31,canal 13 spa
Canal 13,29080,articles-29080_recurso_1.zip,data/raw/pdf/Canal 13/29080/2018040075032.pdf,ef204da36e00fda475507156d36f68a4c5ea274f1c80b58d7e86e3e6ea39a405,136,S,EEFF,Canal 13,2017-12-31,2018040075032
Canal 13,29819,articles-29819_recurso_1.zip,data/raw/pdf/Canal 13/29819/1.pdf,7de945731b58f2f5c5b2695d975cd4c142f696ab134dc7cd7c72a8d22f16f2da,1,,analisis_razonado,,2020-06-30,"santiago, 14 septiembre de 2020"
Canal 13,29819,articles-29819_recurso_1.zip,data/raw/pdf/Canal 13/29819/2.pdf,f0f1bdf84433c79ccc81449b2d446dbcc72dd210d46d7b4de2f7673e8d9ef3e2,85,,EEFF,Canal 13,2020-06-30,estados financieros intermedios
Canal 13,29819,articles-29819_recurso_1.zip,data/raw/pdf/Canal 13/29819/3.pdf,c5d2d1e217deedf9b2acf8686379c7b46de7c22c85a8d38557a1473920491606,1,,sin_texto,,,
Canal 13,29819,articles-29819_recurso_1.zip,data/raw/pdf/Canal 13/29819/4.pdf,7a4c31aeddbce35c2f8ad1a77fe93b783cca71e10c0ca1e322475bd284eed237,2,,hechos_esenciales,Canal 13,2020-06-30,canal 13 spa
Canal 13,29819,articles-29819_recurso_1.zip,data/raw/pdf/Canal 13/29819/5.pdf,61b79f0eb2e448060f1a02a7dd0673b8f8af1448298d148765920fa811a16ac3,17,,analisis_razonado,Canal 13,2020-06-30,canal 13 spa
Canal 13,38818,articles-38818_recurso_1.zip,data/raw/pdf/Canal 13/38818/2020110488373_0.pdf,f338f5a5b3a832e8bae21a0220acab8a0f4cbfa9b44194ce441364a9e1c8e77f,2,,hechos_esenciales,Canal 13,2020-09-30,canal 13 spa
Canal 13,38818,articles-38818_recurso_1.zip,data/raw/pdf/Canal 13/38818/2020110488373_1.pdf,964f658cce98c5d3008eca32ff00aa317b6c965d4af511561b8b1307a1621d56,80,,EEFF,Canal 13,2020-09-30,estados financieros intermedios
Canal 13,38818,articles-38818_recurso_1.zip,data/raw/pdf/Canal 13/38818/2020110488373_2.pdf,f78b910fcaba5455b2b83d46664f371501403f7fb6203da51271e0a59fcd7d17,2,,sin_texto,,,
Canal 13,38818,articles-38818_recurso_1.zip,data/raw/pdf/Canal 13/38818/2020110488373_3.pdf,d2c6a854c50d128610e3083756c23d5d5e003e470f4001eaefec2f5726fab004,16,,analisis_razonado,Canal 13,2020-09-30,canal 13 spa
Canal 13,47350,articles-47350_recurso_1.zip,data/raw/pdf/Canal 13/47350/2021030123089_0.pdf,5e5985fe60b1a0fa0c5b66f2ca1e38e4bda6d1ce8651711808184a6325eb859e,1,,analisis_razonado,,2021-03-31,"santiago, 31 de marzo de 2021"
Canal 13,47350,articles-47350_recurso_1.zip,data/raw/pdf/Canal 13/47350/2021030123089_1.pdf,4e6c4b395c014cafd6b4b566b0d6ff79b1c62f0c878ae4efc97f2e3870f95ac6,87,,EEFF,Canal 13,2020-12-31,estados financieros
Canal 13,47350,articles-47350_recurso_1.zip,data/raw/pdf/Canal 13/47350/2021030123089_2.pdf,a4d03dbb41d3ff6e25b129f657c1066e1d3a52a55e253d99091dd7e55badd1df,1,,sin_texto,,,
Canal 13,47350,articles-47350_recurso_1.zip,data/raw/pdf/Canal 13/47350/2021030123089_3.pdf,a5165492553e5d822ce4bf3347f8164eaf24b7a7310e1e3c082a9efdb76be821,2,,hechos_esenciales,Canal 13,2020-12-31,canal 13 spa
Canal 13,47350,articles-47350_recurso_1.zip,data/raw/pdf/Canal 13/47350/2021030123089_4.pdf,1a4eb1225eef902e3332872c71117cf5e7857b24e051c9ede0842ab61ed54bbb,16,,analisis_razonado,Canal 13,2020-12-31,canal 13 spa
Canal 13,47714,articles-47714_recurso_1.zip,data/raw/pdf/Canal 13/47714/2021050211434_0.pdf,22732fdb6c96b08597ec16828d98f67caf6d74881bac99f25ca9dd6bf5fbcf6e,1,,analisis_razonado,,2021-03-31,"santiago, 31 de mayo de 2021"
Canal 13,47714,articles-47714_recurso_1.zip,data/raw/pdf/Canal 13/47714/2021050211434_1.pdf,c39100a0e54df4cf3df90623b5ba83f5d8b78e931f581359ee422b7ddeac6312,16,,analisis_razonado,Canal 13,2021-03-31,canal 13 spa
Canal 13,47714,articles-47714_recurso_1.zip,data/raw/pdf/Canal 13/47714/2021050211434_2.pdf,2e13c7b53abf996cd286956da9de4972cf4e255b1d2c4014d85370c3c70ff356,1,,sin_texto,,,
Canal 13,47714,articles-47714_recurso_1.zip,data/raw/pdf/Canal 13/47714/2021050211434_3.pdf,d59a60b1f95b3f815857248b0a3e83d8ff74e9c2492e9626a056ce52b573b768,77,,EEFF,Canal 13,2021-03-31,indice
Canal 13,47714,articles-47714_recurso_1.zip,data/raw/pdf/Canal 13/47714/2021050211434_4.pdf,608e29505816180e4b80c849b4700b3319655359e4742be563c40073d9837b62,2,,hechos_esenciales,Canal 13,2021-03-31,canal 13 spa
Canal 13,49397,articles-49397_recurso_1.zip,data/raw/pdf/Canal 13/49397/2021090376181_0.pdf,1a12fe9e170bd150e31f8424df99dcc181146691f7b84dec06bbdef843af02a7,17,,analisis_razonado,Canal 13,2021-06-30,canal 13 spa
Canal 13,49397,articles-49397_recurso_1.zip,data/raw/pdf/Canal 13/49397/2021090376181_1.pdf,f9d03f8cc915ac1b516c888452a1ea14293a0a7d4743e9ce94697c17fffa02fa,1,,analisis_razonado,,2021-06-30,"santiago, 13 de septiembre de 2021"
Canal 13,49397,articles-49397_recurso_1.zip,data/raw/pdf/Canal 13/49397/2021090376181_2.pdf,5f8ce8f070761bcacb27d7b0479fcb14ff422a0512d84af51ef66f54421a576d,1,,sin_texto,,,
Canal 13,49397,articles-49397_recurso_1.zip,data/raw/pdf/Canal 13/49397/2021090376181_3.pdf,1d236cc84e6b7699193a275f1a5ae8558a5daa87f3f8b6318446af9c5645c70e,81,,EEFF,Canal 13,2021-06-30,estados financieros intermedios
Canal 13,49397,articles-49397_recurso_1.zip,data/raw/pdf/Canal 13/49397/2021090376181_4.pdf,6c94dc3c9c6f9f69a58b8167bfc8c1b8f53e27b4bc66eb255362f227c824d750,2,,hechos_esenciales,Canal 13,2021-06-30,canal 13 spa
Canal 13,49903,articles-49903_recurso_1.zip,data/raw/pdf/Canal 13/49903/2021110476519_0.pdf,e3b0c44298fc1c149afbf4c8996fb92427ae41e4649b934ca495991b7852b855,0,,sin_texto,,,
Canal 13,49903,articles-49903_recurso_1.zip,data/raw/pdf/Canal 13/49903/2021110476519_1.pdf,bad7abc72c561a4d9581024218f9c9a0ca5f1dd4ff740f7446864bacc9c50f4c,79,,EEFF,Canal 13,2021-09-30,indice
Canal 13,49903,articles-49903_recurso_1.zip,data/raw/pdf/Canal 13/49903/2021110476519_2.pdf,96d58aaef9a9593d40f9bf02b6da1c8d509d5229cd778de95e841f5fd6a67867,17,,analisis_razonado,Canal 13,2021-09-30,canal 13 spa
Canal 13,49903,articles-49903_recurso_1.zip,data/raw/pdf/Canal 13/49903/2021110476519_3.pdf,9b8484c60f9cd19c44ff6244d4abaa99203fb79b29d03cc498d6bad69fbc9e1f,1,,sin_texto,,,
Canal 13,49903,articles-49903_recurso_1.zip,data/raw/pdf/Canal 13/49903/2021110476519_4.pdf,84d3cc7d9e355116406246a364e60a319d54722ae3d0e5155a91d5ac3c8d77df,2,,hechos_esenciales,Canal 13,2021-09-30,canal 13 spa
Canal 13,50693,articles-50693_recurso_1.zip,data/raw/pdf/Canal 13/50693/Analisis Razonado.pdf,2d24b74cce788c0de72640e1c553cb0e3010e7d53051c6b027bbfe0b09bcf6a8,17,,sin_texto,,,
Canal 13,50693,articles-50693_recurso_1.zip,data/raw/pdf/Canal 13/50693/carta conductora.pdf,56da9b586f8844c30081c0b7e6ab39309ff021dac7d919346f02bb35b5c6f989,1,,sin_texto,,,
Canal 13,50693,articles-50693_recurso_1.zip,data/raw/pdf/Canal 13/50693/Declaracion de responsabilidad.pdf,33c62a00c03ac9cf539d2ec105534e53ac9c8916941be4483b96984ca15bf854,1,,sin_texto,,,
Canal 13,50693,articles-50693_recurso_1.zip,data/raw/pdf/Canal 13/50693/Estados financieros.pdf,c62ee3a83b08cdd219e568ea96727fd6b9b6902865c42d9e69397bd3b0993fb6,82,,EEFF,Canal 13,2021-12-31,estados financieros
Canal 13,50693,articles-50693_recurso_1.zip,data/raw/pdf/Canal 13/50693/Hechos Esenciales.pdf,ff25d4079131df7d2c77160245aabc340ed883c859c78a7e5b5e6bb15e3acb77,2,,sin_texto,,,
Canal 13,51266,articles-51266_recurso_1.zip,data/raw/pdf/Canal 13/51266/Analisis Razonado.pdf,3cbac47e580cd0387f7cee789eb952964f921074fafeacba565f670674204a68,17,,analisis_razonado,Canal 13,2022-03-31,canal 13 spa
Canal 13,51266,articles-51266_recurso_1.zip,data/raw/pdf/Canal 13/51266/Carta Conductora.pdf,dd9215ffad2f4dc1b518a2cf152f05b2d8bf28b6cf50d6b50a30da34ca6201e8,1,,analisis_razonado,,2022-03-31,"santiago, 30 de mayo de 2022"
Canal 13,51266,articles-51266_recurso_1.zip,data/raw/pdf/Canal 13/51266/Declaracion de responsabilidad.pdf,8de83870fa3a501250adf0f1926d4e89189417d7d1cdcbeb2b4eecf6843bf510,1,,sin_texto,,,
Canal 13,51266,articles-51266_recurso_1.zip,data/raw/pdf/Canal 13/51266/Estados Financieros Marzo 2022.pdf,dc7f44007f095a530af5e59e65b23bd2204ef1bd8d76d9af616e5d4c0ef3ae31,79,,EEFF,Canal 13,2022-03-31,estados financieros intermedios
Canal 13,51266,articles-51266_recurso_1.zip,data/raw/pdf/Canal 13/51266/Hechos esenciales.pdf,c7e731c073c699339bf24fb7759cc26a2869697835515fee8f5319d59cf49bed,2,,hechos_esenciales,Canal 13,2022-03-31,canal 13 spa
Canal 13,53286,articles-53286_recurso_1.zip,data/raw/pdf/Canal 13/53286/2022090357517_0.pdf,a6f9db71e9c236db00314440deae15c891a34c02008220c8e3ad6b844dfe6b5a,1,,sin_texto,,,
Canal 13,53286,articles-53286_recurso_1.zip,data/raw/pdf/Canal 13/53286/2022090357517_1.pdf,f37655967f884c71a08408aad26ca5297567c24bc65c77f3db573fa874c5e077,1,,sin_texto,,,
Canal 13,53286,articles-53286_recurso_1.zip,data/raw/pdf/Canal 13/53286/2022090357517_2.pdf,4409b51372167ba58f51501511a5e5fa92c68acd69da500305948b38ee74c439,81,,EEFF,Canal 13,2022-06-30,estados financieros intermedios
Canal 13,53286,articles-53286_recurso_1.zip,data/raw/pdf/Canal 13/53286/2022090357517_3.pdf,c9d2373148e12355b2cc9f8f71f3ed6354c7b8ee1917e1b74c30360e1bbc30b0,2,,hechos_esenciales,Canal 13,2022-06-30,canal 13 spa
Canal 13,53286,articles-53286_recurso_1.zip,data/raw/pdf/Canal 13/53286/2022090357517_4.pdf,c782de64f6e536224b84f5887101a4a68e856d12dc9d7c9cc2e86d4c0084a6a5,81,,EEFF,Canal 13,2022-06-30,estados financieros intermedios
Canal 13,53286,articles-53286_recurso_1.zip,data/raw/pdf/Canal 13/53286/2022090357517_5.pdf,ae9f4afe4952f7e954b5539ed01b0b481993a54726ca657ce9df3a52384da990,17,,analisis_razonado,Canal 13,2022-06-30,canal 13 spa
Canal 13,57118,articles-57118_recurso_1.zip,data/raw/pdf/Canal 13/57118/2022110453755.pdf,d7dfc0e524ab395a607e2884ebc13f2220ba7cee1bd8d03a496df9699d2eab88,1,,analisis_razonado,,2022-09-30,"santiago, 29 de noviembre de 2022"
Canal 13,57118,articles-57118_recurso_1.zip,data/raw/pdf/Canal 13/57118/2022110453755_0.pdf,400fc98c4ca899a36f49589678ea8e0a9e32c63f707add8f3f03fc0488704c03,79,,EEFF,Canal 13,2022-09-30,estados financieros intermedios
Canal 13,57118,articles-57118_recurso_1.zip,data/raw/pdf/Canal 13/57118/2022110453755_3.pdf,81ccf6a15848035cc2d6e5b8e30b9705d3ee5b9bf4722faacc97c6ce2136369c,17,,analisis_razonado,Canal 13,2022-09-30,canal 13 spa
Canal 13,57118,articles-57118_recurso_1.zip,data/raw/pdf/Canal 13/57118/2022110453755_5.pdf,f1cf62d680ba764782b588087b251161f68b9909cf2b75cf3060b10f50725365,1,,sin_texto,,,
Canal 13,57118,articles-57118_recurso_1.zip,data/raw/pdf/Canal 13/57118/2022110453755_6.pdf,d56094d8338976be01799b9e353e83b80d66ef4e0a5294a82c34192a18cc5d71,2,,hechos_esenciales,Canal 13,2022-09-30,canal 13 spa
Canal 13,68977,articles-68977_recurso_1.zip,data/raw/pdf/Canal 13/68977/2023030137056_0.pdf,f94bc95c6cb75f65ceadcf12a444b6e4b64eb496ea12be5f775fe01ad738e7e4,1,,analisis_razonado,,2023-03-31,"santiago, 31 de marzo de 2023"
Canal 13,68977,articles-68977_recurso_1.zip,data/raw/pdf/Canal 13/68977/2023030137056_1.pdf,c40852ce9b532540c1febcb37b55ba3a5ec1ec420062566b0f23c032a2d5a375,1,,analisis_razonado,Canal 13,2023-03-31,declaracion de responsabilidad
Canal 13,68977,articles-68977_recurso_1.zip,data/raw/pdf/Canal 13/68977/2023030137056_2.pdf,9a611466d82deb0ae4aa84ca120308544e17aaa094c8a7f544b803e3e96e1f4e,89,,EEFF,Canal 13,2022-12-31,estados financieros
Canal 13,68977,articles-68977_recurso_1.zip,data/raw/pdf/Canal 13/68977/2023030137056_3.pdf,c2d672a96f9c58c3bcd7e9ba1e187b0eb5c08d9a9a87777378b7f6961df46363,2,,hechos_esenciales,Canal 13,2022-12-31,canal 13 spa
Canal 13,68977,articles-68977_recurso_1.zip,data/raw/pdf/Canal 13/68977/2023030137056_4.pdf,76a3dfb976fc9efdf3db41137b43c323443fdb41b4b33433332b2af3b880378b,17,,analisis_razonado,Canal 13,2022-12-31,canal 13 spa
Canal 13,70644,articles-70644_recurso_1.zip,data/raw/pdf/Canal 13/70644/2023050231569_0.pdf,73e053a9fc6afc5dcf8e0c8a33cc662c11d49ebfc61d7d859ae8c3327d3b1d0e,1,,analisis_razonado,,2023-03-31,"santiago, 30 de mayo de 2023"
Canal 13,70644,articles-70644_recurso_1.zip,data/raw/pdf/Canal 13/70644/2023050231569_1.pdf,d9dbf7edf613815daccd364f02a1c5924f029617f34e27c4ca73850fdddf04c7,17,,analisis_razonado,Canal 13,2023-03-31,canal 13 spa
Canal 13,70644,articles-70644_recurso_1.zip,data/raw/pdf/Canal 13/70644/2023050231569_2.pdf,58da97e8a9a901f6d055c862c02e91cff4f7877413ddfae59999ddc26a846de0,1,,sin_texto,,,
Canal 13,70644,articles-70644_recurso_1.zip,data/raw/pdf/Canal 13/70644/2023050231569_3.pdf,0bfde95456c5a1c42543924eaa36e309e65b5171b212565d81bf8cf81ab3f7e8,81,,EEFF,Canal 13,2023-03-31,estados financieros intermedios
Canal 13,70644,articles-70644_recurso_1.zip,data/raw/pdf/Canal 13/70644/2023050231569_4.pdf,d08c36b710ca540257e86495a7da32acda6eeefd21014934be2b995ed02ed4b4,2,,hechos_esenciales,Canal 13,2023-03-31,canal 13 spa
Canal 13,73693,articles-73693_recurso_1.zip,data/raw/pdf/Canal 13/73693/2023090394048-0 Análisis Razonado Junio 202.pdf,cefbd25de6786f5ca53ec068f2e461096d612a02ae1bbc7298e92d1ff27bcc08,17,,analisis_razonado,Canal 13,2023-06-30,canal 13 spa
Canal 13,73693,articles-73693_recurso_1.zip,data/raw/pdf/Canal 13/73693/2023090394048-1 Estados Financieros Intermedios Junio 2023.pdf,a3fa68954203d5f5ff3609cadaa1eb34ad68ce346e4a6c9e100453ae42522390,80,,EEFF,Canal 13,2023-06-30,estados financieros intermedios
Canal 13,73693,articles-73693_recurso_1.zip,data/raw/pdf/Canal 13/73693/2023090394048-3 Declaracion de responsabilidad Junio 2023.pdf,5624144439e6789ead52766df652e3373bb94bd62621dde046423015e0da886b,4,,declaracion,Canal 13,2023-06-30,declaracion de responsabilidad
Canal 13,73693,articles-73693_recurso_1.zip,data/raw/pdf/Canal 13/73693/2023090394048-4 Carta Conductora.pdf,89cdd6d5831734f96bd29f3231eb6300aaef4c2dd51799cb7845440a95599bc6,1,,sin_texto,,,
Canal 13,73693,articles-73693_recurso_1.zip,data/raw/pdf/Canal 13/73693/2023090394048-5 Hechos Esenciales Junio 2023.pdf,cbf774e20ef3ad163c992938e4b55cdd605758eb516f55b99a6879ba992fb672,2,,hechos_esenciales,Canal 13,2023-06-30,canal 13 spa
Canal 13,75889,articles-75889_recurso_1.zip,data/raw/pdf/Canal 13/75889/2023110517059_0.pdf,6443f7eb35185f0f1e27ca99687e6eb68c32ee9caba5db38dff95f40bd961dc9,1,,sin_texto,,,
Canal 13,75889,articles-75889_recurso_1.zip,data/raw/pdf/Canal 13/75889/2023110517059_1.pdf,e6a5fc036ca986d0702fac6e7fb2d129c60f82da99234b750ac8907b143454f7,4,,declaracion,Canal 13,2023-09-30,declaracion de responsabilidad
Canal 13,75889,articles-75889_recurso_1.zip,data/raw/pdf/Canal 13/75889/2023110517059_2.pdf,8816010656909e8163d498ca6faf3300cbfae6dfc48693d1d1594b7808c9b37c,17,,analisis_razonado,Canal 13,2023-09-30,canal 13 spa
Canal 13,75889,articles-75889_recurso_1.zip,data/raw/pdf/Canal 13/75889/2023110517059_3.pdf,80050373d9342f1c8859d194e0ee1ca07bfdc3f9c64f9dcaecc1a17305fb04be,76,,EEFF,Canal 13,2023-09-30,estados financieros intermedios
Canal 13,75889,articles-75889_recurso_1.zip,data/raw/pdf/Canal 13/75889/2023110517059_4.pdf,5ab04c4e05cfb43747947fd493103239560f870917925442f06dee012f90a778,2,,hechos_esenciales,Canal 13,2023-09-30,canal 13 spa
Canal 13,79944,articles-79944_recurso_1.zip,data/raw/pdf/Canal 13/79944/2024040190694_0.pdf,8b55510fdc97ef78263357eb0a391a6d5617f60b509906c61076ec6fcd0716ee,1,,analisis_razonado,,2023-12-31,"santiago, 01 de abril de 2024"
Canal 13,79944,articles-79944_recurso_1.zip,data/raw/pdf/Canal 13/79944/2024040190694_1.pdf,ce9ac489a1f140b1167ee7629993a853c083ea66d79d6988af25168b19cb3b07,4,,declaracion,Canal 13,2023-12-31,declaracion de responsabilidad
Canal 13,79944,articles-79944_recurso_1.zip,data/raw/pdf/Canal 13/79944/2024040190694_2.pdf,21aa5805d51fcaf4181ae7d36c0dc2b740e1de2c1a1cfa83cc32d2aaf63d55d7,17,,analisis_razonado,Canal 13,2023-12-31,canal 13 spa
Canal 13,79944,articles-79944_recurso_1.zip,data/raw/pdf/Canal 13/79944/2024040190694_3.pdf,8b049467cc01b27fb2de49ab6959bfe813894a23e7470e91394bfa5b3f12c180,2,,hechos_esenciales,Canal 13,2023-12-31,canal 13 spa
Canal 13,79944,articles-79944_recurso_1.zip,data/raw/pdf/Canal 13/79944/2024040190694_4.pdf,e8f18a53340fd12ddf078c44d0f3fa172e7797ccb14589ddc494e82ea913bcc5,81,,EEFF,Canal 13,2023-12-31,estados financieros
Canal 13,82002,articles-82002_recurso_1.zip,data/raw/pdf/Canal 13/82002/Analisis razonado_5.pdf,8b26e20e01dcfa9c4b0e4ad300d5bd2a36a03e21792aa97e550e43ce27b56e91,17,,analisis_razonado,Canal 13,2024-03-31,canal 13 spa
Canal 13,82002,articles-82002_recurso_1.zip,data/raw/pdf/Canal 13/82002/Carta conductora_4.pdf,0fde7092fc6c63bcb9a999fe26a1a0704b565e15abcae845fc9adacb21dab665,1,,analisis_razonado,,2024-03-31,"santiago, 30 de mayo de 2024"
Canal 13,82002,articles-82002_recurso_1.zip,data/raw/pdf/Canal 13/82002/Declaracion de responsabilidad_0.pdf,fe702bd5994c3454f1acf643e3a07b5f1535e79c23dac8de64cd217c03b411aa,1,,sin_texto,,,
Canal 13,82002,articles-82002_recurso_1.zip,data/raw/pdf/Canal 13/82002/Estados financieros 1.pdf,eb2e6c24618cc5192a185a5c5e63174d8632009ea3af2a497ffac97b6083f236,76,,EEFF,Canal 13,2024-03-31,estados financieros intermedios
Canal 13,82002,articles-82002_recurso_1.zip,data/raw/pdf/Canal 13/82002/Hechos esenciales_2.pdf,f5cf3687c2f5be18d45ff99f9362d49e1b7ed00f6b6f7b4d2e9c6f62ef81d6b8,2,,hechos_esenciales,Canal 13,2024-03-31,canal 13 spa
Canal 13,85354,articles-85354_recurso_1.zip,data/raw/pdf/Canal 13/85354/2024090487105_0.pdf,63f8751aaf6777e5ac8cf717da8c6fc7e5d74f5104f9e9ab97c733d12f093631,1,,analisis_razonado,,2024-06-30,"santiago, 13 de septiembre de 2024"
Canal 13,85354,articles-85354_recurso_1.zip,data/raw/pdf/Canal 13/85354/2024090487105_1.pdf,467ab31a0da949faf54402f37aea89c6d9b81c38cac792c92e81a329dfbfbb23,1,,sin_texto,,,
Canal 13,85354,articles-85354_recurso_1.zip,data/raw/pdf/Canal 13/85354/2024090487105_2.pdf,2c8d338b872b91ffb25ff22acf2f579fa9ebbd1a704745cf01b3969e98397008,16,,analisis_razonado,Canal 13,2024-06-30,canal 13 spa
Canal 13,85354,articles-85354_recurso_1.zip,data/raw/pdf/Canal 13/85354/2024090487105_3.pdf,6b625e0e698b25fcfd3d2bbba28157b37e094966682f860bb271f9243f927eb6,80,,EEFF,Canal 13,2024-06-30,estados financieros intermedios
Canal 13,85354,articles-85354_recurso_1.zip,data/raw/pdf/Canal 13/85354/2024090487105_4.pdf,c77b96caaa165419aa7751e9d11b0ffd5780b0548d81d450708c46b59ae6eb11,2,,hechos_esenciales,Canal 13,2024-06-30,canal 13 spa
Canal 13,88266,articles-88266_recurso_1.zip,data/raw/pdf/Canal 13/88266/2024110657792_0.pdf,51a704bacfb1df8380217929f23e862f6ae064c989714ad5ec76591c85d7c681,1,,sin_texto,,,
Canal 13,88266,articles-88266_recurso_1.zip,data/raw/pdf/Canal 13/88266/2024110657792_1.pdf,f27fa377614f4c0e9b4d3441323810e33f4696732bcd7dc28fce9c0289c264a4,16,,analisis_razonado,Canal 13,2024-09-30,canal 13 spa
Canal 13,88266,articles-88266_recurso_1.zip,data/raw/pdf/Canal 13/88266/2024110657792_2.pdf,f6421a2675b2017518495a8fe7adbc5e5e236da723da6064a09a27e1c4c6c6da,76,,EEFF,Canal 13,2024-09-30,estados financieros intermedios
Canal 13,88266,articles-88266_recurso_1.zip,data/raw/pdf/Canal 13/88266/2024110657792_4.pdf,78a91a283f173bc4a06f191664fc753eeea44bb65c010634834eb121551cdc0c,2,,hechos_esenciales,Canal 13,2024-09-30,canal 13 spa
Canal 13,88266,articles-88266_recurso_1.zip,data/raw/pdf/Canal 13/88266/2024110657792_carta.pdf,b40a3b77ec7a68bcdb81e43373d781b076503fabb7ae0fddd1da7673033bdc37,2,,analisis_razonado,,2024-09-30,"santiago, 29 de noviembre de 2024"
Canal 13,93013,articles-93013_recurso_1.zip,data/raw/pdf/Canal 13/93013/Analisis razonado.pdf,70ba8a956aa6b5fa45b4b3cf32e508a05e493ec1ec0feafff381065accf6600e,16,,analisis_razonado,Canal 13,2024-12-31,canal 13 spa
Canal 13,93013,articles-93013_recurso_1.zip,data/raw/pdf/Canal 13/93013/Carta conductora.pdf,23bc0a144d15d9c72372cbfa9264bdce70621300ad6f5c281184b9b75d9d8981,2,,analisis_razonado,,2025-03-31,"santiago, 31 de marzo de 2025"
Canal 13,93013,articles-93013_recurso_1.zip,data/raw/pdf/Canal 13/93013/Declaracion de responsabilidad 2.pdf,57e66f98de8daccb9a11240253fb40213e5a4b4d2604a6ad86f6ce3726299686,1,,sin_texto,,,
Canal 13,93013,articles-93013_recurso_1.zip,data/raw/pdf/Canal 13/93013/estados financieros.pdf,58fb82c7b5a8cefc695a321548fdb577f065b94780d5c24c893d884c4950fff3,80,,EEFF,Canal 13,2024-12-31,estados financieros
Canal 13,93013,articles-93013_recurso_1.zip,data/raw/pdf/Canal 13/93013/Hechos Eseciales 2.pdf,bc0cf706b2697dec0b8c2734060047adff71eac08c47b1514d417b1ad9545faa,2,,hechos_esenciales,Canal 13,2024-12-31,canal 13 spa
Canal 13,95045,articles-95045_recurso_1.zip,data/raw/pdf/Canal 13/95045/2025050380967_0.pdf,8f70a8c84c698d26436fe99df7411bb2614fee57d5cd9533c4e723370546cab5,96,S,EEFF,,2025-03-31,2025050380967
Canal 13,98820,articles-98820_recurso_1.zip,data/raw/pdf/Canal 13/98820/2025090628474_0.pdf,4ad9851f02eaa5a044bc6850a3131f9f4f6ee99e357bf8fa930d5c12a83942e3,1,,analisis_razonado,,2025-06-30,"santiago, 13 de septiembre de 2025"
Canal 13,98820,articles-98820_recurso_1.zip,data/raw/pdf/Canal 13/98820/2025090628474_1.pdf,5deaf82cf1ae796f4d8dd5d69f6ebc490ea00194069bd0d20ef2f2a5622a557b,16,,analisis_razonado,Canal 13,2025-06-30,canal 13 spa
Canal 13,98820,articles-98820_recurso_1.zip,data/raw/pdf/Canal 13/98820/2025090628474_2.pdf,df3cbae449691a84824c1e0fc62dac89f5e32499d517d1f7b9e773f1f1c5473e,1,,sin_texto,,,
Canal 13,98820,articles-98820_recurso_1.zip,data/raw/pdf/Canal 13/98820/2025090628474_3.pdf,fed52e3a6ee31ffdb4d500731de150743dead7297d838134ff50389b658db219,78,,EEFF,Canal 13,2025-06-30,estados financieros intermedios
Canal 13,98820,articles-98820_recurso_1.zip,data/raw/pdf/Canal 13/98820/2025090628474_4.pdf,dd1f4f50faca7d62592617668a780bbcc2ac4cc6b185fc8507bd23b8742eff15,2,,hechos_esenciales,Canal 13,2025-06-30,canal 13 spa
Mega,101641,articles-101641_recurso_1.zip,data/raw/pdf/Mega/101641/Carta conductora.pdf,35001f8728593b7176a8a187695e48da10be08fbb11418553ec6bf165ac3c86c,2,,analisis_razonado,Mega,2025-09-30,presentacion de documentos
Mega,101641,articles-101641_recurso_1.zip,data/raw/pdf/Mega/101641/Estados financieros.pdf,fe741c6f6e81abc8cc14cc4835821726fa775555b54f114016b0764d85218320,73,,EEFF,Mega,2025-09-30,megamedia s.a. y subsidiarias
Mega,101641,articles-101641_recurso_1.zip,data/raw/pdf/Mega/101641/Oficio circular 498.pdf,d48de7d8ad047a96ba8acb78b762883a4d6e1ff36b0af3e3d8961b02408c7c64,25,,oficio_498,Mega,2025-09-30,oficio circular n 498
Mega,109207,articles-109207_recurso_1.zip,data/raw/pdf/Mega/109207/2026030222620_2.pdf,dd6396d66b5b0abdc188a15f77dfd2a28cbb67582d99c12e61f070f53354438c,29,,oficio_498,Mega,2025-12-31,oficio circular n 498
Mega,109207,articles-109207_recurso_1.zip,data/raw/pdf/Mega/109207/2026030222620_1.pdf,d446579738a159b0b5323f7a22b4f9a7b43875bf6713834c9c54c4bfa97a8290,75,,EEFF,Mega,2025-12-31,megamedia s.a. y subsidiarias
Mega,109207,articles-109207_recurso_1.zip,data/raw/pdf/Mega/109207/2026030222620_0.pdf,15d0d5f65ddceeb8b42fd78b8ed6b60c9903bb02d7f10db46c41a063d4077c5a,2,,analisis_razonado,Mega,2025-12-31,presentacion de documentos
Mega,111125,articles-111125_recurso_1.zip,data/raw/pdf/Mega/111125/2026050359100_2.pdf,3aa51d8899ff42bc251c8aa0f8e0c4affb5e3f06e2c96cc7c0c0c0bb6badaba0,28,,oficio_498,Mega,2026-03-31,oficio circular n 498
Mega,111125,articles-111125_recurso_1.zip,data/raw/pdf/Mega/111125/2026050359100_0.pdf,8854b5f08f3e667960b4208f0267fdf18bcbf8c26b9b9b786ae0c16a6f6621fa,2,,analisis_razonado,Mega,2026-03-31,presentacion de documentos
Mega,111125,articles-111125_recurso_1.zip,data/raw/pdf/Mega/111125/2026050359100_1.pdf,3d9c4ec840d4016950f4d03978984b1e1f2067fec21cc253390a5f5152b5327d,72,,EEFF,Mega,2026-03-31,megamedia s.a. y subsidiarias
Mega,113710,articles-113710_recurso_1.zip,data/raw/pdf/Mega/113710/2026090594478-0.pdf,619b66786c435572a26f118bc604dfc79d5f965196012be413bfd4ee8f6289b4,2,,analisis_razonado,Mega,2026-06-30,presentacion de documentos
Mega,113710,articles-113710_recurso_1.zip,data/raw/pdf/Mega/113710/2026090594478-1.pdf,e3303eb725672cd3b51d19954b279aa424fd79c67ead34280e3ce7f537455c0e,74,,EEFF,Mega,2026-06-30,megamedia s.a y subsidiarias
Mega,113710,articles-113710_recurso_1.zip,data/raw/pdf/Mega/113710/2026090594478-2.pdf,5aa10632baebdd43b2a1a7ad6378a3cc4e17b3177198c1a49172e98fe34f2597,28,,oficio_498,Mega,2026-06-30,oficio circular n 498
Mega,28606,articles-28606_recurso_1.zip,data/raw/pdf/Mega/28606/archivo_1.pdf,0454a9b51a96b7557003889194f076c75dd9a4e085b50b31c9e5fbb98c0a2098,1,,analisis_razonado,,2019-12-31,"santiago, abril 14 de 2020"
Mega,28606,articles-28606_recurso_1.zip,data/raw/pdf/Mega/28606/archivo_2.pdf,31d21a5509de77d0c7151f82a0257d4fd021e092a99a7f99c095f870df3a1871,28,,oficio_498,Mega,2019-12-31,oficio circular n 498
Mega,28606,articles-28606_recurso_1.zip,data/raw/pdf/Mega/28606/archivo_3.pdf,3bf60bc8181c1aac81d81f4cedfa4ec2322ba7f91cefa27b60f6d824d180017b,70,,EEFF,Mega,2019-12-31,red televisiva megavision s.a.
Mega,29051,articles-29051_recurso_1.zip,data/raw/pdf/Mega/29051/2020050177471_0.pdf,9b52d57274b56a66a0d5e3176c0dc0a803943b44a147a81d4b7c0fa2476fb0e8,1,,sin_texto,,,
Mega,29051,articles-29051_recurso_1.zip,data/raw/pdf/Mega/29051/2020050177471_1.pdf,3a2dfd4d77ea89276c422774199931e2d5b0541a993e7bae151b1d901ef96682,29,,oficio_498,Mega,2020-03-31,oficio circular n 498
Mega,29051,articles-29051_recurso_1.zip,data/raw/pdf/Mega/29051/2020050177471_2.pdf,1cecbff6c38d53836d436867f6926f0cf5e3aad8cb8dcb01bcbde5aec6d87c31,67,,EEFF,Mega,2020-03-31,red televisiva megavision s.a.
Mega,29085,articles-29085_recurso_1.pdf,data/raw/pdf/Mega/29085/articles-29085_recurso_1.pdf,b0ce89b2b9ba0ff1d458e3f84fb27a5b216b3d2399f183b35e6897f3fc07e7ed,102,S,EEFF,Mega,2017-12-31,d
Mega,29822,articles-29822_recurso_1.zip,data/raw/pdf/Mega/29822/2.pdf,49626a3607a7aa8711c1b89b125ecc11ab0cc2ff162e596c97a1cc1ef29bca65,29,,oficio_498,Mega,2020-06-30,oficio circular n 498
Mega,29822,articles-29822_recurso_1.zip,data/raw/pdf/Mega/29822/3.pdf,4ede5a43baa86723959cd21c45efcb8f5d0660a212f9953041c877bd81363bd1,69,,EEFF,Mega,2020-06-30,red televisiva
Mega,38819,articles-38819_recurso_1.zip,data/raw/pdf/Mega/38819/2020110485843_0.pdf,2dc4f9cc05d0fc2e3eddeac804e292e57ec4b2222001f4743d0992f5577c5c57,2,,analisis_razonado,Mega,2020-09-30,presentacion de documentos
Mega,38819,articles-38819_recurso_1.zip,data/raw/pdf/Mega/38819/2020110485843_1.pdf,6c2bd99ad1577b09173f7b5d57a235a4646a09a7abd0735c2a7d173cd22ed5e2,28,,oficio_498,Mega,2020-09-30,oficio circular n 498
Mega,38819,articles-38819_recurso_1.zip,data/raw/pdf/Mega/38819/2020110485843_2.pdf,bbaa19e09118515b390f9d6096cb84e5ef165a5390ef420d892b6981d6d1f795,67,,EEFF,Mega,2020-09-30,megamedia s.a.
Mega,47352,articles-47352_recurso_1.zip,data/raw/pdf/Mega/47352/2021030123006_1.pdf,a7e6ec9cf9ba8ccdd62af030245aa3950dc5b27215e9dc7071b1f4de0e0783cc,72,,EEFF,Mega,2020-12-31,megamedia s.a. (ex bethia
Mega,47352,articles-47352_recurso_1.zip,data/raw/pdf/Mega/47352/2021030123006_2.pdf,b957fd1a5a1d36d0ee534833b10c7704792517e8bc92bc156c14cf04a991d4fa,28,,oficio_498,Mega,2020-12-31,oficio circular n 498
Mega,47717,articles-47717_recurso_1.zip,data/raw/pdf/Mega/47717/2021050208939_1.pdf,f4ae8fdef57b49706711fe8827da4a844399331e47b18be20cf3ae2de3865c28,70,,EEFF,Mega,2021-03-31,megamedia s.a. y subsidiarias
Mega,47717,articles-47717_recurso_1.zip,data/raw/pdf/Mega/47717/2021050208939_2.pdf,9fec3e5d7e5c94483ce591ddc8dc0def01dd3587c12c2acfee990aa476c812df,28,,oficio_498,Mega,2021-03-31,oficio circular n 498
Mega,49403,articles-49403_recurso_1.zip,data/raw/pdf/Mega/49403/2021090374840_0 (1).pdf,dd273f51cfe66598b7b72ae48724804ecc28d8537c6e7b1f03a269511e0720bf,74,,EEFF,Mega,2021-06-30,megamedia s.a.
Mega,49403,articles-49403_recurso_1.zip,data/raw/pdf/Mega/49403/2021090374840_1 (1).pdf,624f8c0e91c179d985763846d9d312e57ecc81b63a74ad9c164ecbfb27b18887,27,,oficio_498,Mega,2021-06-30,oficio circular n 498
Mega,49907,articles-49907_recurso_1.zip,data/raw/pdf/Mega/49907/2021110471982_1.pdf,0bd58411a7ff09e6762828c4582f8456e03228aadb927918c3125e1e90273279,70,,EEFF,Mega,2021-09-30,megamedia s.a. y subsidiarias
Mega,49907,articles-49907_recurso_1.zip,data/raw/pdf/Mega/49907/2021110471982_2.pdf,ca8dd0ec41872439df95d210ae8e3e3a52cbf67d95bfbf5de9c8c0ba416fa2f3,27,,oficio_498,Mega,2021-09-30,oficio circular n 498
Mega,50699,articles-50699_recurso_1.zip,data/raw/pdf/Mega/50699/Circular.pdf,43cf072dad430f5df1e95b66e86fa7e4bbd097cf5905d686a131cfe1b755bf8b,26,S,oficio_498,Mega,2021-12-31,|[megamedia|
Mega,50699,articles-50699_recurso_1.zip,data/raw/pdf/Mega/50699/EEFF.pdf,6e241f34d22da6874a025872d24dad3183b40a8986629f2ba307dc4ad902b212,73,,EEFF,Mega,2021-12-31,megamedia s.a. y subsidiarias
Mega,51272,articles-51272_recurso_1.zip,data/raw/pdf/Mega/51272/Ficha y Notas Megamedia S.A. 31.03.2022.pdf,b455ee498ebc5864008782ca55d39565538afbc28625844381d9876ecfedd7cc,69,,EEFF,Mega,2022-03-31,megamedia s.a. y subsidiarias
Mega,51272,articles-51272_recurso_1.zip,data/raw/pdf/Mega/51272/OFICIO 498  Megamedia S.A. 31.03.2022.pdf,b2cb496fa3a4c0fe56eb48445a46e3bd2fb00b437c35a9b41a3cafa1b135484b,26,,oficio_498,Mega,2022-03-31,oficio circular n 498
Mega,53293,articles-53293_recurso_1.zip,data/raw/pdf/Mega/53293/2022090356584_1.pdf,d5687e13e97ff2289ebec68cb144dead693fb7ddd8531cff92276b49b87bdb14,73,,EEFF,Mega,2022-06-30,megamedia s.a. y subsidiarias
Mega,53293,articles-53293_recurso_1.zip,data/raw/pdf/Mega/53293/2022090356584_2.pdf,00900ccb52e16e78103ebb6da4402b27522396576764cedc42b8871a1f8a6df9,26,,oficio_498,Mega,2022-06-30,oficio circular n 498
Mega,57125,articles-57125_recurso_1.zip,data/raw/pdf/Mega/57125/2022110448272.pdf,38823386bbb47da1ef8a6197645535773c9fe6921fb530549e78254430e99a01,2,,analisis_razonado,Mega,2022-09-30,presentacion de documentos
Mega,57125,articles-57125_recurso_1.zip,data/raw/pdf/Mega/57125/2022110448272_0.pdf,9c9014324ce5373746b271de09d8b8d3c4dedd9860a8cf1cc671054e64ed66a7,69,,EEFF,Mega,2022-09-30,megamedia s.a. y subsidiarias
Mega,57125,articles-57125_recurso_1.zip,data/raw/pdf/Mega/57125/2022110448272_1.pdf,f5daf9f78315aa703f2f0bb0dcba8feb7bc794850bdcd33e8401d8a26041dd82,25,,oficio_498,Mega,2022-09-30,oficio circular n 498
Mega,68984,articles-68984_recurso_1.zip,data/raw/pdf/Mega/68984/2023030137794_0.pdf,def7b4b8dcd6ce5a11282e7414a450ee397cfffba9ee1f6d8099dd14eb2998f9,2,,analisis_razonado,Mega,2022-12-31,presentacion de documentos
Mega,68984,articles-68984_recurso_1.zip,data/raw/pdf/Mega/68984/2023030137794_1.pdf,c82509732018a1a6a231139970fc2cd83a9c86752f11d57e8f2518bda708e40e,74,,EEFF,Mega,2022-12-31,megamedia s.a. y subsidiarias
Mega,68984,articles-68984_recurso_1.zip,data/raw/pdf/Mega/68984/2023030137794_2.pdf,fa65691c1c283626326ce838786ab4099922bf1364e4b67b8c3f061316110f7d,24,,oficio_498,Mega,2022-12-31,oficio circular n 498
Mega,70646,articles-70646_recurso_1.zip,data/raw/pdf/Mega/70646/2023050231873_0.pdf,d5d1f0a90d8b87bf211ccc2290686b6d45b5aae62c367a38626cc682fa955a68,2,,analisis_razonado,Mega,2023-03-31,presentacion de documentos
Mega,70646,articles-70646_recurso_1.zip,data/raw/pdf/Mega/70646/2023050231873_1.pdf,2272acacb2816f96fbf8e58560f8d7b43952ec9be3b30193ffcb7fcc6cb05b76,68,,EEFF,Mega,2023-03-31,megamedia s.a. y subsidiarias
Mega,70646,articles-70646_recurso_1.zip,data/raw/pdf/Mega/70646/2023050231873_2.pdf,fc7a5b5a186328dcf97315758a60e539b555fcfc85984d6b143538ac01e9d8eb,23,,oficio_498,Mega,2023-03-31,oficio circular n 498
Mega,73702,articles-73702_recurso_1.zip,data/raw/pdf/Mega/73702/2023090392195-0 Megamedia S.A. Presentación al 30.06.2023.pdf,9bc1d7fddb5a8742bcbf6ded5ef4b12714130e8c1bbc11aba9dd65028b6b9932,2,,analisis_razonado,Mega,2023-06-30,presentacion de documentos
Mega,73702,articles-73702_recurso_1.zip,data/raw/pdf/Mega/73702/2023090392195-1 Megamedia S.A. Circular 498 al 30.06.2023.pdf,eda622cde0148cba126f2ca462b432367c01ce588bc48c6742eb497db64f39d5,23,,oficio_498,Mega,2023-06-30,oficio circular n 498
Mega,73702,articles-73702_recurso_1.zip,data/raw/pdf/Mega/73702/2023090392195-2 Megamedia S.A. Ficha y notas al 30.06.2023.pdf,5816f49e1b630c5c8aa82405b16040f5c6d96b04a4cccb5d21540aebe2352760,71,,EEFF,Mega,2023-06-30,megamedia s.a. y subsidiarias
Mega,75893,articles-75893_recurso_1.zip,data/raw/pdf/Mega/75893/2023110516283_0.pdf,8811cf6518b2dc7a1123e2107b852e410ca6c9c49e52fc2d3262f23bfd6b77a1,2,,analisis_razonado,Mega,2023-09-30,presentacion de documentos
Mega,75893,articles-75893_recurso_1.zip,data/raw/pdf/Mega/75893/2023110516283_1.pdf,8a19f9a786c42eea52ce235ed9fef5eb558a3e1fd134b55ff40fe5b4ef6e354c,23,,oficio_498,Mega,2023-09-30,oficio circular n 498
Mega,75893,articles-75893_recurso_1.zip,data/raw/pdf/Mega/75893/2023110516283_2.pdf,5e127500efe86bcbf7b29bab6e9ad14ded67ca0d8d8b897e546348b1f5f9d56c,70,,EEFF,Mega,2023-09-30,megamedia s.a. y subsidiarias
Mega,75893,articles-75893_recurso_1.zip,data/raw/pdf/Mega/75893/2023110516283_3.pdf,17a75cbbfc7585b99789cc9dea49b9d49ae4c6e38dd20b15a68b7935772bfccb,70,,EEFF,Mega,2023-09-30,megamedia s.a. y subsidiarias
Mega,79942,articles-79942_recurso_1.zip,data/raw/pdf/Mega/79942/2024030188005_0.pdf,2af2be181e4dec5e4c85570ab773a72b37ad507b7ecc7657b8fc3d82c9b044c8,2,,analisis_razonado,Mega,2023-12-31,presentacion de documentos
Mega,79942,articles-79942_recurso_1.zip,data/raw/pdf/Mega/79942/2024030188005_1.pdf,e1b6a2a5f3ceb2cb5351a333a9bddfa0255edc68d64ab8e2c162bae7611ed05e,23,,oficio_498,Mega,2023-12-31,oficio circular n 498
Mega,79942,articles-79942_recurso_1.zip,data/raw/pdf/Mega/79942/2024030188005_2.pdf,71fdcdf54a6115bd64d62a66ddf2a174464470c855c0874f24b834024ded9836,73,,EEFF,Mega,2023-12-31,megamedia s.a. y subsidiarias
Mega,82007,articles-82007_recurso_1.zip,data/raw/pdf/Mega/82007/Estados financieros consolidados_1.pdf,13f2c2a5a636a86ab75c911f8361bdfa51de48f9eea4e7095c953a3a5bb3d10c,70,,EEFF,Mega,2024-03-31,megamedia s.a. y subsidiarias
Mega,82007,articles-82007_recurso_1.zip,data/raw/pdf/Mega/82007/Oficio circular_0.pdf,6e74499bbaceb76fba5872c211ab3e0566d67f991c7762aa3ca33cec17261cd5,23,,oficio_498,Mega,2024-03-31,oficio circular n 498
Mega,85360,articles-85360_recurso_1.zip,data/raw/pdf/Mega/85360/2024090483478_0.pdf,4bcc8cacfdfb94a95c89c3b95565ad3ecdff6d930e5c718156b404ada1fa20e7,2,,analisis_razonado,Mega,2024-06-30,presentacion de documentos
Mega,85360,articles-85360_recurso_1.zip,data/raw/pdf/Mega/85360/2024090483478_1.pdf,f73cc633d8e2ac3f23a667961d0645ea88948cf76b8a59ef11b48c6b3cda8650,23,,oficio_498,Mega,2024-06-30,oficio circular n 498
Mega,85360,articles-85360_recurso_1.zip,data/raw/pdf/Mega/85360/2024090483478_2.pdf,9ab935a39fb3221478b1e6a67767bb513e3bc3ee9745ce06f6777fca22b4e647,77,,EEFF,Mega,2024-06-30,megamedia s.a. y subsidiarias
Mega,88269,articles-88269_recurso_1.zip,data/raw/pdf/Mega/88269/2024110652109_0 carta.pdf,a05ef82686471ef2cac84536f55cab6d3850d277bd0945e9ef48489b663f73d1,2,,analisis_razonado,Mega,2024-09-30,presentacion de documentos
Mega,88269,articles-88269_recurso_1.zip,data/raw/pdf/Mega/88269/2024110652109_1 (1).pdf,8348fdf57a2c2e004e601c3869ce2982e33dcee2e83252805d111860255ade22,23,,oficio_498,Mega,2024-09-30,oficio circular n 498
Mega,88269,articles-88269_recurso_1.zip,data/raw/pdf/Mega/88269/2024110652109_2.pdf,ed7d88f5129647cd72c7a70c43465f601f616c9f842f0600266ad3df5e76c445,74,,EEFF,Mega,2024-09-30,megamedia s.a. y subsidiarias
Mega,93019,articles-93019_recurso_1.zip,data/raw/pdf/Mega/93019/CARTA CONDUCTORA.pdf,cbecbfe51c0d5040847cc48c00b292cfc79490723e879d9dcc2c4d7df3e27ee3,2,,sin_texto,,,
Mega,93019,articles-93019_recurso_1.zip,data/raw/pdf/Mega/93019/ESTADOS FINANCIEROS.pdf,459d7867eb75cc9894f9b46ca16380f4f815bcf5d04a202552b1100b03d1a22e,74,,EEFF,Mega,2024-12-31,megamedia s.a. y subsidiarias
Mega,93019,articles-93019_recurso_1.zip,data/raw/pdf/Mega/93019/OFICIO CIRCULAR.pdf,38b5ec3c398143e9c816306cc1f5158398299c004cc995aaa0a34ee2c5f74f12,27,,oficio_498,Mega,2024-12-31,oficio circular n 498
Mega,95052,articles-95052_recurso_1.zip,data/raw/pdf/Mega/95052/2025050382210_0 (1).pdf,deb8db7c1e058026c857e52b0850261778fd804b4df3fdbeccac69a91f04139e,2,,analisis_razonado,Mega,2025-03-31,presentacion de documentos
Mega,95052,articles-95052_recurso_1.zip,data/raw/pdf/Mega/95052/2025050382210_1 (1).pdf,1e06860671e221f754304bef5254be07116be12617925bac86e6162e86cab92f,72,,EEFF,Mega,2025-03-31,megamedia s.a. y subsidiarias
Mega,95052,articles-95052_recurso_1.zip,data/raw/pdf/Mega/95052/2025050382210_2 (1).pdf,38982e3eef4300107de88c862f8c8e1c207198c74b2da6a64596f9de4b837963,26,,oficio_498,Mega,2025-03-31,oficio circular n 498
Mega,98823,articles-98823_recurso_1.zip,data/raw/pdf/Mega/98823/2025090625950_0.pdf,854ba2981ebcc9996edb27ac6e6ccab806b2e9f6017956b1bc4d0d8720e92c3f,2,,analisis_razonado,Mega,2025-06-30,presentacion de documentos
Mega,98823,articles-98823_recurso_1.zip,data/raw/pdf/Mega/98823/2025090625950_1.pdf,1149716cd9baa9b18edaad12f2ba55b53c802d328df5e63aa298975c5ef25333,70,,EEFF,Mega,2025-06-30,megamedia s.a. y subsidiarias
Mega,98823,articles-98823_recurso_1.zip,data/raw/pdf/Mega/98823/2025090625950_2.pdf,90fe8cec81e7cff7024271126143a9a2fd7f2461127669cb7c18a868828379a9,25,,oficio_498,Mega,2025-06-30,oficio circular n 498
Chilevisión,101642,articles-101642_recurso_1.zip,data/raw/pdf/Chilevisión/101642/Estados financieros.pdf,9ff408300155eaed596fd7df29a7457a4c5f570e677c039b1c2ce5fc8d4e9059,54,,EEFF,Chilevisión,2025-09-30,estados financieros
Chilevisión,101642,articles-101642_recurso_1.zip,data/raw/pdf/Chilevisión/101642/Hechos relevantes.pdf,5f2babb062e11027f0dd94616e05ccc00c9762088a4b9b71ab224ae914495433,1,,hechos_esenciales,Chilevisión,2025-09-30,anexo hechos relevantes
Chilevisión,101642,articles-101642_recurso_1.zip,data/raw/pdf/Chilevisión/101642/Analisis Razonado.pdf,1aeddfd7389cda8a4aab25ac354ba20476253b67bcb098e4a41d2a96b2f6834e,7,,analisis_razonado,Chilevisión,2025-09-30,analisis razonado
Chilevisión,101642,articles-101642_recurso_1.zip,data/raw/pdf/Chilevisión/101642/Carta conductora.pdf,6c880345323bbf813fd643c8458767c23490d291426c89998eb592a34e42f2cd,1,,analisis_razonado,Chilevisión,2025-09-30,senor
Chilevisión,101642,articles-101642_recurso_1.zip,data/raw/pdf/Chilevisión/101642/Declaracion de responsabilidad.pdf,c5f06058dbcee076735d1120c896b8c9c0ecd902777e7695e79515d27013284c,1,,sin_texto,,,
Chilevisión,109184,articles-109184_recurso_1.zip,data/raw/pdf/Chilevisión/109184/2026030214248_0.pdf,2c4dbd6762e811ade5547582be3396f5aa9e0af704af349870f360311a654604,1,,analisis_razonado,Chilevisión,2025-12-31,senor
Chilevisión,109184,articles-109184_recurso_1.zip,data/raw/pdf/Chilevisión/109184/2026030214248_1.pdf,871af936e07963d15eb0defd857231e05f1d94e1679c648c7c7f52c94d46a09b,68,,EEFF,Chilevisión,2025-12-31,estados financieros
Chilevisión,109184,articles-109184_recurso_1.zip,data/raw/pdf/Chilevisión/109184/2026030214248_2.pdf,597bb85f06dd0bfc97c89769ddf926165f28f4d6f0adc512d99023e16c7af73a,1,,sin_texto,,,
Chilevisión,109184,articles-109184_recurso_1.zip,data/raw/pdf/Chilevisión/109184/2026030214248_3.pdf,e363f6bfb27a900ca7cfd38561a284c3d7b94bd3fbeca0da92baf9a66bb5d038,7,,analisis_razonado,,2025-12-31,analisis razonado
Chilevisión,109184,articles-109184_recurso_1.zip,data/raw/pdf/Chilevisión/109184/2026030214248_4.pdf,af009d8798ebfe593695fb12a83d1e4c41122e2d22e4e3faca9a9015dd3efb41,1,,hechos_esenciales,Chilevisión,2025-12-31,anexo hechos relevantes
Chilevisión,111126,articles-111126_recurso_1.zip,data/raw/pdf/Chilevisión/111126/2026050359726_3.pdf,18d7c252b73ddf91b9d69b5bd925906b4af6f2a8c98488bce88f114239f66ef7,1,,hechos_esenciales,Chilevisión,2026-03-31,anexo hechos relevantes
Chilevisión,111126,articles-111126_recurso_1.zip,data/raw/pdf/Chilevisión/111126/2026050359726_4.pdf,4b59a2cba550e8b49edaf0440edc9f244d913593ab993821c7563adb6a243c80,7,,analisis_razonado,,2026-03-31,analisis razonado
Chilevisión,111126,articles-111126_recurso_1.zip,data/raw/pdf/Chilevisión/111126/2026050359726_0.pdf,cd6cbb65befa9099c7c8af6bcb9a262a149e9a55a6fadee73592aad0734da5f6,1,,analisis_razonado,Chilevisión,2026-03-31,senor
Chilevisión,111126,articles-111126_recurso_1.zip,data/raw/pdf/Chilevisión/111126/2026050359726_1.pdf,43f8e9c1a0d385b94cabec4168db87ea8847fb4a4c78b32af89e79ae048027ab,62,,EEFF,Chilevisión,2026-03-31,estados financieros
Chilevisión,111126,articles-111126_recurso_1.zip,data/raw/pdf/Chilevisión/111126/2026050359726_2.pdf,b01648499c4ccd1f9275fa179daccfb1e38ad3a20fa82ae5d856007041d77540,1,,sin_texto,,,
Chilevisión,113714,articles-113714_recurso_1.zip,data/raw/pdf/Chilevisión/113714/2026090594832-0.pdf,7eaf3582dc1eca7518157ddef1657ba15e9b18ab50c8c76dabec918a09030139,1,,analisis_razonado,Chilevisión,2026-06-30,senor
Chilevisión,113714,articles-113714_recurso_1.zip,data/raw/pdf/Chilevisión/113714/2026090594832-1.pdf,94c04b05f97ec4ffafa67eac90213c29a10e20f475c7691040e85dc03c84fc85,61,,EEFF,Chilevisión,2026-06-30,estados financieros intermedios
Chilevisión,113714,articles-113714_recurso_1.zip,data/raw/pdf/Chilevisión/113714/2026090594832-2.pdf,11690c4613664f3012a4e559e7bef88215861480299925d7959abb576dbc03eb,1,,sin_texto,,,
Chilevisión,113714,articles-113714_recurso_1.zip,data/raw/pdf/Chilevisión/113714/2026090594832-3.pdf,230ce94cc2a285b612a69b4d46b82941822cee4081ac4ad8fa1116e788c6e6a5,6,,analisis_razonado,,2026-06-30,analisis razonado
Chilevisión,113714,articles-113714_recurso_1.zip,data/raw/pdf/Chilevisión/113714/2026090594832-4.pdf,443a9b39a77be50f47c627010445e2b6c668b0d6305bcbb651db2297543b366a,1,,hechos_esenciales,Chilevisión,2026-06-30,anexo hechos relevantes
Chilevisión,28710,articles-28710_recurso_1.zip,data/raw/pdf/Chilevisión/28710/2020040141840_0.pdf,cfb33860291d4c4db52493f87168c15826c3c6dbc3477d30e8afd41459350c4a,1,,analisis_razonado,Chilevisión,2019-12-31,senor
Chilevisión,28710,articles-28710_recurso_1.zip,data/raw/pdf/Chilevisión/28710/2020040141840_1.pdf,1293ee310efae1e483b6a5dbb5cbfa60c8165b76e2c23784b1f69cfa1dce0377,1,,hechos_esenciales,Chilevisión,2019-12-31,anexo hechos relevantes
Chilevisión,28710,articles-28710_recurso_1.zip,data/raw/pdf/Chilevisión/28710/2020040141840_2.pdf,7729c01b7e9025c7c15171ae5ddeec8dc44028779bf7a6992d7cdef1dce12957,66,,EEFF,Chilevisión,2019-12-31,estados financieros
Chilevisión,28710,articles-28710_recurso_1.zip,data/raw/pdf/Chilevisión/28710/2020040141840_3.pdf,ea50061eebb54102c1ed2fc64ae7ae407b5ea2e0b404ed3426711d4bb8b29376,8,,analisis_razonado,Chilevisión,2019-12-31,analisis razonado
Chilevisión,28710,articles-28710_recurso_1.zip,data/raw/pdf/Chilevisión/28710/2020040141840_4.pdf,360792d3f6655b1ef6240f01b9c032912621dc799c2000c4c8d5e8f1e1920907,1,,sin_texto,,,
Chilevisión,29052,articles-29052_recurso_1.zip,data/raw/pdf/Chilevisión/29052/2020050178104.pdf,72af0ab7c58463a10126b11b3d46f3a1085bc9cdacbd6fdad035a92f0ad35652,1,,hechos_esenciales,Chilevisión,2020-03-31,anexo hechos relevantes
Chilevisión,29052,articles-29052_recurso_1.zip,data/raw/pdf/Chilevisión/29052/2020050178104_1.pdf,1a50ac1940a64c1e483f3f0d7906fb93945a198abb410c7577afd5ddea62ee1a,1,,sin_texto,,,
Chilevisión,29052,articles-29052_recurso_1.zip,data/raw/pdf/Chilevisión/29052/2020050178104_2.pdf,15cd8481b6a6a2a086a909dc232dbb1667a4a71601441502a37b5a08cffad8fa,61,,EEFF,Chilevisión,2020-03-31,estados financieros intermedios
Chilevisión,29052,articles-29052_recurso_1.zip,data/raw/pdf/Chilevisión/29052/2020050178104_3.pdf,bf04db53091c00bbfdb83573cb94c40575bbe69598c9588d8e656204a6c9fb8a,1,,sin_texto,,,
Chilevisión,29052,articles-29052_recurso_1.zip,data/raw/pdf/Chilevisión/29052/2020050178104_4.pdf,2cd10553a788742d52dab2e597b856bf5abae3bb0c25fe9448c418ea515d3500,7,,analisis_razonado,Chilevisión,2020-03-31,analisis razonado
Chilevisión,29083,articles-29083_recurso_1.pdf,data/raw/pdf/Chilevisión/29083/articles-29083_recurso_1.pdf,a9db08e891aa51ce11fdc86606fadefcdea731b3ff0af7bb871f6465189e531a,77,S,EEFF,Chilevisión,2017-12-31,| y chilevision adoos 0
Chilevisión,29823,articles-29823_recurso_1.zip,data/raw/pdf/Chilevisión/29823/1.pdf,2b57e4df5d2344102ecb11e199689fb0a1c1fa7277aa2ad68fe242248f810852,1,,sin_texto,,,
Chilevisión,29823,articles-29823_recurso_1.zip,data/raw/pdf/Chilevisión/29823/2.pdf,7476728442f9b04ba7d094006de5f4785625880274def884480e77d6e259af21,65,,EEFF,Chilevisión,2020-06-30,estados financieros consolidados
Chilevisión,29823,articles-29823_recurso_1.zip,data/raw/pdf/Chilevisión/29823/3.pdf,7d5c3afe00b1ec5a7e786b0775d40501f94d3fbf867987b1cd252f737040a8d3,1,,hechos_esenciales,Chilevisión,2020-06-30,anexo hechos relevantes
Chilevisión,29823,articles-29823_recurso_1.zip,data/raw/pdf/Chilevisión/29823/4.pdf,a7c3383e68fcce6075b3da4c86b74c7b899b73e313188e7027a40db5d648649f,8,,analisis_razonado,Chilevisión,2020-06-30,analisis razonado
Chilevisión,29823,articles-29823_recurso_1.zip,data/raw/pdf/Chilevisión/29823/5.pdf,a5537080651ab9b00a4b32aeae7278ceff4a9c19f3752b8d004048eca216bcf8,1,,sin_texto,,,
Chilevisión,38815,articles-38815_recurso_1.zip,data/raw/pdf/Chilevisión/38815/2020110486640_0.pdf,512d1aa9a5e82c20570a819a6c3016b743f68ef3860340c905e4bb99f81d1234,1,,analisis_razonado,Chilevisión,2020-09-30,senor
Chilevisión,38815,articles-38815_recurso_1.zip,data/raw/pdf/Chilevisión/38815/2020110486640_1.pdf,9c1065af66da7be4e16f5590d553fbf6584f1aac6af94c030b572d8c1d37c758,1,,hechos_esenciales,Chilevisión,2020-09-30,anexo hechos relevantes
Chilevisión,38815,articles-38815_recurso_1.zip,data/raw/pdf/Chilevisión/38815/2020110486640_2.pdf,9ebef8aaa6b147965041bd7a87e4b70673668fd66895f0a4eae6fcfda5743f9f,1,,sin_texto,,,
Chilevisión,38815,articles-38815_recurso_1.zip,data/raw/pdf/Chilevisión/38815/2020110486640_3.pdf,15844bb31e3dd5d3c8d954260d0927fd16447b0493ed3804de4734e1a13d1a94,65,,EEFF,Chilevisión,2020-09-30,estados financieros intermedios
Chilevisión,38815,articles-38815_recurso_1.zip,data/raw/pdf/Chilevisión/38815/2020110486640_4.pdf,f1baf6cd0b07a0a89608c6c36904e5c4fe844fac44f3a9e7199e3d76938cc316,7,,analisis_razonado,,2020-09-30,analisis razonado
Chilevisión,47353,articles-47353_recurso_1.zip,data/raw/pdf/Chilevisión/47353/2021030124626_0.pdf,5a33ae4a43c31b78ce3b08b97297f06b9a733a5e11bac4d4227d8c1d0bb6846a,1,,sin_texto,,,
Chilevisión,47353,articles-47353_recurso_1.zip,data/raw/pdf/Chilevisión/47353/2021030124626_1.pdf,0217e2704e12be489e8f196604ab78726544d1dfab247d97f2ecb935f772fc9d,67,,EEFF,Chilevisión,2020-12-31,estados financieros
Chilevisión,47353,articles-47353_recurso_1.zip,data/raw/pdf/Chilevisión/47353/2021030124626_2.pdf,f078a5b9c2143d396c4877988472e34b2268e8341ed960a8f9c935639921c2d3,1,,sin_texto,,,
Chilevisión,47353,articles-47353_recurso_1.zip,data/raw/pdf/Chilevisión/47353/2021030124626_3.pdf,bd4e86fd4191c9c113b421b7a105513996a5d18e8b07c2c984b893d0641e4345,1,,hechos_esenciales,Chilevisión,2020-12-31,anexo hechos relevantes
Chilevisión,47353,articles-47353_recurso_1.zip,data/raw/pdf/Chilevisión/47353/2021030124626_4.pdf,534bf08915186302404bb7f9fce5727b8b5d4810c7766cb56dfcce89bbb3d579,8,,analisis_razonado,,2020-12-31,analisis razonado
Chilevisión,47716,articles-47716_recurso_1.zip,data/raw/pdf/Chilevisión/47716/2021050210956_0.pdf,f75a6f5559e23ded32003c59fd25985a5136c8f6610bf7a741764b60e1fb69b6,7,,analisis_razonado,,2021-03-31,analisis razonado
Chilevisión,47716,articles-47716_recurso_1.zip,data/raw/pdf/Chilevisión/47716/2021050210956_1.pdf,4a4a86dc54e7fbd9d9d64ea5f2d34bc8fd51bffdf5251f495be446068e0ec49d,1,,sin_texto,,,
Chilevisión,47716,articles-47716_recurso_1.zip,data/raw/pdf/Chilevisión/47716/2021050210956_2.pdf,a883d965f8e31414d92ab114ea05f91bc1772ced775f3b387d3fa051a84ab615,64,,EEFF,Chilevisión,2021-03-31,estados financieros
Chilevisión,47716,articles-47716_recurso_1.zip,data/raw/pdf/Chilevisión/47716/2021050210956_3.pdf,09ab2f2fc1e319d399b0960dee38374ba97c1aff58b648ae1148ed3c45abdc5f,1,,hechos_esenciales,Chilevisión,2021-03-31,anexo hechos relevantes
Chilevisión,47716,articles-47716_recurso_1.zip,data/raw/pdf/Chilevisión/47716/2021050210956_4.pdf,0aa6d81db929abd455711064533516395f6c868300d93df2034b2f8965d0165f,1,,sin_texto,,,
Chilevisión,49401,articles-49401_recurso_1.zip,data/raw/pdf/Chilevisión/49401/2021090377437_0 (2).pdf,7dbea0f4e9f3b6b674fe18ce56d908c6a35639b1bf674ae7d0c834a6943eca97,66,,EEFF,Chilevisión,2021-06-30,estados financieros intermedios
Chilevisión,49401,articles-49401_recurso_1.zip,data/raw/pdf/Chilevisión/49401/2021090377437_1 (1).pdf,9cec335f082f175ade620802a212021afb17f2010d990a83ae756597e1299d8b,8,,analisis_razonado,,2021-06-30,analisis razonado
Chilevisión,49401,articles-49401_recurso_1.zip,data/raw/pdf/Chilevisión/49401/2021090377437_2 (1).pdf,a27633220548fbbd0009c780bc537f4d4a7a0bbee16d7bae49f22c2d8b3dee1b,1,,sin_texto,,,
Chilevisión,49401,articles-49401_recurso_1.zip,data/raw/pdf/Chilevisión/49401/2021090377437_3 (2).pdf,ee1ad5575f08a8c88de6be738f01e11c4d84b060ba9077404ffcfe8775e39795,1,,hechos_esenciales,Chilevisión,2021-06-30,anexo hechos relevantes
Chilevisión,49401,articles-49401_recurso_1.zip,data/raw/pdf/Chilevisión/49401/2021090377437_4 (1).pdf,bd76f55fca06295040a6a300cb0f451f5faf4ccb8ab31bac163d136a269542a7,1,,sin_texto,,,
Chilevisión,49918,articles-49918_recurso_1.zip,data/raw/pdf/Chilevisión/49918/2021110477681_0 (1).pdf,24bba0e9f8cb4556953df055a799d8c8c93d389748bd173ee7ecfdbd6f63b1a1,1,,analisis_razonado,Chilevisión,2021-09-30,senor
Chilevisión,49918,articles-49918_recurso_1.zip,data/raw/pdf/Chilevisión/49918/2021110477681_1 (1).pdf,7f516a0c493e932cda0ec50691e4c8bf7419e31d31c263e7a108988194550b7c,65,,EEFF,Chilevisión,2021-09-30,estados financieros intermedios
Chilevisión,49918,articles-49918_recurso_1.zip,data/raw/pdf/Chilevisión/49918/2021110477681_2 (1).pdf,1a326c347ac373a90b259d95ef1dbaac432545cbf86775234336ec8ce81b5723,8,,analisis_razonado,,2021-09-30,analisis razonado
Chilevisión,49918,articles-49918_recurso_1.zip,data/raw/pdf/Chilevisión/49918/2021110477681_3 (1).pdf,3bc6bbf54ebb38e5aa1dbc94efc7b2c78d615434d4cac0b9629a6fab59904af7,1,,sin_texto,,,
Chilevisión,49918,articles-49918_recurso_1.zip,data/raw/pdf/Chilevisión/49918/2021110477681_4 (1).pdf,8cb6f45d88a12b9809d74f637ce33dc40ca123c66039b4be52b047416e34336b,1,,hechos_esenciales,Chilevisión,2021-09-30,anexo hechos relevantes
Chilevisión,50697,articles-50697_recurso_1.zip,data/raw/pdf/Chilevisión/50697/Análisis Razonado.pdf,5d5897e6bb8fac2567ffb4dbe1ff8272e7e9fdcd0c438daeaec8f0fa21476f74,8,,sin_texto,,,
Chilevisión,50697,articles-50697_recurso_1.zip,data/raw/pdf/Chilevisión/50697/Carta conductora EEFF.pdf,a98b2b7a28d217ead823b0776fd9ead64be8cd15b7f3eee5845519f1cca964b1,1,,sin_texto,,,
Chilevisión,50697,articles-50697_recurso_1.zip,data/raw/pdf/Chilevisión/50697/Declaración Responsabilidad.pdf,3571618c75d04011df7733ee603f3386df6310e3d1c5e65d69fe42b43e2643ee,1,,sin_texto,,,
Chilevisión,50697,articles-50697_recurso_1.zip,data/raw/pdf/Chilevisión/50697/Estados Financieros.pdf,dd943e09a5735c5f2ffbf944ba3f95be9d371359af1f84c71b94d8e43720cfc8,64,,EEFF,Chilevisión,2021-12-31,estados financieros
Chilevisión,50697,articles-50697_recurso_1.zip,data/raw/pdf/Chilevisión/50697/Hechos relevantes.pdf,f2ba90686159febf87a14340a7db74e62b197f21d846cefa7540b26ff55ec93e,1,,sin_texto,,,
Chilevisión,51270,articles-51270_recurso_1.zip,data/raw/pdf/Chilevisión/51270/Análisis Razonado.pdf,810855f9e2d2e22c563f6872e9a746f4650eb3d42977956ce3a98557bf80aa20,8,,analisis_razonado,,2022-03-31,analisis razonado
Chilevisión,51270,articles-51270_recurso_1.zip,data/raw/pdf/Chilevisión/51270/Carta conductora.pdf,be7a8bc3649df62095c5b2e10b348a224a8c4898128828c6c568bd6501604d8c,1,,analisis_razonado,Chilevisión,2022-03-31,senor
Chilevisión,51270,articles-51270_recurso_1.zip,data/raw/pdf/Chilevisión/51270/Declaración de responsabilidad.pdf,b0f36e644782ffc18fb65982bfbc3dca6fffd221965a6c633c35b16b068bb7dc,1,,sin_texto,,,
Chilevisión,51270,articles-51270_recurso_1.zip,data/raw/pdf/Chilevisión/51270/Estados Financieros Marzo 2022.pdf,14218f85dd94e6f858f77df899f8c9959b98e605d862d320ef184d39090f69a0,61,,EEFF,Chilevisión,2022-03-31,estados financieros
Chilevisión,51270,articles-51270_recurso_1.zip,data/raw/pdf/Chilevisión/51270/Hechos posteriores.pdf,ec8ee52167ea64102b070db0eba1b04f82a842e481a0a130b90f9b31004bc3f0,1,,hechos_esenciales,Chilevisión,2022-03-31,anexo hechos relevantes
Chilevisión,53290,articles-53290_recurso_1.zip,data/raw/pdf/Chilevisión/53290/2022090358208_0.pdf,ef05259cbe705a1d4effc1db2cac350ea63fc83813dd97b3106ddc0f383d2bef,1,,analisis_razonado,Chilevisión,2022-06-30,senor
Chilevisión,53290,articles-53290_recurso_1.zip,data/raw/pdf/Chilevisión/53290/2022090358208_1.pdf,a5a6243b3e961665f6535da8c2afd6419d4a7039b5a0306636dd957f810328fc,1,,hechos_esenciales,Chilevisión,2022-06-30,anexo hechos relevantes
Chilevisión,53290,articles-53290_recurso_1.zip,data/raw/pdf/Chilevisión/53290/2022090358208_2.pdf,c1f62de2de57eb0e7641a6b46e00d0760b883af43effffde00522ef0564d124f,8,,analisis_razonado,,2022-06-30,analisis razonado
Chilevisión,53290,articles-53290_recurso_1.zip,data/raw/pdf/Chilevisión/53290/2022090358208_3.pdf,3b6855491394d7ec65ec6dd1272a42e7b7dd9873248c5206ea477fb3e0f0d04d,64,,EEFF,Chilevisión,2022-06-30,red de television chilevision s.a.
Chilevisión,53290,articles-53290_recurso_1.zip,data/raw/pdf/Chilevisión/53290/2022090358208_4.pdf,657fb542c9bfd3e80276f17f05e735b91550a347a3eb6fee34050e5367c1dee7,1,,sin_texto,,,
Chilevisión,57122,articles-57122_recurso_1.zip,data/raw/pdf/Chilevisión/57122/2022110453703.pdf,cc6d2ef97f2c1e99394e1ba89ef5f85766ca0c20f74838e6eb5c38700dd8c280,1,,analisis_razonado,Chilevisión,2022-09-30,senor
Chilevisión,57122,articles-57122_recurso_1.zip,data/raw/pdf/Chilevisión/57122/2022110453703_1.pdf,7c96460c2d41b95c769a4336f72889e37b0d1557b47395a7adbffbb5bad9da7a,63,,EEFF,Chilevisión,2022-09-30,estados financieros
Chilevisión,57122,articles-57122_recurso_1.zip,data/raw/pdf/Chilevisión/57122/2022110453703_2.pdf,e530591d6818f00f0cb9ea1372525d99f6fd456412dee756416ca1e0906da82c,8,,analisis_razonado,,2022-09-30,analisis razonado
Chilevisión,57122,articles-57122_recurso_1.zip,data/raw/pdf/Chilevisión/57122/2022110453703_3.pdf,6480d5dcd234bba088372c7c56726ffe6d55f76b8867f6a4e2f4e401a1a9bc47,1,,sin_texto,,,
Chilevisión,57122,articles-57122_recurso_1.zip,data/raw/pdf/Chilevisión/57122/2022110453703_4.pdf,9a921e7796a4b0663198c41451ab89a4da9464788c7bb2511a826c5d9ac554f6,1,,hechos_esenciales,Chilevisión,2022-09-30,anexo hechos relevantes
Chilevisión,68983,articles-68983_recurso_1.zip,data/raw/pdf/Chilevisión/68983/2023030138847_0.pdf,9d6739309dc18df459bad2933f642383d9cd078c396d62cb86baa93f15342990,1,,analisis_razonado,Chilevisión,2022-12-31,senor
Chilevisión,68983,articles-68983_recurso_1.zip,data/raw/pdf/Chilevisión/68983/2023030138847_1.pdf,d8b4972b473e8627fe4157f2c5c0406a32622d1b0ab1fcf6b528684d032e77e0,65,,EEFF,Chilevisión,2022-12-31,estados financieros
Chilevisión,68983,articles-68983_recurso_1.zip,data/raw/pdf/Chilevisión/68983/2023030138847_2.pdf,2bf632e363cc5b9f0d3c1df19f30206b7062d1d2767e8232d8fcf13f5e9a8b7e,8,,analisis_razonado,,2022-12-31,analisis razonado
Chilevisión,68983,articles-68983_recurso_1.zip,data/raw/pdf/Chilevisión/68983/2023030138847_3.pdf,c0ab4e7ef86688e0aaa6f5e125aa1385d9fd65175bc2ae9781afa4e492be4ae9,1,,sin_texto,,,
Chilevisión,68983,articles-68983_recurso_1.zip,data/raw/pdf/Chilevisión/68983/2023030138847_4.pdf,0c2dc4b30f8d2710a656907a44d10b5ddb2ced9b3cafdf767e20868c766c0c19,1,,hechos_esenciales,Chilevisión,,anexo hechos relevantes
Chilevisión,70647,articles-70647_recurso_1.zip,data/raw/pdf/Chilevisión/70647/2023050232246_0.pdf,dfda77a3ea36c331f1f929642e8429f3899f857b13ecf9dcbcc9cce5f707ddc2,1,,analisis_razonado,Chilevisión,2023-03-31,senor
Chilevisión,70647,articles-70647_recurso_1.zip,data/raw/pdf/Chilevisión/70647/2023050232246_1.pdf,df7360d0bef56c84d92a58d5871b9f097a56a103c5b342ed7ecca02cc8b133c6,61,,EEFF,Chilevisión,2023-03-31,estados financieros
Chilevisión,70647,articles-70647_recurso_1.zip,data/raw/pdf/Chilevisión/70647/2023050232246_2.pdf,cadcf528efdc701f166946c713dca1f6421cf7924a243d0370f6df30da3e656d,7,,analisis_razonado,,2023-03-31,analisis razonado
Chilevisión,70647,articles-70647_recurso_1.zip,data/raw/pdf/Chilevisión/70647/2023050232246_3.pdf,6c19610d1015007fc7126232e922f3ae70fd70d8e8efec889ec4479047da02a5,1,,sin_texto,,,
Chilevisión,70647,articles-70647_recurso_1.zip,data/raw/pdf/Chilevisión/70647/2023050232246_4.pdf,cc012b1a480cc1186928d50419feb049eac7c8a8e00695b1176d260a32dcdbd5,1,,hechos_esenciales,Chilevisión,2023-03-31,anexo hechos relevantes
Chilevisión,73701,articles-73701_recurso_1.zip,data/raw/pdf/Chilevisión/73701/2023090394685-0 Carta conductora.pdf,c205f4d52c4dbbd65906743557e482b85fcfdad59a0d1dfed04173a2c8c40e32,1,,analisis_razonado,Chilevisión,2023-06-30,senor
Chilevisión,73701,articles-73701_recurso_1.zip,data/raw/pdf/Chilevisión/73701/2023090394685-1 Declaración de responsabilidad EEFF.pdf,ed095fa27aa77e291df3f62836eb04e39d13a9bee751d4f2fcef1f1741d08377,1,,sin_texto,,,
Chilevisión,73701,articles-73701_recurso_1.zip,data/raw/pdf/Chilevisión/73701/2023090394685-2 Hechos relevantes.pdf,4def7aea0ba0bf0fdb12dfc049eb8fcc67b7cb875c67f2ff131d3bbd71da8e52,1,,hechos_esenciales,Chilevisión,2023-06-30,anexo hechos relevantes
Chilevisión,73701,articles-73701_recurso_1.zip,data/raw/pdf/Chilevisión/73701/2023090394685-3 Estados Financieros 06.2023.pdf,d026c0aca1cf174c45bba00738ec4cb1097366e650acb31f627cae6e8f6ea7eb,61,,EEFF,Chilevisión,2023-06-30,estados financieros intermedios
Chilevisión,73701,articles-73701_recurso_1.zip,data/raw/pdf/Chilevisión/73701/2023090394685-4 Análisis Razonado 062023.pdf,e23ec63008e24c3784415869d0835471dc68ac3034d6b02b6eca326a3b77a480,7,,analisis_razonado,,2023-06-30,analisis razonado
Chilevisión,75891,articles-75891_recurso_1.zip,data/raw/pdf/Chilevisión/75891/2023110513636_0.pdf,811fab61b36bcbd2d9df8c9c74b47a04723f033fb20a510e82e98a6f89b98afd,1,,analisis_razonado,Chilevisión,2023-09-30,senor
Chilevisión,75891,articles-75891_recurso_1.zip,data/raw/pdf/Chilevisión/75891/2023110513636_1.pdf,84f31e3426577108b1b7173cbe4dcd373c23d03ef4490c56aac08d699376a934,8,,analisis_razonado,,2023-09-30,analisis razonado
Chilevisión,75891,articles-75891_recurso_1.zip,data/raw/pdf/Chilevisión/75891/2023110513636_2.pdf,ed9b173df9862083de866adc0f59b1da4dfb7e87d4b1beb4c6a12a917d2e8748,64,,EEFF,Chilevisión,2023-09-30,estados financieros
Chilevisión,75891,articles-75891_recurso_1.zip,data/raw/pdf/Chilevisión/75891/2023110513636_3.pdf,21416254bcbb714b1f90c789f8a7b8df7e4673b6bc7a9c254f8d57561668b707,1,,hechos_esenciales,Chilevisión,2023-09-30,anexo hechos relevantes
Chilevisión,75891,articles-75891_recurso_1.zip,data/raw/pdf/Chilevisión/75891/2023110513636_4.pdf,9d6ecd8d52d7560a948955cdfe2c5c4370876ad85df57a06a0f04fce872c9520,1,,sin_texto,,,
Chilevisión,79941,articles-79941_recurso_1.zip,data/raw/pdf/Chilevisión/79941/2024030188463_0.pdf,7f5ab4357fc4ab4c3f6291a36313c4a2d9733862a7cf49611f393f7a764dd8c7,1,,sin_texto,,,
Chilevisión,79941,articles-79941_recurso_1.zip,data/raw/pdf/Chilevisión/79941/2024030188463_1.pdf,ebf3c065c2a246b470770ddf1093a03e7a237f3d0fe65fba18443a73aa8e27b0,1,,sin_texto,,,
Chilevisión,79941,articles-79941_recurso_1.zip,data/raw/pdf/Chilevisión/79941/2024030188463_2.pdf,93cb7416cc610c6c091ed4b063bcf37b83f5cda0c6037b33e5a302677ce8297d,8,,analisis_razonado,,2023-12-31,analisis razonado
Chilevisión,79941,articles-79941_recurso_1.zip,data/raw/pdf/Chilevisión/79941/2024030188463_3.pdf,0a8b22802c7e96d8e3947c1d987d44b695242c0422f226aa0e1f573d636c6b39,67,,EEFF,Chilevisión,2023-12-31,estados financieros
Chilevisión,79941,articles-79941_recurso_1.zip,data/raw/pdf/Chilevisión/79941/2024030188463_4.pdf,e9bf84149c1bbcaa7b32577488437418e6282e6a9b1346734b100d24527b06fb,1,,hechos_esenciales,Chilevisión,2023-12-31,anexo hechos relevantes
Chilevisión,82006,articles-82006_recurso_1.zip,data/raw/pdf/Chilevisión/82006/Analisis razonado_4.pdf,2cd57e162e274a944b3d8d5628d1a0f0d6f05cc40d02e3a098dd7c09aca73a90,7,,analisis_razonado,,2024-03-31,analisis razonado
Chilevisión,82006,articles-82006_recurso_1.zip,data/raw/pdf/Chilevisión/82006/Anexos hechos relevantes_1.pdf,be2bee37c6274a8eb7368ee7b67aba641e90f5d0abcc9fd14c8291ae84730938,1,,hechos_esenciales,Chilevisión,2024-03-31,anexo hechos relevantes
Chilevisión,82006,articles-82006_recurso_1.zip,data/raw/pdf/Chilevisión/82006/Carta conductora_2.pdf,5aba212e7225c1c85f32b2e63cb60382f4b5ada317ff0df7569d4441bd41bb5c,1,,analisis_razonado,Chilevisión,2024-03-31,senor
Chilevisión,82006,articles-82006_recurso_1.zip,data/raw/pdf/Chilevisión/82006/Declaracion de responsabilidad_0.pdf,496ee2fa02dab843564091aa24ec9c39ce10d02b3a0409d284d82afc05057453,1,,sin_texto,,,
Chilevisión,82006,articles-82006_recurso_1.zip,data/raw/pdf/Chilevisión/82006/Estados financieros_3.pdf,88ed81d1d9990526570d2ab9756dc32380b6842a8b5bf004ffad6f10fa38c058,64,,EEFF,Chilevisión,2024-03-31,estados financieros intermedios
Chilevisión,85359,articles-85359_recurso_1.zip,data/raw/pdf/Chilevisión/85359/2024090483672_0.pdf,ed8dad8459e985dff11eda5194b868faeca930305a60b03814a8ebafc0d3cfce,1,,analisis_razonado,Chilevisión,2024-06-30,senor
Chilevisión,85359,articles-85359_recurso_1.zip,data/raw/pdf/Chilevisión/85359/2024090483672_1.pdf,dc211a5d2d7bffe11999c4a39efe8894482a2b0e756e433a8f63e9c1db4583db,1,,sin_texto,,,
Chilevisión,85359,articles-85359_recurso_1.zip,data/raw/pdf/Chilevisión/85359/2024090483672_2.pdf,1840843015165d52970674278e4e14dffa85c6bedf83d227ae9b4b99291168cc,65,,EEFF,Chilevisión,2024-06-30,estados financieros intermedios
Chilevisión,85359,articles-85359_recurso_1.zip,data/raw/pdf/Chilevisión/85359/2024090483672_3.pdf,c5e534eb1add72c6cd223b4abf80f730bcdfcd3e070f3a843086c3d9d661512b,1,,hechos_esenciales,Chilevisión,2024-06-30,anexo hechos relevantes
Chilevisión,85359,articles-85359_recurso_1.zip,data/raw/pdf/Chilevisión/85359/2024090483672_4.pdf,35dce7e167b726da6d01c2de85060d1ea37c0a128890c886c2c708b3d0bc2848,7,,analisis_razonado,,2024-06-30,analisis razonado
Chilevisión,88270,articles-88270_recurso_1.zip,data/raw/pdf/Chilevisión/88270/2024110655725_0 carta.pdf,2a08a56bfd0c0147602b1bf87d57f51dec151e53ecc2bc75dcf0c5a65208363d,1,,analisis_razonado,Chilevisión,2024-09-30,senor
Chilevisión,88270,articles-88270_recurso_1.zip,data/raw/pdf/Chilevisión/88270/2024110655725_1.pdf,ebd34117cb2e784de4cd026dbbdb52c91fb490be24643c1aa8a4ad356dc83f6f,63,,EEFF,Chilevisión,2024-09-30,estados financieros intermedios
Chilevisión,88270,articles-88270_recurso_1.zip,data/raw/pdf/Chilevisión/88270/2024110655725_2.pdf,c75d9c6c5c08f1d8b1c06a9d78b33ed4e7956ccc3559c4be1e9ca8540f06b3c0,1,,sin_texto,,,
Chilevisión,88270,articles-88270_recurso_1.zip,data/raw/pdf/Chilevisión/88270/2024110655725_3.pdf,4df27ee9bbcabd2ff1421f8c022deae0a6c03b17769185d2702f81eb365426bc,7,,analisis_razonado,,2024-09-30,analisis razonado
Chilevisión,88270,articles-88270_recurso_1.zip,data/raw/pdf/Chilevisión/88270/2024110655725_4.pdf,c79368d9d967d3719edeb1dcbec66eedff8045eece20a5b00c38472ebcdd6ae6,1,,hechos_esenciales,Chilevisión,2024-09-30,anexo hechos relevantes
Chilevisión,93017,articles-93017_recurso_1.zip,data/raw/pdf/Chilevisión/93017/ANALISIS RAZONADO.pdf,f676185206bd9cd88e2a95abb7bcd7edd0e397911f4cff56271c95daf91d5a00,7,,analisis_razonado,,2024-12-31,analisis razonado
Chilevisión,93017,articles-93017_recurso_1.zip,data/raw/pdf/Chilevisión/93017/ANEXO HECHOS RELEVANTES.pdf,f28ed10244e0eedd9ed6d2c167b9c01f4d1fbfe0783cdc8f37162a5438a0fa4f,1,,hechos_esenciales,Chilevisión,2024-12-31,anexo hechos relevantes
Chilevisión,93017,articles-93017_recurso_1.zip,data/raw/pdf/Chilevisión/93017/CARTA CONDUCTORA.pdf,00b982b3a2e3e0c66706ee8ee7f9e36dc63e645c00bdbb844e54d0cf0de61b43,1,,analisis_razonado,Chilevisión,2024-12-31,senor
Chilevisión,93017,articles-93017_recurso_1.zip,data/raw/pdf/Chilevisión/93017/DECLARACION DE RESPONSABILIDAD.pdf,3acf50464251451a4cedb292b8b50fb886cf0f624504e23b07696cf10c6657ea,1,,sin_texto,,,
Chilevisión,93017,articles-93017_recurso_1.zip,data/raw/pdf/Chilevisión/93017/ESTADOS FINANCIEROS.pdf,725f782a04a5b694ce257bce941bb853e59f0195614ef3ed4ceabd8a559cb30c,66,,EEFF,Chilevisión,2024-12-31,estados financieros
Chilevisión,95049,articles-95049_recurso_1.zip,data/raw/pdf/Chilevisión/95049/2025050383970_0 (1).pdf,9a67edd5721044e9e51b53e8f2424933c42f8cd8f261373a2b6ee2ec29206abf,1,,analisis_razonado,Chilevisión,2025-03-31,senor
Chilevisión,95049,articles-95049_recurso_1.zip,data/raw/pdf/Chilevisión/95049/2025050383970_1.pdf,09b18291af9590493fac586948b482002efda13d7f60d75d6ba53b970d62833f,62,,EEFF,Chilevisión,2025-03-31,estados financieros
Chilevisión,95049,articles-95049_recurso_1.zip,data/raw/pdf/Chilevisión/95049/2025050383970_2.pdf,8526e5da3a35c029bb0ac8f1cf3d1cca71899bf5492ae82e1a9b3443768a07a2,7,,analisis_razonado,,2025-03-31,analisis razonado
Chilevisión,95049,articles-95049_recurso_1.zip,data/raw/pdf/Chilevisión/95049/2025050383970_3.pdf,7822b03fd0c1f9d86ec48aca59c8808a41a1b63d27a413e341aa3c611ab4ecf3,1,,sin_texto,,,
Chilevisión,95049,articles-95049_recurso_1.zip,data/raw/pdf/Chilevisión/95049/2025050383970_4.pdf,95e6d4fee71b3788dd13ceb476f869b212e01584ace291f83815fa42e183f41f,1,,hechos_esenciales,Chilevisión,2025-03-31,anexo hechos relevantes
Chilevisión,98825,articles-98825_recurso_1.zip,data/raw/pdf/Chilevisión/98825/2025090626894_0.pdf,e5ac727bd69d4891b0a9f34b1961937f512ce673bb6df3abef80d97c7476c055,1,,analisis_razonado,Chilevisión,2025-06-30,senor
Chilevisión,98825,articles-98825_recurso_1.zip,data/raw/pdf/Chilevisión/98825/2025090626894_1.pdf,a2a426abcdea62dcb38e5cb153b739c9183fd0b2c3fb1455c858ec6faedcbd99,58,,EEFF,Chilevisión,2025-06-30,estados financieros
Chilevisión,98825,articles-98825_recurso_1.zip,data/raw/pdf/Chilevisión/98825/2025090626894_2.pdf,2757f14d82edea5f57885c6b2b47acec72ce4fb87ec4dc98b72051d3104cd65b,1,,sin_texto,,,
Chilevisión,98825,articles-98825_recurso_1.zip,data/raw/pdf/Chilevisión/98825/2025090626894_3.pdf,7a1ac1d045b7141a969028d5b3017d502dc57af030aa8918d73211f26a0e5df4,1,,hechos_esenciales,Chilevisión,2025-06-30,anexo hechos relevantes
Chilevisión,98825,articles-98825_recurso_1.zip,data/raw/pdf/Chilevisión/98825/2025090626894_4.pdf,b1df55fb6d8f5d549ff1516a60e9a8f154390617bdbc454518a1f98095d913a6,7,,analisis_razonado,,2025-06-30,analisis razonado
TVN,,1-Estados-Financieros-TVN-032025.pdf,data/raw/pdf/TVN/1-Estados-Financieros-TVN-032025/1-Estados-Financieros-TVN-032025.pdf,f46a999e10f0e47f4e85124abdbb1659d7e08d5270296c2980d5fd4030be6846,50,,EEFF,TVN,2025-03-31,television nacional de chile
TVN,,2024-03-Estados-Financieros-TVN.pdf,data/raw/pdf/TVN/2024-03-Estados-Financieros-TVN/2024-03-Estados-Financieros-TVN.pdf,fda0450b7fe53f5fcd5e282dbb36d88f2c94b4cae2cd49ab956a6ab988e7ffce,50,,EEFF,TVN,2024-03-31,television nacional de chile
TVN,,2024-06-Estados-Financieros-TVN.pdf,data/raw/pdf/TVN/2024-06-Estados-Financieros-TVN/2024-06-Estados-Financieros-TVN.pdf,9a387acf8b8a5d23a29483e625f852f4e834ec4232290cf262d548334c16d082,51,,EEFF,TVN,2024-06-30,television nacional de chile
TVN,,2024-09-Estados-Financieros-TVN.pdf,data/raw/pdf/TVN/2024-09-Estados-Financieros-TVN/2024-09-Estados-Financieros-TVN.pdf,a1ad31629b1b37f7f32e6dd4e4168f0a88fc147cf77e26e1651e7b17efde9221,50,,EEFF,TVN,2024-09-30,television nacional de chile
TVN,,816898005_eef_0919_libro.pdf,data/raw/pdf/TVN/816898005_eef_0919_libro/816898005_eef_0919_libro.pdf,feee0f25826d08a06463d8171e9dea7e7ee713d7bd74dae0290c283a240656ee,71,,EEFF,TVN,2019-09-30,television nacional de chile
TVN,,Estados Financieros TVN al 06-2026.pdf,data/raw/pdf/TVN/Estados Financieros TVN al 06-2026/Estados Financieros TVN al 06-2026.pdf,1da56d374fbe24fd4a5321a973c431d72a4dc0df3a0fb3f6e4490d6ac306007e,70,,EEFF,TVN,2026-06-30,television nacional de chile
TVN,,Estados-Financieros-TVN-03-2026.pdf,data/raw/pdf/TVN/Estados-Financieros-TVN-03-2026/Estados-Financieros-TVN-03-2026.pdf,1a932aef46e3cccadd7628f9a9e56534477ab195734d180c3bd4adf291b039e1,67,,EEFF,TVN,2026-03-31,television nacional de chile
TVN,,Estados-Financieros-TVN-31-12-2024.pdf,data/raw/pdf/TVN/Estados-Financieros-TVN-31-12-2024/Estados-Financieros-TVN-31-12-2024.pdf,1aeff1c2065e64b1afca557e28963f142a29c61edca8e3495ff24cc47119faab,67,,EEFF,TVN,2024-12-31,television nacional de chile
TVN,,Estados-Financieros-TVN-31-12-2025.pdf,data/raw/pdf/TVN/Estados-Financieros-TVN-31-12-2025/Estados-Financieros-TVN-31-12-2025.pdf,2ca26bbbd6707a091fa2905a54ad87c2ade013e5ce0161dd50950d2f945bb8f6,72,,EEFF,TVN,2025-12-31,television nacional de chile
TVN,,Estados-Financieros-TVN-junio-2025.pdf,data/raw/pdf/TVN/Estados-Financieros-TVN-junio-2025/Estados-Financieros-TVN-junio-2025.pdf,bccd270754a6d8de8b7eea54b302ea369c6055b10fd445d6af403d148e496b74,68,,EEFF,TVN,2025-06-30,television nacional de chile
TVN,,estados_financieros_2018.pdf,data/raw/pdf/TVN/estados_financieros_2018/estados_financieros_2018.pdf,ac2605111ffebae9c04f205230b0d4c8ddbd9042ed138341b7ebccb1d0587c95,75,S,EEFF,TVN,,e
TVN,,Estados_Financieros_TVN-30_09_2025.pdf,data/raw/pdf/TVN/Estados_Financieros_TVN-30_09_2025/Estados_Financieros_TVN-30_09_2025.pdf,909d944335c408045eb5e08bb7dbf0cdd6b903683eb110e87175fe44c9486171,66,,EEFF,TVN,2025-09-30,television nacional de chile
TVN,,Estados_Financieros_TVN2017.pdf,data/raw/pdf/TVN/Estados_Financieros_TVN2017/Estados_Financieros_TVN2017.pdf,05f32aa70c52ed6deb5c61e6e18dba7d8f5c860bb31e5bf1c7f0f480c24df630,39,,otro,TVN,,el
TVN,,fecu dic 2019 libro.pdf,data/raw/pdf/TVN/fecu dic 2019 libro/fecu dic 2019 libro.pdf,00898d94bbfbe022ac3c559074ee08e09c5e0b2062de959e3871b20a00b6b460,70,,EEFF,TVN,2019-12-31,television nacional de chile
TVN,,FECU-dic-2023.pdf,data/raw/pdf/TVN/FECU-dic-2023/FECU-dic-2023.pdf,ab320d7790180290d49049838dd6e5e080ad0b85df158d9a4c38c5737b7e724f,71,,EEFF,TVN,2023-12-31,television nacional de chile
TVN,,fecu-septiembre-2020.pdf,data/raw/pdf/TVN/fecu-septiembre-2020/fecu-septiembre-2020.pdf,6ca055766b8e57cc7b727fefa5001e97fe2cd7b0d02987b5b976e38f06120bf5,65,,EEFF,TVN,2020-09-30,television nacional de chile
TVN,,fecu-tvn-06-2020-LIBRO.pdf,data/raw/pdf/TVN/fecu-tvn-06-2020-LIBRO/fecu-tvn-06-2020-LIBRO.pdf,4f29aa428f9f2565f072ac7e73d75973c66b45c217019e268de1030f917725b0,74,,EEFF,TVN,2020-06-30,television nacional de chile
TVN,,fecu_03_21_libro.pdf,data/raw/pdf/TVN/fecu_03_21_libro/fecu_03_21_libro.pdf,7b55a86fec3ab3ac39e926b00948d58158db95d5e645ea8608117f4985b9dfa1,68,,EEFF,TVN,2021-03-31,television nacional de chile
TVN,,fecu_06_2018_libro.pdf,data/raw/pdf/TVN/fecu_06_2018_libro/fecu_06_2018_libro.pdf,5f1cca4057479c3cc4f2e55c0b61acae55d510716614b3a70ea769e0039f7d85,81,,EEFF,TVN,2018-06-30,television nacional de chile
TVN,,fecu_dic_2017_libro.pdf,data/raw/pdf/TVN/fecu_dic_2017_libro/fecu_dic_2017_libro.pdf,09e087bb7732e2f7344da1c39ed19ab893f3e30a05313449bacd26f03bf20ca8,79,,EEFF,TVN,2017-12-31,television nacional de chile
TVN,,fecu_jun_2017_libro.pdf,data/raw/pdf/TVN/fecu_jun_2017_libro/fecu_jun_2017_libro.pdf,38d949f4fca1dddfd3f515b12d0fae1f18987eb6c0fb269eb8f33edf43bbaeca,78,,EEFF,TVN,2017-06-30,television nacional de chile
TVN,,fecu_mar_2017_libro.pdf,data/raw/pdf/TVN/fecu_mar_2017_libro/fecu_mar_2017_libro.pdf,48f85057fa75dff635fb74eb9424a02ab22206063e3e19677907cb59f790c3d3,76,,EEFF,TVN,2017-03-31,television nacional de chile
TVN,,fecu_mar_2018_libro.pdf,data/raw/pdf/TVN/fecu_mar_2018_libro/fecu_mar_2018_libro.pdf,a4c02ffed0809c99562fe4bda3eff7002bfb83c095febf860fb3c19e5fc3ebe0,78,,EEFF,TVN,2018-03-31,television nacional de chile
TVN,,fecu_sep_2017_libro.pdf,data/raw/pdf/TVN/fecu_sep_2017_libro/fecu_sep_2017_libro.pdf,7efdbe3a4e6a8c117c1478060c40312764b063c90c10702d7e222ceaba2bfc15,78,,EEFF,TVN,2017-09-30,television nacional de chile
TVN,,FECU_TVN_0319_LIBRO.pdf,data/raw/pdf/TVN/FECU_TVN_0319_LIBRO/FECU_TVN_0319_LIBRO.pdf,f9f6e5fdb9a50110e242f2ab0da15e44af656e38b83c8f6e21638108004f96a4,78,,EEFF,TVN,2019-03-31,television nacional de chile
TVN,,fecu_tvn_09_2018_libro.pdf,data/raw/pdf/TVN/fecu_tvn_09_2018_libro/fecu_tvn_09_2018_libro.pdf,fec2af51fd3718aa9bdcf136a8988f0e235cc6f7a814a3bae6bb047ec6477236,75,,EEFF,TVN,2018-09-30,television nacional de chile
TVN,,Fecu_tvn_2022_dec.pdf,data/raw/pdf/TVN/Fecu_tvn_2022_dec/Fecu_tvn_2022_dec.pdf,e9c4cc51ee6fa8ff94a338961aae447657ed5a8b0b057976e367d0012ff43640,71,,EEFF,TVN,2022-12-31,television nacional de chile
TVN,,Fecu_tvn_dic_18_libro.pdf,data/raw/pdf/TVN/Fecu_tvn_dic_18_libro/Fecu_tvn_dic_18_libro.pdf,c586fb9d8655d0d885001859a6cbb098aff8f1167d1e1de53664722551527032,83,,EEFF,TVN,2018-12-31,television nacional de chile
TVN,,FECUTVN03_2022.pdf,data/raw/pdf/TVN/FECUTVN03_2022/FECUTVN03_2022.pdf,e330e5f27dd7e5746c46027b2dc170358f78b6e3172f3c8aa06413a5146bfffd,67,,EEFF,TVN,2022-03-31,television nacional de chile
TVN,,fecutvnjunio2022.pdf,data/raw/pdf/TVN/fecutvnjunio2022/fecutvnjunio2022.pdf,1049fe2e04ab994613f31d052a3a7b8fde578ee16cb2e2198253cea06035bbf3,71,,EEFF,TVN,2022-06-30,television nacional de chile
TVN,,FECUTVNLIBROJUNIO2021.pdf,data/raw/pdf/TVN/FECUTVNLIBROJUNIO2021/FECUTVNLIBROJUNIO2021.pdf,0fff5835d9edd0953c1ac8b73feb6c2b31240abb9abccb609102aea5fae25240,72,,EEFF,TVN,2021-06-30,television nacional de chile
TVN,,Libro-TVN-03-2020.pdf,data/raw/pdf/TVN/Libro-TVN-03-2020/Libro-TVN-03-2020.pdf,bddc88fb2139582fa6e4fdad05b7e435f330193ec355e3912149bc92e6f3b88c,68,,EEFF,TVN,2020-03-31,television nacional de chile
TVN,,Libro_81689800-5-blce-06-2019.pdf,data/raw/pdf/TVN/Libro_81689800-5-blce-06-2019/Libro_81689800-5-blce-06-2019.pdf,603f7973b655a46d69072d52e7b53ffbfa145db365920bf2dcda81f8928b044b,79,,EEFF,TVN,2019-06-30,television nacional de chile
TVN,,LIBRO_EEFF-09-2021.pdf,data/raw/pdf/TVN/LIBRO_EEFF-09-2021/LIBRO_EEFF-09-2021.pdf,dabf27e693311dd987c080ddf5b1f5b521e234c048307913be69f69aa6c9295c,69,,EEFF,TVN,2021-09-30,television nacional de chile
TVN,,LIBRO_EEFF_032023_816898005.pdf,data/raw/pdf/TVN/LIBRO_EEFF_032023_816898005/LIBRO_EEFF_032023_816898005.pdf,57bf32ff46fefa967cf19cf4c1f72ea5635c7ef3ee6427afeb0d37241e78b115,67,,EEFF,TVN,2023-03-31,television nacional de chile
TVN,,LIBRO_EEFF_816898005_09_23.pdf,data/raw/pdf/TVN/LIBRO_EEFF_816898005_09_23/LIBRO_EEFF_816898005_09_23.pdf,f80882ce683368614a531f497e41db07ae630f219c7abe085b9e68918c76f515,65,,EEFF,TVN,2023-09-30,television nacional de chile
TVN,,Libro_FECU_30_06_2023.pdf,data/raw/pdf/TVN/Libro_FECU_30_06_2023/Libro_FECU_30_06_2023.pdf,c3a35c781da00bcebd636d9bb91e5f7c7fe4cfaa58eb87fcb32009493aa9b52b,68,,EEFF,TVN,2023-06-30,television nacional de chile
TVN,,LIBRO_FECU_TVN_09_22.pdf,data/raw/pdf/TVN/LIBRO_FECU_TVN_09_22/LIBRO_FECU_TVN_09_22.pdf,a35fa308e899d05086db1ec5bcad6bf96289162208721b873cdd279112729da1,67,,EEFF,TVN,2022-09-30,television nacional de chile
TVN,,Librodic2021 81689800_eeff_aud.pdf,data/raw/pdf/TVN/Librodic2021 81689800_eeff_aud/Librodic2021 81689800_eeff_aud.pdf,6693e1d0cef56d027b0c7dc17fb21a9205014a8d6a3675e3476703f78f732f57,72,,EEFF,TVN,2020-12-31,television nacional de chile
TVN,,LIBROFECUTVNDIC2021.pdf,data/raw/pdf/TVN/LIBROFECUTVNDIC2021/LIBROFECUTVNDIC2021.pdf,4ca4d21b1a23f221acd4c40ad836530add86fcb6a3c923c905d28bcfa3ddd1dd,72,,EEFF,TVN,2021-12-31,television nacional de chile
La Red,101640,articles-101640_recurso_1.zip,data/raw/pdf/La Red/101640/Declaracion de responsabilidad.pdf,49f594b3dc6f7c9eb9277d88508d8fb68aa791be1781e469a7d170469682f91d,1,,declaracion,La Red,2025-09-30,pagina: 1 de 1
La Red,101640,articles-101640_recurso_1.zip,data/raw/pdf/La Red/101640/Estados financieros.pdf,757b19dad2428ce9867c7bf4d277da6da282b1827fcf3aa59e1f4ee1458296f0,49,,EEFF,La Red,2025-09-30,estados financieros
La Red,101640,articles-101640_recurso_1.zip,data/raw/pdf/La Red/101640/Analisis razonado.pdf,fb83d1371cc6234e0900c425dba21a51cd5330d53e16655cafcc0d83567d632f,2,,analisis_razonado,La Red,2025-09-30,compania chilena de television s.a.
La Red,101640,articles-101640_recurso_1.zip,data/raw/pdf/La Red/101640/Carta conductora.pdf,f6146f28f23927a5d2a829fc28698954efcb73724d8422dc808ddcf459ab1d8d,1,,analisis_razonado,La Red,2025-09-30,"santiago, 28 de septiembre de 2025"
La Red,110595,articles-110595_recurso_1.zip,data/raw/pdf/La Red/110595/2026050319078_2.pdf,b98d54f7c903c7e871997d742361aa659260d5bf740847e84609edc0610604f3,3,,analisis_razonado,La Red,2025-12-31,compania chilena de television s.a.
La Red,110595,articles-110595_recurso_1.zip,data/raw/pdf/La Red/110595/2026050319078_3.pdf,71fa3c38b4d2cf1a1839fa000b2ec4b343dcb91aa5a10be2dc7f41de101e4e46,1,,analisis_razonado,La Red,2025-12-31,"santiago, 22 de abril de 2026"
La Red,110595,articles-110595_recurso_1.zip,data/raw/pdf/La Red/110595/2026050319078_0.pdf,ff7c88f3f799a8d78b9510fee6a93691c0765bb7928ac03cc398b712df66a50a,1,,declaracion,La Red,2025-12-31,declaracion de responsabilidad
La Red,110595,articles-110595_recurso_1.zip,data/raw/pdf/La Red/110595/2026050319078_1.pdf,c00a67b07e55a6b0a0e6796de4cd2298fde6cb35458542ffb28cac9252cf3096,52,,EEFF,La Red,2025-12-31,estados financieros
La Red,113715,articles-113715_recurso_1.zip,data/raw/pdf/La Red/113715/2026090587585-0.pdf,be4e4b8da59ff4e827d022f16e269593b592710bf2255ee34fb6f9133940f0d8,1,,analisis_razonado,La Red,2026-06-30,"santiago, 08 de septiembre de 2026"
La Red,113715,articles-113715_recurso_1.zip,data/raw/pdf/La Red/113715/2026090587585-1.pdf,24a2af2c9a81d64deeb9f21f1ccc539b98fa95773d2c5316df6bd69baaae11df,1,,declaracion,La Red,2026-06-30,declaracion de responsabilidad
La Red,113715,articles-113715_recurso_1.zip,data/raw/pdf/La Red/113715/2026090587585-2.pdf,0e6bb52b9d9d964ac91d35e3da7b88bc162a5891f1069aaad9e9771059deaf3d,53,,EEFF,La Red,2026-06-30,compania chilena de television s.a.
La Red,113715,articles-113715_recurso_1.zip,data/raw/pdf/La Red/113715/2026090587585-3.pdf,09e0596b6a799448fd49277e70f6376ce045879b782163096017ed83f7299217,3,,analisis_razonado,,2026-06-30,analisis razonado
La Red,113718,articles-113718_recurso_1.zip,data/raw/pdf/La Red/113718/2026080530731-0.pdf,4fa4be9c935958a822d6f426005bec6a48cfab2c0154f80a1020ae0a15564562,1,,analisis_razonado,La Red,,"santiago, 13 de agosto de 2026"
La Red,113718,articles-113718_recurso_1.zip,data/raw/pdf/La Red/113718/2026080530731-1.pdf,54d8d4e0ebbf18a091fce12988a1d0bb0e4f106deea5b653039b170801322743,1,,declaracion,La Red,2026-03-31,declaracion de responsabilidad
La Red,113718,articles-113718_recurso_1.zip,data/raw/pdf/La Red/113718/2026080530731-2.pdf,2197df360a42bb485b64a9695f728ef9e71dd2e1f8a28a7b7b625556b28d8db0,49,,EEFF,La Red,2026-03-31,estados financieros
La Red,113718,articles-113718_recurso_1.zip,data/raw/pdf/La Red/113718/2026080530731-3.pdf,080a81b4ab8a8aecb4cfc0b3fd372f9b85901d03ea829847a518802212fe9884,3,,analisis_razonado,La Red,2026-03-31,compania chilena de television s.a.
La Red,28528,articles-28528_recurso_1.pdf,data/raw/pdf/La Red/28528/articles-28528_recurso_1.pdf,6b76172702d2b28bb6fd6bd03541fdbe322bfc7c3dbc49febabd3a072b8d7ea9,52,S,EEFF,La Red,2019-12-31,junto a ti
La Red,29050,articles-29050_recurso_1.zip,data/raw/pdf/La Red/29050/2020050177661.pdf,5249fcdc4bc872af74bf4be28a6186e80979a151bebb5c726e19e8e19a1e0a37,1,,sin_texto,,,
La Red,29050,articles-29050_recurso_1.zip,data/raw/pdf/La Red/29050/2020050177661_1.pdf,4e12ad8365a46f83a528d0c31ddf40a71fd08b4f2110499475c195933d1d8ba9,2,,analisis_razonado,La Red,2020-03-31,compania chilena de television s.a.
La Red,29050,articles-29050_recurso_1.zip,data/raw/pdf/La Red/29050/2020050177661_2.pdf,35bc4899931f3619a51b1619ebdfcb5470b145b6c2fa5b947a086e725874b52a,47,S,EEFF,La Red,2020-03-31,pagina: 1 de 1
La Red,29082,articles-29082_recurso_1.pdf,data/raw/pdf/La Red/29082/articles-29082_recurso_1.pdf,2d640b83b735e0f9785e3913defdc12b02e7e1ec6f7b564d12ae95301fccefc4,49,S,EEFF,La Red,2017-12-31,na que ver
La Red,29820,articles-29820_recurso_1.zip,data/raw/pdf/La Red/29820/1.pdf,4c3afa821acf66015bb230cecaf9cc12e68fe703c78b7f0332ac354e8d870713,1,,sin_texto,,,
La Red,29820,articles-29820_recurso_1.zip,data/raw/pdf/La Red/29820/2.pdf,a730e6b0aa86fc09142f4f86936a2cefe788f0d9c5c8950c87ebf07748a72809,2,,analisis_razonado,La Red,2020-06-30,compania chilena de television s.a.
La Red,29820,articles-29820_recurso_1.zip,data/raw/pdf/La Red/29820/3.pdf,37c76067ec134a992d16e40ea263f9601ea1f1de031c918dd94d785c7add50ee,49,S,EEFF,La Red,2020-06-30,pagina: 1 de 1
La Red,38814,articles-38814_recurso_1.zip,data/raw/pdf/La Red/38814/2020110486093_0.pdf,731459926086602ccf2e9369d91b83b1d4cf89a61d6ac6d382a0d94978d6f1ee,1,,sin_texto,,,
La Red,38814,articles-38814_recurso_1.zip,data/raw/pdf/La Red/38814/2020110486093_1.pdf,00eebad0c7066d7a34caf8a03792ddaced355d899715ae815ae5c45d65f5d74d,1,,sin_texto,,,
La Red,38814,articles-38814_recurso_1.zip,data/raw/pdf/La Red/38814/2020110486093_2.pdf,a6bedb8f78ffe75a770b1df608f90727aada1074856b306402c82e98133260e4,2,,analisis_razonado,La Red,2020-09-30,compania chilena de television s.a.
La Red,38814,articles-38814_recurso_1.zip,data/raw/pdf/La Red/38814/2020110486093_3.pdf,019dbe759c712f4d1301cde9aee45dd99a3112f5d506bd9f0570c499408a59d4,46,,EEFF,La Red,2020-09-30,estados financieros
La Red,47351,articles-47351_recurso_1.zip,data/raw/pdf/La Red/47351/2021030120869_0.pdf,f733ac43b5ca94a3af1a9d62997262b7faedb425db9de92d18a39b8884df6592,1,,sin_texto,,,
La Red,47351,articles-47351_recurso_1.zip,data/raw/pdf/La Red/47351/2021030120869_1.pdf,70e44158dc6c689d19c42334bcc298959921de085ada0fed337ca6c7ee4c2d45,47,,EEFF,La Red,2020-12-31,estados financieros
La Red,47351,articles-47351_recurso_1.zip,data/raw/pdf/La Red/47351/2021030120869_2.pdf,4247da1db00a47723e725993423250d96e76624475de759c736737da521a0513,2,,analisis_razonado,La Red,2020-12-31,compania chilena de television s.a.
La Red,47351,articles-47351_recurso_1.zip,data/raw/pdf/La Red/47351/2021030120869_3.pdf,cb894a11448aa226df862f81649a33d5f7ac06216a65ccdcf269003c780eefe5,1,,sin_texto,,,
La Red,47715,articles-47715_recurso_1.zip,data/raw/pdf/La Red/47715/2021050210171_0.pdf,da6d49e753638715bee21bc0eac7520d1a502dc97e342500d0a65903c0bf3868,1,,sin_texto,,,
La Red,47715,articles-47715_recurso_1.zip,data/raw/pdf/La Red/47715/2021050210171_1.pdf,8566dc3735680f6478359782e69913a142b4a6effff5eeb8f9ea5c57595dd497,2,,analisis_razonado,La Red,2021-03-31,compania chilena de television s.a.
La Red,47715,articles-47715_recurso_1.zip,data/raw/pdf/La Red/47715/2021050210171_2.pdf,371113e486a86d5ad7fe949f4835ebfd54e780f238082bfef80e4fa852ad355f,45,,EEFF,La Red,2021-03-31,estados financieros
La Red,47715,articles-47715_recurso_1.zip,data/raw/pdf/La Red/47715/2021050210171_3.pdf,18e9926368e50c45ce65aa563f7feadcec20b280e2f8003a72f2bbeb4e11d85b,1,,sin_texto,,,
La Red,49398,articles-49398_recurso_1.zip,data/raw/pdf/La Red/49398/2021090375853_0.pdf,a86b8f53ed6195d7c7a22d6b6da1598b7495ad01703b63ea9665e77d4e0cff59,1,,analisis_razonado,La Red,2021-06-30,"santiago,7 de septiembre de 2021"
La Red,49398,articles-49398_recurso_1.zip,data/raw/pdf/La Red/49398/2021090375853_1.pdf,7782a26835a8ed67f34b747d466cf5e3b6e4492ac8c1dfc0e0065b78a2b877f3,1,,declaracion,,2021-06-30,pagina: 1 de 1
La Red,49398,articles-49398_recurso_1.zip,data/raw/pdf/La Red/49398/2021090375853_2.pdf,08f1e9dfe0b1908d669c5adf4e4b81335dcffebef567f10f70a9070d59cdbd99,47,,EEFF,La Red,2021-06-30,estados financieros
La Red,49398,articles-49398_recurso_1.zip,data/raw/pdf/La Red/49398/2021090375853_3.pdf,220e299280b979067ca01014684596529e6ce58363469e8403fff5506fb0b1cb,2,,analisis_razonado,La Red,2021-06-30,compania chilena de television s.a.
La Red,49905,articles-49905_recurso_1.zip,data/raw/pdf/La Red/49905/2021110476849_0.pdf,98393cbaceee85d98b8e424e10500de324bfbcf303d8f58c804a2c920606d020,1,,analisis_razonado,La Red,2021-09-30,"santiago,12 de noviembre de 2021"
La Red,49905,articles-49905_recurso_1.zip,data/raw/pdf/La Red/49905/2021110476849_1.pdf,d65964a306a2a8ac532e4e86c7cc828bac0fbcf9acbffd9a236e96db3e906f08,1,,declaracion,,2021-09-30,pagina: 1 de 1
La Red,49905,articles-49905_recurso_1.zip,data/raw/pdf/La Red/49905/2021110476849_2.pdf,9b32d3e3121ae2d12ef1aa42bcb5c243bc7312bd233aedf47d9405dd4314d887,45,,EEFF,La Red,2021-09-30,estados financieros
La Red,49905,articles-49905_recurso_1.zip,data/raw/pdf/La Red/49905/2021110476849_3.pdf,6649aa3d18bdcab307db8061d6656efe478447ed473bafd1de35b6726a9387ee,2,,analisis_razonado,La Red,2021-09-30,compania chilena de television s.a.
La Red,50694,articles-50694_recurso_1.zip,data/raw/pdf/La Red/50694/Analisis razonado 12-2021.pdf,000a33d4cf7cfc94a0dc1f7e1659d29caf43005f2491ffc37ab6a849fc52627d,2,,sin_texto,,,
La Red,50694,articles-50694_recurso_1.zip,data/raw/pdf/La Red/50694/Caratula FECU 12-2021.pdf,20263facc6434b1d5b110dd5e3e0d199b888197e83804fd795231a1409046a3f,1,,sin_texto,,,
La Red,50694,articles-50694_recurso_1.zip,data/raw/pdf/La Red/50694/Carta Conductora FECU.pdf,786b90975d8240c9cfb3c66c15d15ba47652f7202146df4b5250999ef0946f14,1,,sin_texto,,,
La Red,50694,articles-50694_recurso_1.zip,data/raw/pdf/La Red/50694/Estados Financieros.pdf,a5ab7d722e409680984084a52ebcecafdde4453d9ebf8d9b4efb8784f026980b,47,S,EEFF,La Red,2021-12-31,estados financieros
La Red,51267,articles-51267_recurso_1.zip,data/raw/pdf/La Red/51267/Analisis razonado 03-2022.pdf,9a33137bec859cdce370b756ec8eda10ec9d6a8307dd8bcb105923c804b8b69e,2,,analisis_razonado,La Red,2022-03-31,compania chilena de television s.a.
La Red,51267,articles-51267_recurso_1.zip,data/raw/pdf/La Red/51267/Carta Conductora Cia Chilena de Television SA.pdf,bd57ae0e3e7d6e06f252b5ba99375d8d788b38fd597d13e587e67d7b9f638826,1,,analisis_razonado,,2022-03-31,"santiago, 30 de mayo de 2022"
La Red,51267,articles-51267_recurso_1.zip,data/raw/pdf/La Red/51267/DECLARACION RESPONSABILIDAD.pdf,a31dc439c2b4177d75dac0f68af6380a5a44bf0a56f587d112d527eb84e73d82,1,,declaracion,La Red,2022-03-31,pagina: 1 de 1
La Red,51267,articles-51267_recurso_1.zip,data/raw/pdf/La Red/51267/ESTADOS FINANCIEROS.pdf,8beb29a66a677200b771aa667f176bb69d66ee16fe6edc6659bea6c95f152ba8,45,,EEFF,La Red,2022-03-31,estados financieros
La Red,53287,articles-53287_recurso_1.zip,data/raw/pdf/La Red/53287/2022090358063_0.pdf,d7c42b2bc851a273dafd823ab160db084eeb3224d008e7487dae6591b23fb732,1,,analisis_razonado,,2022-06-30,"santiago, 12 de septiembre de 2022"
La Red,53287,articles-53287_recurso_1.zip,data/raw/pdf/La Red/53287/2022090358063_1.pdf,976ecb0de5df126e17429e82f44f366f8e34b3a0fb6f1579c1125519e9ccea49,1,,sin_texto,,,
La Red,53287,articles-53287_recurso_1.zip,data/raw/pdf/La Red/53287/2022090358063_2.pdf,838f73a065d6063aba77ba9fe119155df6356bce64befe54fef18e6344ebe401,2,,analisis_razonado,La Red,2022-06-30,compania chilena de television s.a.
La Red,53287,articles-53287_recurso_1.zip,data/raw/pdf/La Red/53287/2022090358063_3.pdf,0e865a56f8a0cf962a8a6b68dd4f1ef7ef5d4b43195cf00a459efe3331d01ebf,47,,EEFF,La Red,2022-06-30,estados financieros
La Red,57119,articles-57119_recurso_1.zip,data/raw/pdf/La Red/57119/2022110454862.pdf,56874d3f311ee52fe9884d9a861c721b5b5fa45d492193c87ae6e1819dfc1ab1,1,,analisis_razonado,,2022-09-30,"santiago, 29 de noviembre de 2022"
La Red,57119,articles-57119_recurso_1.zip,data/raw/pdf/La Red/57119/2022110454862_0.pdf,41b92b27b56bf741f0c2f093f1a8cbfe38991c02173d79bfba0669debd7caf9a,2,,analisis_razonado,La Red,2022-09-30,compania chilena de television s.a.
La Red,57119,articles-57119_recurso_1.zip,data/raw/pdf/La Red/57119/2022110454862_1.pdf,dc9c2af48e920fbd8efcd2a6b07bfd7f21d5f42c2ef86717b425f1f1715331fc,46,,EEFF,La Red,2022-09-30,estados financieros
La Red,57119,articles-57119_recurso_1.zip,data/raw/pdf/La Red/57119/2022110454862_3.pdf,be48d1a07ec79cbebff65daa06c39d60b2adf8543798e5e19db09eb0b599a66c,1,,sin_texto,,,
La Red,72570,articles-72570_recurso_1.zip,data/raw/pdf/La Red/72570/2023110499561_0.pdf,0960b057a456e2597e448cdc784f0f0c01605d308d7cdf1811d9e45f5a85fcbe,1,,analisis_razonado,La Red,2022-12-31,"santiago, 21 de noviembre de 2023"
La Red,72570,articles-72570_recurso_1.zip,data/raw/pdf/La Red/72570/2023110499561_1.pdf,1ca00410159f7472d7de830a049408799b50bbbd34248e2b6264fb1efdc4a2eb,3,,analisis_razonado,La Red,2022-12-31,compania chilena de television s.a.
La Red,72570,articles-72570_recurso_1.zip,data/raw/pdf/La Red/72570/2023110499561_2.pdf,aac9af5fc34bf5ced1944a0ddd24912dc68a3c18a2504b8545fe7429847c1237,1,,sin_texto,,,
La Red,72570,articles-72570_recurso_1.zip,data/raw/pdf/La Red/72570/2023110499561_3.pdf,d7db8d0f4d742c2ef90e73f53efd16c6ba812ab693d2bac8fd14cfc45eeef5fe,52,,EEFF,La Red,2022-12-31,estados financieros
La Red,76623,articles-76623_recurso_1.zip,data/raw/pdf/La Red/76623/2023120563000_0 (1).pdf,fcea413034f9cf568c2c63a8d4387581c88fd9aa645571b911996335a21bac50,1,,analisis_razonado,La Red,2023-03-31,"santiago, 20 de diciembre de 2023"
La Red,76623,articles-76623_recurso_1.zip,data/raw/pdf/La Red/76623/2023120563000_1 (1).pdf,622ebe115d854d2c4cbc74fc03440f71cbff81305241f0600eb7c2874e5edb96,1,,sin_texto,,,
La Red,76623,articles-76623_recurso_1.zip,data/raw/pdf/La Red/76623/2023120563000_2 (1).pdf,b3b7ac1f5d0b6f8d649eea38ccb9ea9d328501762d9899911dbc5554d5011079,2,,analisis_razonado,La Red,2023-03-31,compania chilena de television s.a.
La Red,76623,articles-76623_recurso_1.zip,data/raw/pdf/La Red/76623/2023120563000_3 (1).pdf,1436f6ad2d9f0a2c24888d5e209fd7bd6d632f7c21874bb42a1fa2e3bd32eaa6,49,,EEFF,La Red,2023-03-31,estados financieros
La Red,78503,articles-78503_recurso_1.zip,data/raw/pdf/La Red/78503/2024020089846_0.pdf,14f41cbd8e573327003d009d34f07460032cef1ba7beb912af44400ba8a749a9,1,,analisis_razonado,La Red,2023-06-30,"santiago, 07 de febrero de 2024"
La Red,78503,articles-78503_recurso_1.zip,data/raw/pdf/La Red/78503/2024020089846_1.pdf,2ceb891a1bd289d554737b6c7e59836cb34b6a5aced69d2c97e8193e5ff8d11c,1,,sin_texto,,,
La Red,78503,articles-78503_recurso_1.zip,data/raw/pdf/La Red/78503/2024020089846_2.pdf,f29b3dfb8e74bb6635492bcf4668a695dd35fa56bb9cbb2d9d869e22811d3343,51,,EEFF,La Red,2023-06-30,estados financieros
La Red,78503,articles-78503_recurso_1.zip,data/raw/pdf/La Red/78503/2024020089846_3.pdf,55576689b367b6a1b1dfd2f13a728e720dd27271516bf08d41d155929ddbc8ab,2,,analisis_razonado,La Red,2023-06-30,compania chilena de television s.a.
La Red,79938,articles-79938_recurso_1.zip,data/raw/pdf/La Red/79938/2024030171021_0.pdf,60828ff40954c13e3349b0f196bfb86e7759a5bddd9cffd43f53ad41df089beb,1,,analisis_razonado,La Red,2023-09-30,"santiago, 20 de marzo de 2024"
La Red,79938,articles-79938_recurso_1.zip,data/raw/pdf/La Red/79938/2024030171021_1.pdf,cad573f95737c34ad224a43f31d525d3cd40965d677b3bd3f3a5847d8d36dd21,49,,EEFF,La Red,2023-09-30,estados financieros
La Red,79938,articles-79938_recurso_1.zip,data/raw/pdf/La Red/79938/2024030171021_2.pdf,5c7c3e9e2c3b721deaacd14a620f9c33923ec9357a13a236e140a2347af0912b,2,,analisis_razonado,La Red,2023-09-30,compania chilena de television s.a.
La Red,79938,articles-79938_recurso_1.zip,data/raw/pdf/La Red/79938/2024030171021_3.pdf,816069072df0ce83a2698b18b23f0664677ab46bef1c3811990bca9c44bc9718,1,,declaracion,La Red,2023-09-30,pagina: 1 de 1
La Red,80608,articles-80608_recurso_1.zip,data/raw/pdf/La Red/80608/Analisis razonado.pdf,10bf0c71039a66548d64465332263dc88dc0552562b49a8cf1ddfe5aa3e0400a,2,,analisis_razonado,La Red,2023-12-31,compania chilena de television s.a.
La Red,80608,articles-80608_recurso_1.zip,data/raw/pdf/La Red/80608/Carta conductora.pdf,3559b9bdf1ddc947f0c7cb1c1953d3cf7eed5d4309bcee0dfb1091ac0f6e9148,1,,analisis_razonado,La Red,2023-12-31,"santiago, 11 de abril de 2024"
La Red,80608,articles-80608_recurso_1.zip,data/raw/pdf/La Red/80608/Declaración de responsabilidad.pdf,37eee8d6c8e97e9f3c1d0388fe62d0e8d828014bbcc5ef59b2c9e95d015d6c9e,1,,declaracion,La Red,2023-12-31,pagina: 1 de 1
La Red,80608,articles-80608_recurso_1.zip,data/raw/pdf/La Red/80608/Estados financieros.pdf,4c65f00eb1ce4c430e45716d467b43e3087a1415c9898001dfef14fb1484c9d3,52,,EEFF,La Red,2023-12-31,estados financieros
La Red,82004,articles-82004_recurso_1.zip,data/raw/pdf/La Red/82004/2024060331482_0.pdf,2207c5310d7a392e50cc0d131a941d92795bcee139c7a6e73b67e22fe5e6f3aa,1,,analisis_razonado,La Red,2024-03-31,"santiago, 21 de junio de 2024"
La Red,82004,articles-82004_recurso_1.zip,data/raw/pdf/La Red/82004/2024060331482_1.pdf,f66821bf9d6f84d50f36ab805bd32abb536f78f01ee0d41b925de5a247221a0d,1,,declaracion,La Red,2024-03-31,pagina: 1 de 1
La Red,82004,articles-82004_recurso_1.zip,data/raw/pdf/La Red/82004/2024060331482_2.pdf,595e75d292c3db2c619dc0dbd32a63554f3648e88a1164d72d778f38c1cd3d28,2,,analisis_razonado,La Red,2024-03-31,compania chilena de television s.a.
La Red,82004,articles-82004_recurso_1.zip,data/raw/pdf/La Red/82004/2024060331482_3.pdf,26615a8737ead15f45f6cfbc57a4bd05718a8f55a9f2dae34d190751a9dd50ee,49,,EEFF,La Red,2024-03-31,estados financieros
La Red,85356,articles-85356_recurso_1.zip,data/raw/pdf/La Red/85356/2024090481543_0.pdf,4c89d8ccf512e8cb3cee855ef1ba56ddc3b33e4a39ab7f012a5b375bbc9243ee,1,,analisis_razonado,La Red,2024-06-30,"santiago, 11 de septiembre de 2024"
La Red,85356,articles-85356_recurso_1.zip,data/raw/pdf/La Red/85356/2024090481543_1.pdf,7521a29fe9e37ce8d165ddd6f951d049e26540eccc247afcdda49a64d83886c0,4,,analisis_razonado,La Red,2024-06-30,compania chilena de television s.a.
La Red,85356,articles-85356_recurso_1.zip,data/raw/pdf/La Red/85356/2024090481543_2.pdf,33dea51a93cbadb43d2e0d1078b103eb2883be2e7cb59653547bdc4538ebeb5f,1,,declaracion,La Red,2024-06-30,pagina: 1 de 1
La Red,85356,articles-85356_recurso_1.zip,data/raw/pdf/La Red/85356/2024090481543_3.pdf,75bb680f35d4a65aae7f33c5def6e64a90b93166071d276138d84ef59a0fd6d8,51,,EEFF,La Red,2024-06-30,estados financieros
La Red,88267,articles-88267_recurso_1.zip,data/raw/pdf/La Red/88267/2024110658354_0 carta.pdf,703fbcda6497cfd8ee9609642f2cac850d47c32a2190c02e0fa03481f4c6bd49,1,,analisis_razonado,La Red,2024-09-30,"santiago, 29 de septiembre de 2024"
La Red,88267,articles-88267_recurso_1.zip,data/raw/pdf/La Red/88267/2024110658354_1.pdf,5f5bb676c8584d17c50a28289479bf1508ca720c5cee3a45821739d1d18a213d,1,,declaracion,La Red,2024-09-30,pagina: 1 de 1
La Red,88267,articles-88267_recurso_1.zip,data/raw/pdf/La Red/88267/2024110658354_2.pdf,d2ab979fcbe3b4adc5de91a51b6f99399055c884960826900dedc6087155f8a6,49,,EEFF,La Red,2024-09-30,estados financieros
La Red,88267,articles-88267_recurso_1.zip,data/raw/pdf/La Red/88267/2024110658354_3.pdf,d05803c77854df4c7cdc69b8a902c5945f4c55b5299fd4e326c4dbf534a63ade,2,,analisis_razonado,La Red,2024-09-30,compania chilena de television s.a.
La Red,93015,articles-93015_recurso_1.zip,data/raw/pdf/La Red/93015/ANALISIS RAZONADO.pdf,45c4cb9ca72fbcc8fc2ed0f7786dbbdb86048e36f5e63e593c5a607544e16532,2,,analisis_razonado,La Red,2024-12-31,compania chilena de television s.a.
La Red,93015,articles-93015_recurso_1.zip,data/raw/pdf/La Red/93015/CARTA CONDUCTORA.pdf,3e64012d6d2403ddfe3d61b172008dcc4e66b34ea35f8ddba3cf914514cb9469,1,,analisis_razonado,La Red,2025-03-31,"santiago, 31 de marzo de 2025"
La Red,93015,articles-93015_recurso_1.zip,data/raw/pdf/La Red/93015/DECLARACION.pdf,7a5b2206291e6a6aa649aac192a5b41bf92b7759c0a19a0229c12052bb4a9dd7,1,,declaracion,La Red,2024-12-31,pagina: 1 de 1
La Red,93015,articles-93015_recurso_1.zip,data/raw/pdf/La Red/93015/ESTADOS FINANCIEROS.pdf,33dfd77f6087cdb2d53989920255043c9196ceb8e1bd4c490eae592c31c7447e,52,,EEFF,La Red,2024-12-31,estados financieros
La Red,95047,articles-95047_recurso_1.zip,data/raw/pdf/La Red/95047/2025050380606_0 (1).pdf,5f79f4d9b917f5d045e0614af8fd3320024f652a6334a7bb1c6b4343e454f473,1,,analisis_razonado,La Red,2025-03-31,"santiago, 29 de mayo de 2025"
La Red,95047,articles-95047_recurso_1.zip,data/raw/pdf/La Red/95047/2025050380606_1.pdf,d3cb00935d0529cd7471b062603c62396f2998732eb2d7f529b2c1132fe4a97e,1,,declaracion,La Red,2025-03-31,pagina: 1 de 1
La Red,95047,articles-95047_recurso_1.zip,data/raw/pdf/La Red/95047/2025050380606_2.pdf,030dd9100ebfce4ce378dee3defa6f6349354a2d8687d879b49e1cb84d4496a2,49,,EEFF,La Red,2025-03-31,estados financieros
La Red,95047,articles-95047_recurso_1.zip,data/raw/pdf/La Red/95047/2025050380606_3.pdf,ff9b5a7cf0fc389de16f5fc37bf4a65c435faf084a409ef1af5f349ebbc33bd1,2,,analisis_razonado,La Red,2025-03-31,compania chilena de television s.a.
La Red,98821,articles-98821_recurso_1.zip,data/raw/pdf/La Red/98821/2025090626005_0.pdf,d26c55ae035a4202bd49b187c8ef51bfd640a0b86a27375587ff5fcb56134a8a,1,,analisis_razonado,La Red,2025-06-30,"santiago, 12 de septiembre de 2025"
La Red,98821,articles-98821_recurso_1.zip,data/raw/pdf/La Red/98821/2025090626005_1.pdf,6938d397b00ebeb998feb395678b42018f4aecb9547cb6e571baa286e1b23c3a,52,,EEFF,La Red,2025-06-30,estados financieros
La Red,98821,articles-98821_recurso_1.zip,data/raw/pdf/La Red/98821/2025090626005_2.pdf,be0661d7c504aef41b14f2cb69c989535e038f6bce3e5a7dd034484e63015703,2,,analisis_razonado,La Red,2025-06-30,compania chilena de television s.a.
TV+,101643,articles-101643_recurso_1.zip,data/raw/pdf/TV+/101643/Declaracion de responsabilidad.pdf,2b555536161dea78ef2adc8ab94a59b1302d99aa6668786a4116b78d9e18e9e1,1,,sin_texto,,,
TV+,101643,articles-101643_recurso_1.zip,data/raw/pdf/TV+/101643/Estados financieros.pdf,d4effc068dfe13d15ddccd771c3cb6120a704e6922cf5df7a8072d46fc660005,37,,EEFF,,2025-09-30,tvmas spa
TV+,101643,articles-101643_recurso_1.zip,data/raw/pdf/TV+/101643/Hechos relevantes.pdf,eac4ed00a9ede2ece084a21ea0cc317b189867b4a0e9f32b3d9a1f8149829b9b,1,,hechos_esenciales,,2025-09-30,hechos relevantes
TV+,101643,articles-101643_recurso_1.zip,data/raw/pdf/TV+/101643/Analisis razonado.pdf,e38b1d9b711fedd7b4a24625c6570d366752fe8e5f3a2ecbb483b70b1f51cb2c,3,,analisis_razonado,TV+,2025-09-30,analisis razonado
TV+,101643,articles-101643_recurso_1.zip,data/raw/pdf/TV+/101643/Carta conductora.pdf,8dfce37b80643549d5f6c1bc1e201d33f2eeb36b1b53c1b4cd839d44285d789b,1,,sin_texto,,,
TV+,109185,articles-109185_recurso_1.zip,data/raw/pdf/TV+/109185/2026030214030_2.pdf,a13b684bf7dd92d8a91c7f1519cb19628dd47939e9c0463eabc9da9cb6ce8c3f,41,,EEFF,TV+,2025-12-31,tvmas spa
TV+,109185,articles-109185_recurso_1.zip,data/raw/pdf/TV+/109185/2026030214030_3.pdf,6cb48e2c790574ae73f67dc20b0c2c32194a8b2bf6c9bef281109576cc64a830,3,,analisis_razonado,TV+,2025-12-31,analisis razonado
TV+,109185,articles-109185_recurso_1.zip,data/raw/pdf/TV+/109185/2026030214030_4.pdf,0a382f573f8f3f3ead501bd501185382b551747e0d5793b0ee5250d24c87c4b7,1,,hechos_esenciales,,,hechos relevantes
TV+,109185,articles-109185_recurso_1.zip,data/raw/pdf/TV+/109185/2026030214030_0.pdf,7fe41e873eeae38322920e41a8fa782120e7a57001d874030222195c2c3a0812,1,,sin_texto,,,
TV+,109185,articles-109185_recurso_1.zip,data/raw/pdf/TV+/109185/2026030214030_1.pdf,34c6007a57641a75b973cfcab7e05a05269e27b6700c359840f24d9e22dd91d9,1,,sin_texto,,,
TV+,111128,articles-111128_recurso_1.zip,data/raw/pdf/TV+/111128/2026050359074_4.pdf,4ee85bbbbf42cee85714d4f031f827dff707d9d5198cb7ed0dfdc0e6437e9eb4,1,,hechos_esenciales,,2026-03-31,hechos relevantes
TV+,111128,articles-111128_recurso_1.zip,data/raw/pdf/TV+/111128/2026050359074_0.pdf,f632e81cc6c7aadab835a631a3e7b6ab657a0bc09bb189d3d4d13b8686e7393d,1,,sin_texto,,,
TV+,111128,articles-111128_recurso_1.zip,data/raw/pdf/TV+/111128/2026050359074_1.pdf,4d0c457694a94a1007190a96bfc549e23906dadeb79ff9852c3759bfbd312810,1,,sin_texto,,,
TV+,111128,articles-111128_recurso_1.zip,data/raw/pdf/TV+/111128/2026050359074_2.pdf,63bc959d267384b2b1a3d3bc9613fef1065ed68f2fba78d61d31c96f6bd30f33,37,,EEFF,,2026-03-31,tvmas spa
TV+,111128,articles-111128_recurso_1.zip,data/raw/pdf/TV+/111128/2026050359074_3.pdf,ac95f476cb672bd5e1f56ba8c82378c91950e49d075d6added825bcbc5c5b22e,3,,analisis_razonado,TV+,2026-03-31,analisis razonado
TV+,113712,articles-113712_recurso_1.zip,data/raw/pdf/TV+/113712/2026090594782-0.pdf,0dedd8724b7852e3fd932e21ece337a85a65e394cf0aa0caff400e6b0db921db,1,,sin_texto,,,
TV+,113712,articles-113712_recurso_1.zip,data/raw/pdf/TV+/113712/2026090594782-1.pdf,dc753439809c2af92240b25f6fc6972cd4f8f7fa1f091c875f04077767891d2a,1,,sin_texto,,,
TV+,113712,articles-113712_recurso_1.zip,data/raw/pdf/TV+/113712/2026090594782-2.pdf,2150a7430ef839ef440c2295e63a9c027060ce21377a37ad36b0f2f0a191ff25,43,,EEFF,,2026-06-30,tvmas spa
TV+,113712,articles-113712_recurso_1.zip,data/raw/pdf/TV+/113712/2026090594782-3.pdf,728b2f9f62c9f8b5bfca5f384193d370ab46a8a4105962c069aec8a682e0d755,3,,analisis_razonado,TV+,2026-06-30,analisis razonado
TV+,113712,articles-113712_recurso_1.zip,data/raw/pdf/TV+/113712/2026090594782-4.pdf,d267678e42354253daea2b8f8baec086c75bfaf504066e3f968cc4d9c51cede9,1,,hechos_esenciales,,2026-06-30,hechos relevantes
TV+,28568,articles-28568_recurso_1.zip,data/raw/pdf/TV+/28568/archivo(1).pdf,c998b0cbc821552959c14f27c860e0440247f12dced0214aff2d42500a8093f5,3,,analisis_razonado,TV+,2019-12-31,analisis razonado
TV+,28568,articles-28568_recurso_1.zip,data/raw/pdf/TV+/28568/archivo(2).pdf,75d11b62a5ccea72b630f860770fe4a7737ca75eb5ee3b1aacc785ba4725bd6e,40,,EEFF,,2019-12-31,tvmas spa
TV+,28568,articles-28568_recurso_1.zip,data/raw/pdf/TV+/28568/archivo(3).pdf,f9e2bd443cd85e777e0e02d2fbf926afe2aeb52d8e21cfc0424a4a980b658862,1,,sin_texto,,,
TV+,29053,articles-29053_recurso_1.zip,data/raw/pdf/TV+/29053/2020050177519_0.pdf,5e1bcb7ffe4a8aa2e93aa9e81084025e7fad84e51481fd45f4b8cb098598cc08,38,,EEFF,,2020-03-31,tvmas spa
TV+,29053,articles-29053_recurso_1.zip,data/raw/pdf/TV+/29053/2020050177519_1.pdf,5438edf0d211b411e5df781bc4e9d82b06dc0c920857353a8d8014d74825c27d,3,,analisis_razonado,TV+,2020-03-31,analisis razonado
TV+,29053,articles-29053_recurso_1.zip,data/raw/pdf/TV+/29053/2020050177519_2.pdf,f7e72d32c302632d5e9032dbc2d232ff2a9249a1d41ac6ef677d1b73cead06bf,1,,sin_texto,,,
TV+,29081,articles-29081_recurso_1.pdf,data/raw/pdf/TV+/29081/articles-29081_recurso_1.pdf,cf6ac0507c9c6840cd8cf3923a6ab3acb4ebac968ba5ecd5db57232a0a9dc9a7,39,S,EEFF,TV+,2017-12-31,: 2018040058035
TV+,29825,articles-29825_recurso_1.zip,data/raw/pdf/TV+/29825/1.pdf,586ba21f20c895b53a10d4e79010ce9b1184975db716a31b188213a06b2f419c,1,,sin_texto,,,
TV+,29825,articles-29825_recurso_1.zip,data/raw/pdf/TV+/29825/2.pdf,5f9eda9ec9e204d725bf274db728bbe16848889b121db4d040eda382a25d62d5,1,,sin_texto,,,
TV+,29825,articles-29825_recurso_1.zip,data/raw/pdf/TV+/29825/3.pdf,acf1becaff8b929ce8a3d69dcb119abe4656def16a12a88b53db75d9a62a7403,3,,analisis_razonado,TV+,2020-06-30,analisis razonado
TV+,29825,articles-29825_recurso_1.zip,data/raw/pdf/TV+/29825/4.pdf,af25211484315a4b0128bc9e20a66b0df8d16171f15b3ea9dd43a695ad961d5f,41,,EEFF,,2020-06-30,tvmas spa
TV+,29825,articles-29825_recurso_1.zip,data/raw/pdf/TV+/29825/5.pdf,104874d4b0021da9b9a1060fcd8c92f2c2d94a2cb8fa574181646958060e2e90,1,,hechos_esenciales,,2020-06-30,hechos relevantes
TV+,38817,articles-38817_recurso_1.zip,data/raw/pdf/TV+/38817/2020110477430_0.pdf,1e21fba9c1dfe1273c07bf8c1326ec729414ab980549ad02a0f90eb44842d05d,1,,sin_texto,,,
TV+,38817,articles-38817_recurso_1.zip,data/raw/pdf/TV+/38817/2020110477430_1.pdf,2c5cd146122d4513e7d9e2e9a7fa65ca0cbbf910c657a94797f6442d965c9d42,1,,sin_texto,,,
TV+,38817,articles-38817_recurso_1.zip,data/raw/pdf/TV+/38817/2020110477430_2.pdf,a83a20d3c16e7f4a146f060fc3517f8f28f016477ff1459ed1f24c8a0868aeda,1,,hechos_esenciales,,2020-09-30,hechos relevantes
TV+,38817,articles-38817_recurso_1.zip,data/raw/pdf/TV+/38817/2020110477430_3.pdf,bd71e1fe6d9e2ed60928191bb766b0bd10b56f33bc9f85af6f9fb33fa8de5de3,40,,EEFF,,2020-09-30,tvmas spa
TV+,38817,articles-38817_recurso_1.zip,data/raw/pdf/TV+/38817/2020110477430_4.pdf,1f6129969395b40f3c368a6a7ed49c888077fa27d4c0e44bbdcb2786e7f4f6a7,3,,analisis_razonado,TV+,2020-09-30,analisis razonado
TV+,47354,articles-47354_recurso_1.zip,data/raw/pdf/TV+/47354/2021030116956_0.pdf,40a1192d52d8522991c86fb1a8d17b8d0ea8a462117787de9150ed7b5eeac913,1,,sin_texto,,,
TV+,47354,articles-47354_recurso_1.zip,data/raw/pdf/TV+/47354/2021030116956_1.pdf,efa93cf37ece514c9238a290c0848723a6e0e37815639f71894c945725b275af,39,,EEFF,,2020-12-31,tvmas spa
TV+,47354,articles-47354_recurso_1.zip,data/raw/pdf/TV+/47354/2021030116956_3.pdf,970dbb61b01b890b40432caf17528a08af8e151d83f8e729cdb7f9c083175a4f,1,,sin_texto,,,
TV+,47354,articles-47354_recurso_1.zip,data/raw/pdf/TV+/47354/2021030116956_4.pdf,495263b89f4ce91c755b1abcb3a998caf8a1b1dd10af5f32cf05c897a8810e3b,1,,sin_texto,,,
TV+,47719,articles-47719_recurso_1.zip,data/raw/pdf/TV+/47719/2021050209482_0.pdf,23f453c9317320d69e0b04b3f56a37c9e3aeeb2b74557e3b646e5ce520b62098,1,,sin_texto,,,
TV+,47719,articles-47719_recurso_1.zip,data/raw/pdf/TV+/47719/2021050209482_1.pdf,4b514a4cba8adf49b74034f699341424323788d536aea6c52e8de2af711a8393,1,,hechos_esenciales,,2021-03-31,hechos relevantes
TV+,47719,articles-47719_recurso_1.zip,data/raw/pdf/TV+/47719/2021050209482_2.pdf,68a4ce7c102b2a756a556a6f7164db05c46d2f40f5f40d11ee68136304c43e68,1,,sin_texto,,,
TV+,47719,articles-47719_recurso_1.zip,data/raw/pdf/TV+/47719/2021050209482_3.pdf,0bae583f302a27899018e31a87a67ac163d2f3a7da0408f00aecb08d539fae5c,3,,analisis_razonado,TV+,2021-03-31,analisis razonado
TV+,47719,articles-47719_recurso_1.zip,data/raw/pdf/TV+/47719/2021050209482_4.pdf,f89ff9c81e705813b6582654ebd12bf4c8a4216c4fe8c4814f2d625cb4606636,36,,EEFF,,2021-03-31,tvmas spa
TV+,49400,articles-49400_recurso_1.zip,data/raw/pdf/TV+/49400/2021090374499_0 (1).pdf,8ec4612b940d8936d1108256f408a3d1621788059d2bcab008c233d9e1beaa64,1,,sin_texto,,,
TV+,49400,articles-49400_recurso_1.zip,data/raw/pdf/TV+/49400/2021090374499_1 (1).pdf,2141c2762dc7c66370d3230be98ef929f38d092dffdbd2834ea5263c95e772ee,1,,sin_texto,,,
TV+,49400,articles-49400_recurso_1.zip,data/raw/pdf/TV+/49400/2021090374499_2 (1).pdf,015371a2767c4a1af27860aa4c71faffcdcf935670b1a6a9c4175f389c83026c,39,,EEFF,,2021-06-30,tvmas spa
TV+,49400,articles-49400_recurso_1.zip,data/raw/pdf/TV+/49400/2021090374499_3 (1).pdf,9f9a328666472aa44e0bf8d370c95eb8d46f005513e22bc141f115be337f2a19,3,,analisis_razonado,TV+,2021-06-30,analisis razonado
TV+,49400,articles-49400_recurso_1.zip,data/raw/pdf/TV+/49400/2021090374499_4 (1).pdf,bced6686478c599606d60b5bd799b33d836a8b930a2f8b1b6316707bc695097e,1,,hechos_esenciales,,2021-06-30,hechos relevantes
TV+,49909,articles-49909_recurso_1.zip,data/raw/pdf/TV+/49909/2021110473098_0 (1).pdf,62a982b02f66a37d17116e6b9414a8606029160e8929b095c853dff1578600ff,1,,sin_texto,,,
TV+,49909,articles-49909_recurso_1.zip,data/raw/pdf/TV+/49909/2021110473098_1 (1).pdf,ef464e0233afc3fdbc52d9dacef9f6de1dc23e7c094331d37fa94a3bd4dfc26f,1,,sin_texto,,,
TV+,49909,articles-49909_recurso_1.zip,data/raw/pdf/TV+/49909/2021110473098_2 (1).pdf,428954472c8cd14f97dc1a336758a5ce30d6bf09911d6c0ec354a867c1567bad,35,,EEFF,,2021-09-30,tvmas spa
TV+,49909,articles-49909_recurso_1.zip,data/raw/pdf/TV+/49909/2021110473098_3 (1).pdf,c7fe478238d7324ca87174a2566b136bf1b3da593a7c1ac9e82088b86c5ef621,3,,analisis_razonado,TV+,2021-09-30,analisis razonado
TV+,49909,articles-49909_recurso_1.zip,data/raw/pdf/TV+/49909/2021110473098_4 (1).pdf,2ad0bf122d99e70909d7b16e66c87090e728d58e369737a433d104c8e7d0aff5,1,,hechos_esenciales,,2021-09-30,hechos relevantes
TV+,50696,articles-50696_recurso_1.zip,data/raw/pdf/TV+/50696/Análisis Razonado.pdf,4bc1a45a477249dc62edcb78a2309e71baae8a474d5ffd3e9310046d954d92c6,3,,analisis_razonado,TV+,2021-12-31,analisis razonado
TV+,50696,articles-50696_recurso_1.zip,data/raw/pdf/TV+/50696/Carta Envio Fecu.pdf,34e3399afc822fe202c5281f0e7755a8cfecd67ffe19fa3512abe3ff549ac4ba,1,,sin_texto,,,
TV+,50696,articles-50696_recurso_1.zip,data/raw/pdf/TV+/50696/Declaración de Responsabilidad.pdf,32aff98b74e2f5c4a5097f1a6edba111e0da5f83046ec7c37e1194c21014c15b,1,,sin_texto,,,
TV+,50696,articles-50696_recurso_1.zip,data/raw/pdf/TV+/50696/Fecu.pdf,4b9c1866d9fb5572b944843bf18d6f907676e58da90ba6238a90457e90c83a5a,39,,EEFF,,2021-12-31,tvmas spa
TV+,50696,articles-50696_recurso_1.zip,data/raw/pdf/TV+/50696/Hechos Relevantes.pdf,2fbf3a05365edb84fce57f5e28e38daa3b6aae9ff3edbfddd59925bd0bd366bc,1,,hechos_esenciales,,2021-12-31,hechos relevantes
TV+,51269,articles-51269_recurso_1.zip,data/raw/pdf/TV+/51269/Análisis Razonado.pdf,2d6e3307b3497648131623cfd51fbb8f45a55dec12ab91103689cde99404d923,3,,analisis_razonado,TV+,2022-03-31,analisis razonado
TV+,51269,articles-51269_recurso_1.zip,data/raw/pdf/TV+/51269/Carta Presentacion.pdf,85dc9724abd6773b29a0e51f3d69454b2ced6428541f59aabd2282e74dc374da,1,,sin_texto,,,
TV+,51269,articles-51269_recurso_1.zip,data/raw/pdf/TV+/51269/Declaración de responsabilidad.pdf,b6b765f57cbc9aaf92c886298d8035e683e852f8fc44215fc5e0b6bea0089bc1,1,,sin_texto,,,
TV+,51269,articles-51269_recurso_1.zip,data/raw/pdf/TV+/51269/Fecu Marzo 2022.pdf,72c59f7f795caecf156365f757d47cf305a223c9f0d5d6a930ac0a565c0d7eb2,35,,EEFF,,2022-03-31,tvmas spa
TV+,51269,articles-51269_recurso_1.zip,data/raw/pdf/TV+/51269/Hechos Posteriores.pdf,4edc61b04557511dc9e5cc272b48e2ed63512eabf3e13e7eac1ba15514de086a,1,,hechos_esenciales,,2022-03-31,hechos relevantes
TV+,53289,articles-53289_recurso_1.zip,data/raw/pdf/TV+/53289/2022090352724_0.pdf,22c3c14769fadf9bd2db79763a6837f91bae326631681b9b41594439cf181f82,1,,sin_texto,,,
TV+,53289,articles-53289_recurso_1.zip,data/raw/pdf/TV+/53289/2022090352724_1.pdf,1dd4597b4fd38c8d10c9fb9e7118524d031aa3f841e1c0058cfe4180ca96c000,1,,sin_texto,,,
TV+,53289,articles-53289_recurso_1.zip,data/raw/pdf/TV+/53289/2022090352724_2.pdf,c86b1fea084a81acc89c4b096ec77f055d34df8a8f2154b98a6367c52429f499,38,,EEFF,,2022-06-30,tvmas spa
TV+,53289,articles-53289_recurso_1.zip,data/raw/pdf/TV+/53289/2022090352724_3.pdf,29aefc6b4ac2619ff878040857df6015dc1924176b2caaa06cf8eeae2f8c5993,3,,analisis_razonado,TV+,2022-06-30,analisis razonado
TV+,53289,articles-53289_recurso_1.zip,data/raw/pdf/TV+/53289/2022090352724_4.pdf,a4ac5e9cede43e442f0e0e4af81894d2bb750974a2bb37100fbff85b2002dcf5,1,,hechos_esenciales,,2022-06-30,hechos relevantes
TV+,57121,articles-57121_recurso_1.zip,data/raw/pdf/TV+/57121/2022110443552.pdf,49eddb4c1afb55756a858bf7563b586d8a8091058d1d36e198909e447b9fba07,1,,sin_texto,,,
TV+,57121,articles-57121_recurso_1.zip,data/raw/pdf/TV+/57121/2022110443552_1.pdf,e09d085df2f89b7a73d6befc4f37ca88d27ac2828ae28a0961cf240973f743f9,34,,EEFF,TV+,2022-09-30,tv mas spa
TV+,57121,articles-57121_recurso_1.zip,data/raw/pdf/TV+/57121/2022110443552_2.pdf,2ed4376fad05814ad1dd2cda6db2a455685e94c92a0947e8f6bd075e3fdc4730,1,,sin_texto,,,
TV+,57121,articles-57121_recurso_1.zip,data/raw/pdf/TV+/57121/2022110443552_3.pdf,0ee9395a5b28728b945fb6060044b10f2396029b8dfb74f25d26f6bd43f5e856,3,,analisis_razonado,TV+,2022-09-30,analisis razonado
TV+,57121,articles-57121_recurso_1.zip,data/raw/pdf/TV+/57121/2022110443552_4.pdf,b3b96f828b61b124eac9a22cdbbf0968636af138619ba21383e41e366c4bb194,1,,hechos_esenciales,,2022-09-30,hechos relevantes
TV+,68980,articles-68980_recurso_1.zip,data/raw/pdf/TV+/68980/2023030131118_0.pdf,deb788ef217157c40a3b6ebfca5d21753f6fb31102be7c2bed7022e3623b41f2,1,,sin_texto,,,
TV+,68980,articles-68980_recurso_1.zip,data/raw/pdf/TV+/68980/2023030131118_1.pdf,2eefb86838ac7001dad8e0e1492398ae18eaea1ae0f18d95d1d0f11f3e0dae43,1,,sin_texto,,,
TV+,68980,articles-68980_recurso_1.zip,data/raw/pdf/TV+/68980/2023030131118_2.pdf,c527697be42075bbaea93da5eccb689f2d965a7dbf72a6233c3335f254e4a00f,41,,EEFF,,2022-12-31,tvmas spa
TV+,68980,articles-68980_recurso_1.zip,data/raw/pdf/TV+/68980/2023030131118_3.pdf,ba3e3b296af6205876e3bc86ec64186c841921c401cb99006367f628c7d80def,3,,analisis_razonado,TV+,2022-12-31,analisis razonado
TV+,68980,articles-68980_recurso_1.zip,data/raw/pdf/TV+/68980/2023030131118_4.pdf,c421872bb15eb5a86073208c2453620b5fae025420f815ec9b37617460626359,1,,hechos_esenciales,,2022-12-31,hechos relevantes
TV+,70649,articles-70649_recurso_1.zip,data/raw/pdf/TV+/70649/2023050230846_0.pdf,55783dd80844557125df2ed5260ca2cdc796b51d4c4a3b59c556177bf44b7974,1,,sin_texto,,,
TV+,70649,articles-70649_recurso_1.zip,data/raw/pdf/TV+/70649/2023050230846_1.pdf,f1bbd0f973d794d46685d41a59665ef5e1e2bddcb076e6ced5191d7f4de1c52f,1,,sin_texto,,,
TV+,70649,articles-70649_recurso_1.zip,data/raw/pdf/TV+/70649/2023050230846_2.pdf,8d39be031b55b9888376e8127597aae5e0bbcfb6f3619acbc2368dc663d9e00d,36,,EEFF,,2023-03-31,tvmas spa
TV+,70649,articles-70649_recurso_1.zip,data/raw/pdf/TV+/70649/2023050230846_3.pdf,1f4fbfce7e663b8d452668e91fefaf5c346c4632070bdc410aa9fedf9b723882,3,,analisis_razonado,TV+,2023-03-31,analisis razonado
TV+,70649,articles-70649_recurso_1.zip,data/raw/pdf/TV+/70649/2023050230846_4.pdf,f062aaa1e3d5ae87d609a37333567e049413a336ff9cb0f616d9d44e5c269f68,1,,hechos_esenciales,,2023-03-31,hechos relevantes
TV+,73704,articles-73704_recurso_1.zip,data/raw/pdf/TV+/73704/2023090382166-0 FECU JUNIO 2023.pdf,8d3ddcfb90a9a3f2341cc50c69c8e6b3a6072c06cc5eb4478b532be1da2c9e77,40,,EEFF,,2023-06-30,tvmas spa
TV+,73704,articles-73704_recurso_1.zip,data/raw/pdf/TV+/73704/2023090382166-1 CARTA ENVIO FECU.pdf,b4e7c4545f7e98b084ca3c135e53a22ccf23907368f1ec9b4464535135fc9064,1,,sin_texto,,,
TV+,73704,articles-73704_recurso_1.zip,data/raw/pdf/TV+/73704/2023090382166-2 DECLARACION DE RESPONSABILIDAD.pdf,3dd50a0dc125bab5bc6fa0869738a192c88028abe8cc9402a1f771cb10b77dc4,1,,sin_texto,,,
TV+,73704,articles-73704_recurso_1.zip,data/raw/pdf/TV+/73704/2023090382166-3 ANALISIS RAZONADO.pdf,5f76198695f4f47e31002981835200f5bbe8248270ba7b298062774e19e762cb,3,,analisis_razonado,TV+,2023-06-30,analisis razonado
TV+,73704,articles-73704_recurso_1.zip,data/raw/pdf/TV+/73704/2023090382166-4 HECHOS RELEVANTES.pdf,bcbb3c765f222e76f0be3f85c512d9e14311940107ea490c1a000cdc7b4275b7,1,,hechos_esenciales,,2023-06-30,hechos relevantes
TV+,75787,articles-75787_recurso_1.zip,data/raw/pdf/TV+/75787/2023110504810_0 carta conductora.pdf,3209c17d9b5734359741727d3e260b8a820bdbc6dee25268daa0b18a3c471ecd,1,,sin_texto,,,
TV+,75787,articles-75787_recurso_1.zip,data/raw/pdf/TV+/75787/2023110504810_1.pdf,22366a2ed14800949d53fdb0af6fb720cb222ca6511f0be66fe9e1902c98c201,34,,EEFF,,2023-09-30,tvmas spa
TV+,75787,articles-75787_recurso_1.zip,data/raw/pdf/TV+/75787/2023110504810_2.pdf,e0d6eb6bf66ae2c57fa8253775028c9b6827fd93361407e3aa354a7e45189da5,3,,analisis_razonado,TV+,2023-09-30,analisis razonado
TV+,75787,articles-75787_recurso_1.zip,data/raw/pdf/TV+/75787/2023110504810_3.pdf,3719cc6aaa4d8c35d03da771290d3c8d3872c8cc772503e1b9ee2cf32e164b31,1,,sin_texto,,,
TV+,75787,articles-75787_recurso_1.zip,data/raw/pdf/TV+/75787/2023110504810_4.pdf,70ec6e19cb1eae71f4f5e0ecb39c56069ae3a12d80f990d7eb29cbe4afe1c2fa,1,,hechos_esenciales,,2023-09-30,hechos relevantes
TV+,79943,articles-79943_recurso_1.zip,data/raw/pdf/TV+/79943/2024030188019_0.pdf,bd466a4c6d08d5ed71cfdb280cfb71d74b90875a56cfd3ebb45dcfd37bc9c36d,1,,sin_texto,,,
TV+,79943,articles-79943_recurso_1.zip,data/raw/pdf/TV+/79943/2024030188019_1.pdf,5880bb72afe8cdfa84cc228cb019da6f8523a5ad15ef69e369e36bcfea7e9c94,1,,sin_texto,,,
TV+,79943,articles-79943_recurso_1.zip,data/raw/pdf/TV+/79943/2024030188019_2.pdf,19433115811f93a53e6f0737ed2599ac8389c847e5313d03c9ece60a8be2375c,1,,hechos_esenciales,,2023-12-31,hechos relevantes
TV+,79943,articles-79943_recurso_1.zip,data/raw/pdf/TV+/79943/2024030188019_3.pdf,37fccd86d4fa1d1ea0233a3dd9afc94a482908635e771dbae6392d3737f77b1b,5,,analisis_razonado,TV+,2023-12-31,analisis razonado ano 2023
TV+,79943,articles-79943_recurso_1.zip,data/raw/pdf/TV+/79943/2024030188019_4.pdf,577af614a206759db26356db192bfe0ce9cc699c6d649487bb4b724bb21b71c5,40,,EEFF,TV+,2023-12-31,tvmas spa
TV+,82009,articles-82009_recurso_1.zip,data/raw/pdf/TV+/82009/Analisis razonado_1.pdf,7b573e2020fcc54141702c4b5f5976223e1c1e1a3cd7a561832bf863158cefaa,5,,analisis_razonado,TV+,2024-03-31,analisis razonado primer trimestre
TV+,82009,articles-82009_recurso_1.zip,data/raw/pdf/TV+/82009/Carta conductora_3.pdf,ac1537dfd1fa9762e0e63cc1ef52430dbf77f7b65a3844e73875755170c69467,1,,sin_texto,,,
TV+,82009,articles-82009_recurso_1.zip,data/raw/pdf/TV+/82009/Declaracion de responsabilidad_4.pdf,65d9e2092773dbcecc2c2603c1fbcb3e7ed4edb016dde780e1715f01a916044e,1,,sin_texto,,,
TV+,82009,articles-82009_recurso_1.zip,data/raw/pdf/TV+/82009/Estados financieros_0.pdf,f1a01105e9bd42dfccc33a5202a821abed785ffbaa28a2cbc69f9aafcff017af,37,,EEFF,,2024-03-31,tvmas spa
TV+,82009,articles-82009_recurso_1.zip,data/raw/pdf/TV+/82009/Hechos relevantes_2.pdf,fffe68bcfb56b65e840a2b6a6ff3b1370bd922f2b5ec253761c89160c3c3d161,1,,hechos_esenciales,,2024-03-31,hechos relevantes
TV+,85362,articles-85362_recurso_1.zip,data/raw/pdf/TV+/85362/2024090475132_0.pdf,79b2a8b28ce65d42003fe08e0a009a05fb6a20e41686f7bb5bd931dd2806e397,1,,sin_texto,,,
TV+,85362,articles-85362_recurso_1.zip,data/raw/pdf/TV+/85362/2024090475132_1.pdf,403624c80317d8a3fa5274a6872e3114aff47b5869d8768b696414f06981da55,1,,sin_texto,,,
TV+,85362,articles-85362_recurso_1.zip,data/raw/pdf/TV+/85362/2024090475132_2.pdf,e1cbda0708f075597003c31bb6628212032a198805126c5d7984f8b38e83af1d,5,,analisis_razonado,TV+,2024-06-30,analisis razonado primer semestre
TV+,85362,articles-85362_recurso_1.zip,data/raw/pdf/TV+/85362/2024090475132_3.pdf,07cae6d32f96663beb2b50a1b87aaff8b1a2fd45b0285ccf9c290819a80d3e13,38,,EEFF,TV+,2024-06-30,tvmas spa
TV+,85362,articles-85362_recurso_1.zip,data/raw/pdf/TV+/85362/2024090475132_4.pdf,bf36d0d0d60a6c99a6fe3480eb1deb95d179dccf8475dc208f61492220cdd018,1,,hechos_esenciales,,2024-06-30,hechos relevantes
TV+,88272,articles-88272_recurso_1.zip,data/raw/pdf/TV+/88272/2024110658811_0 carta.pdf,acee6fc1844097d0814f9031813a72a6b8bc17d96e8f7ff4ee743c2af41f7efe,1,,sin_texto,,,
TV+,88272,articles-88272_recurso_1.zip,data/raw/pdf/TV+/88272/2024110658811_1.pdf,6f92dab648d4bf2f6050997fa6250bbc46f093cfbf48ddc6cbc780a10d2778fb,1,,sin_texto,,,
TV+,88272,articles-88272_recurso_1.zip,data/raw/pdf/TV+/88272/2024110658811_2.pdf,d86d5935c3399a5ea2f010936fed2c2727028ebf7d5e9373765108619f02d58d,37,,EEFF,,2024-09-30,tvmas spa
TV+,88272,articles-88272_recurso_1.zip,data/raw/pdf/TV+/88272/2024110658811_3.pdf,273f3a05bf64cf8c53084e699287bdfbc702cab1fc76892cad434b8db7831821,3,,analisis_razonado,TV+,2024-09-30,analisis razonado
TV+,88272,articles-88272_recurso_1.zip,data/raw/pdf/TV+/88272/2024110658811_4.pdf,535974b824ff46970574e97dbe1eb97ee01c6a709cc274791633440c65c328ac,1,,hechos_esenciales,,2024-09-30,hechos relevantes
TV+,93021,articles-93021_recurso_1.zip,data/raw/pdf/TV+/93021/ANALISIS RAZONADO.pdf,d1cf279ff7123862fc422400b70dc9131dbac3df668ecb31e3e9903c53969e60,3,,analisis_razonado,TV+,2024-12-31,analisis razonado
TV+,93021,articles-93021_recurso_1.zip,data/raw/pdf/TV+/93021/CARTA CONDUCTORA.pdf,86437c225410eaa01632123901abbfbf347b41738e74be3578d5e45b53271b50,1,,sin_texto,,,
TV+,93021,articles-93021_recurso_1.zip,data/raw/pdf/TV+/93021/DECLARACION JURADA.pdf,cf77fab6af5a19eb89d0a8b2c61f633e431be936e41eb6df15993b2fa11c8e25,1,,sin_texto,,,
TV+,93021,articles-93021_recurso_1.zip,data/raw/pdf/TV+/93021/ESTADOS FINACIONEROS.pdf,4976a40d0e223fe49abefa69b9a55bbaf15077333209583166ac86fde28b5d94,41,,EEFF,TV+,2024-12-31,tvmas spa
TV+,93021,articles-93021_recurso_1.zip,data/raw/pdf/TV+/93021/HECHOS RELEVANTES.pdf,81e5b03d6546634189edf81dc5a3c24b834143d40db865dfcf4f7ae0a55a8811,1,,hechos_esenciales,,2024-12-31,hechos relevantes
TV+,95053,articles-95053_recurso_1.zip,data/raw/pdf/TV+/95053/2025050381488_0 (1).pdf,c9c59a1c41c3eabba9a66729f2d977dd4276e3520447dec913df2bf2302bef84,1,,sin_texto,,,
TV+,95053,articles-95053_recurso_1.zip,data/raw/pdf/TV+/95053/2025050381488_1.pdf,9f8ec2dca5271ad20ccd7bd8a1b606c10fbd9fd7347c27f8a7bcc2470302ec7d,1,,sin_texto,,,
TV+,95053,articles-95053_recurso_1.zip,data/raw/pdf/TV+/95053/2025050381488_2.pdf,1d9434e14a58d80166d6e3315bc21e668a0d0b280032e279e357e15861279c71,36,,EEFF,,2025-03-31,tvmas spa
TV+,95053,articles-95053_recurso_1.zip,data/raw/pdf/TV+/95053/2025050381488_3.pdf,1fafcc4c0b344253c224762a50f4b9b7b2aee92340d18410c8ab07bc1a0efa06,3,,analisis_razonado,TV+,2025-03-31,analisis razonado
TV+,95053,articles-95053_recurso_1.zip,data/raw/pdf/TV+/95053/2025050381488_4.pdf,ee71467963ce77a888b84a33399a1858d71c5de5107976466fc438c2dd00532a,1,,hechos_esenciales,,2025-03-31,hechos relevantes
TV+,98826,articles-98826_recurso_1.zip,data/raw/pdf/TV+/98826/2025090624759_0.pdf,5d917eb05f042b2dd3a409b5ffaa73dad8f92a448168a84eeb750cddd28145ce,1,,sin_texto,,,
TV+,98826,articles-98826_recurso_1.zip,data/raw/pdf/TV+/98826/2025090624759_1.pdf,1bb9f4009998b68d0ad11cc573824c11a1b56ddf257aba912603abb36e65bbdd,1,,sin_texto,,,
TV+,98826,articles-98826_recurso_1.zip,data/raw/pdf/TV+/98826/2025090624759_2.pdf,0e04c05509142a1affa9c01dc39c78ab9586d68344617484c3dccca2d6b4ba2e,3,,analisis_razonado,TV+,2025-06-30,analisis razonado
TV+,98826,articles-98826_recurso_1.zip,data/raw/pdf/TV+/98826/2025090624759_3.pdf,70ba475e161614040b5eef5e8e1138756e987e4b2c1251db79fd1b1ba2974404,38,,EEFF,TV+,2025-06-30,tvmas spa
TV+,98826,articles-98826_recurso_1.zip,data/raw/pdf/TV+/98826/2025090624759_4.pdf,20348ad66ac04bd8ab9a6c622c1bd03f62fc23094b155af757270557eb3393d9,1,,hechos_esenciales,,2025-06-30,hechos relevantes
