canal,fecha_cierre,documento,tipo_periodo,rol,inicio,fin,orden,es_total,linea_original,monto,pagina,fuente_texto,estado_doc
Canal 13,2017-12-31,data/raw/pdf/Canal 13/29080/2018040075032.pdf,anual,actual,2017-01-01,2017-12-31,0,False,Ingresos de Publicidad,55622194,73,ocr,OK
Canal 13,2017-12-31,data/raw/pdf/Canal 13/29080/2018040075032.pdf,anual,comparativo,2016-01-01,2016-12-31,0,False,Ingresos de Publicidad,61373211,73,ocr,OK
Canal 13,2017-12-31,data/raw/pdf/Canal 13/29080/2018040075032.pdf,anual,actual,2017-01-01,2017-12-31,1,False,Otros ingresos de explotación,13607675,73,ocr,OK
Canal 13,2017-12-31,data/raw/pdf/Canal 13/29080/2018040075032.pdf,anual,comparativo,2016-01-01,2016-12-31,1,False,Otros ingresos de explotación,13037531,73,ocr,OK
Canal 13,2017-12-31,data/raw/pdf/Canal 13/29080/2018040075032.pdf,anual,actual,2017-01-01,2017-12-31,2,True,Totales,69229869,73,ocr,OK
Canal 13,2017-12-31,data/raw/pdf/Canal 13/29080/2018040075032.pdf,anual,comparativo,2016-01-01,2016-12-31,2,True,Totales,74410742,73,ocr,OK
Canal 13,2019-12-31,data/raw/pdf/Canal 13/28617/archivo(3).pdf,anual,actual,2019-01-01,2019-12-31,0,False,Ingresos de Publicidad,60562357,89,ocr,OK
Canal 13,2019-12-31,data/raw/pdf/Canal 13/28617/archivo(3).pdf,anual,comparativo,2018-01-01,2018-12-31,0,False,Ingresos de Publicidad,59435373,89,ocr,OK
Canal 13,2019-12-31,data/raw/pdf/Canal 13/28617/archivo(3).pdf,anual,actual,2019-01-01,2019-12-31,1,False,Otros ingresos de explotación (a) (b),5008817,89,ocr,OK
Canal 13,2019-12-31,data/raw/pdf/Canal 13/28617/archivo(3).pdf,anual,comparativo,2018-01-01,2018-12-31,1,False,Otros ingresos de explotación (a) (b),20326698,89,ocr,OK
Canal 13,2019-12-31,data/raw/pdf/Canal 13/28617/archivo(3).pdf,anual,actual,2019-01-01,2019-12-31,2,True,Totales,65571174,89,ocr,OK
Canal 13,2019-12-31,data/raw/pdf/Canal 13/28617/archivo(3).pdf,anual,comparativo,2018-01-01,2018-12-31,2,True,Totales,79762071,89,ocr,OK
Canal 13,2020-03-31,data/raw/pdf/Canal 13/29049/2020050177776_1.pdf,trimestre,actual,2020-01-01,2020-03-31,0,False,Ingresos de Publicidad,12718708,78,pdftotext-raw,OK
Canal 13,2020-03-31,data/raw/pdf/Canal 13/29049/2020050177776_1.pdf,trimestre,comparativo,2019-01-01,2019-03-31,0,False,Ingresos de Publicidad,14387384,78,pdftotext-raw,OK
Canal 13,2020-03-31,data/raw/pdf/Canal 13/29049/2020050177776_1.pdf,trimestre,actual,2020-01-01,2020-03-31,1,False,Otros ingresos de explotación (a),14973620,78,pdftotext-raw,OK
Canal 13,2020-03-31,data/raw/pdf/Canal 13/29049/2020050177776_1.pdf,trimestre,comparativo,2019-01-01,2019-03-31,1,False,Otros ingresos de explotación (a),2758975,78,pdftotext-raw,OK
Canal 13,2020-03-31,data/raw/pdf/Canal 13/29049/2020050177776_1.pdf,trimestre,actual,2020-01-01,2020-03-31,2,True,Totales,27692328,78,pdftotext-raw,OK
Canal 13,2020-03-31,data/raw/pdf/Canal 13/29049/2020050177776_1.pdf,trimestre,comparativo,2019-01-01,2019-03-31,2,True,Totales,17146359,78,pdftotext-raw,OK
Canal 13,2020-06-30,data/raw/pdf/Canal 13/29819/2.pdf,semestre,actual,2020-01-01,2020-06-30,0,False,Ingresos de Publicidad,23638980,74,pdfplumber,OK
Canal 13,2020-06-30,data/raw/pdf/Canal 13/29819/2.pdf,semestre,comparativo,2019-01-01,2019-06-30,0,False,Ingresos de Publicidad,31710265,74,pdfplumber,OK
Canal 13,2020-06-30,data/raw/pdf/Canal 13/29819/2.pdf,trimestre,actual,2020-04-01,2020-06-30,0,False,Ingresos de Publicidad,10920272,74,pdfplumber,OK
Canal 13,2020-06-30,data/raw/pdf/Canal 13/29819/2.pdf,trimestre,comparativo,2019-04-01,2019-06-30,0,False,Ingresos de Publicidad,17322881,74,pdfplumber,OK
Canal 13,2020-06-30,data/raw/pdf/Canal 13/29819/2.pdf,semestre,actual,2020-01-01,2020-06-30,1,False,Otros ingresos de explotación(a),15627637,74,pdfplumber,OK
Canal 13,2020-06-30,data/raw/pdf/Canal 13/29819/2.pdf,semestre,comparativo,2019-01-01,2019-06-30,1,False,Otros ingresos de explotación(a),6074992,74,pdfplumber,OK
Canal 13,2020-06-30,data/raw/pdf/Canal 13/29819/2.pdf,trimestre,actual,2020-04-01,2020-06-30,1,False,Otros ingresos de explotación(a),654017,74,pdfplumber,OK
Canal 13,2020-06-30,data/raw/pdf/Canal 13/29819/2.pdf,trimestre,comparativo,2019-04-01,2019-06-30,1,False,Otros ingresos de explotación(a),3316017,74,pdfplumber,OK
Canal 13,2020-06-30,data/raw/pdf/Canal 13/29819/2.pdf,semestre,actual,2020-01-01,2020-06-30,2,True,Totales,39266617,74,pdfplumber,OK
Canal 13,2020-06-30,data/raw/pdf/Canal 13/29819/2.pdf,semestre,comparativo,2019-01-01,2019-06-30,2,True,Totales,37785257,74,pdfplumber,OK
Canal 13,2020-06-30,data/raw/pdf/Canal 13/29819/2.pdf,trimestre,actual,2020-04-01,2020-06-30,2,True,Totales,11574289,74,pdfplumber,OK
Canal 13,2020-06-30,data/raw/pdf/Canal 13/29819/2.pdf,trimestre,comparativo,2019-04-01,2019-06-30,2,True,Totales,20638898,74,pdfplumber,OK
Canal 13,2020-09-30,data/raw/pdf/Canal 13/38818/2020110488373_1.pdf,acumulado9m,actual,2020-01-01,2020-09-30,0,False,Ingresos de Publicidad,36706795,69,pdfplumber,OK
Canal 13,2020-09-30,data/raw/pdf/Canal 13/38818/2020110488373_1.pdf,acumulado9m,comparativo,2019-01-01,2019-09-30,0,False,Ingresos de Publicidad,46668863,69,pdfplumber,OK
Canal 13,2020-09-30,data/raw/pdf/Canal 13/38818/2020110488373_1.pdf,trimestre,actual,2020-07-01,2020-09-30,0,False,Ingresos de Publicidad,13067815,69,pdfplumber,OK
Canal 13,2020-09-30,data/raw/pdf/Canal 13/38818/2020110488373_1.pdf,trimestre,comparativo,2019-07-01,2019-09-30,0,False,Ingresos de Publicidad,14958598,69,pdfplumber,OK
Canal 13,2020-09-30,data/raw/pdf/Canal 13/38818/2020110488373_1.pdf,acumulado9m,actual,2020-01-01,2020-09-30,1,False,Otros ingresos de explotación (a),16442561,69,pdfplumber,OK
Canal 13,2020-09-30,data/raw/pdf/Canal 13/38818/2020110488373_1.pdf,acumulado9m,comparativo,2019-01-01,2019-09-30,1,False,Otros ingresos de explotación (a),9129045,69,pdfplumber,OK
Canal 13,2020-09-30,data/raw/pdf/Canal 13/38818/2020110488373_1.pdf,trimestre,actual,2020-07-01,2020-09-30,1,False,Otros ingresos de explotación (a),814924,69,pdfplumber,OK
Canal 13,2020-09-30,data/raw/pdf/Canal 13/38818/2020110488373_1.pdf,trimestre,comparativo,2019-07-01,2019-09-30,1,False,Otros ingresos de explotación (a),3054053,69,pdfplumber,OK
Canal 13,2020-09-30,data/raw/pdf/Canal 13/38818/2020110488373_1.pdf,acumulado9m,actual,2020-01-01,2020-09-30,2,True,Totales,53149356,69,pdfplumber,OK
Canal 13,2020-09-30,data/raw/pdf/Canal 13/38818/2020110488373_1.pdf,acumulado9m,comparativo,2019-01-01,2019-09-30,2,True,Totales,55797908,69,pdfplumber,OK
Canal 13,2020-09-30,data/raw/pdf/Canal 13/38818/2020110488373_1.pdf,trimestre,actual,2020-07-01,2020-09-30,2,True,Totales,13882739,69,pdfplumber,OK
Canal 13,2020-09-30,data/raw/pdf/Canal 13/38818/2020110488373_1.pdf,trimestre,comparativo,2019-07-01,2019-09-30,2,True,Totales,18012651,69,pdfplumber,OK
Canal 13,2020-12-31,data/raw/pdf/Canal 13/47350/2021030123089_1.pdf,anual,actual,2020-01-01,2020-12-31,0,False,Ingresos de Publicidad Pantalla abierta,47958000,75,pdfplumber,OK
Canal 13,2020-12-31,data/raw/pdf/Canal 13/47350/2021030123089_1.pdf,anual,comparativo,2019-01-01,2019-12-31,0,False,Ingresos de Publicidad Pantalla abierta,57818809,75,pdfplumber,OK
Canal 13,2020-12-31,data/raw/pdf/Canal 13/47350/2021030123089_1.pdf,anual,actual,2020-01-01,2020-12-31,1,False,Ingresos de Publicidad Otras Plataformas,2356235,75,pdfplumber,OK
Canal 13,2020-12-31,data/raw/pdf/Canal 13/47350/2021030123089_1.pdf,anual,comparativo,2019-01-01,2019-12-31,1,False,Ingresos de Publicidad Otras Plataformas,2840709,75,pdfplumber,OK
Canal 13,2020-12-31,data/raw/pdf/Canal 13/47350/2021030123089_1.pdf,anual,actual,2020-01-01,2020-12-31,2,False,Otros ingresos de explotación (a),21567311,75,pdfplumber,OK
Canal 13,2020-12-31,data/raw/pdf/Canal 13/47350/2021030123089_1.pdf,anual,comparativo,2019-01-01,2019-12-31,2,False,Otros ingresos de explotación (a),4911656,75,pdfplumber,OK
Canal 13,2020-12-31,data/raw/pdf/Canal 13/47350/2021030123089_1.pdf,anual,actual,2020-01-01,2020-12-31,3,True,Totales,71881546,75,pdfplumber,OK
Canal 13,2020-12-31,data/raw/pdf/Canal 13/47350/2021030123089_1.pdf,anual,comparativo,2019-01-01,2019-12-31,3,True,Totales,65571174,75,pdfplumber,OK
Canal 13,2021-03-31,data/raw/pdf/Canal 13/47714/2021050211434_3.pdf,trimestre,actual,2021-01-01,2021-03-31,0,False,Ingresos de Publicidad Pantalla abierta,9849477,65,pdfplumber,OK
Canal 13,2021-03-31,data/raw/pdf/Canal 13/47714/2021050211434_3.pdf,trimestre,comparativo,2020-01-01,2020-03-31,0,False,Ingresos de Publicidad Pantalla abierta,11356561,65,pdfplumber,OK
Canal 13,2021-03-31,data/raw/pdf/Canal 13/47714/2021050211434_3.pdf,trimestre,actual,2021-01-01,2021-03-31,1,False,Ingresos de Publicidad Otras Plataformas,1512741,65,pdfplumber,OK
Canal 13,2021-03-31,data/raw/pdf/Canal 13/47714/2021050211434_3.pdf,trimestre,comparativo,2020-01-01,2020-03-31,1,False,Ingresos de Publicidad Otras Plataformas,2315915,65,pdfplumber,OK
Canal 13,2021-03-31,data/raw/pdf/Canal 13/47714/2021050211434_3.pdf,trimestre,actual,2021-01-01,2021-03-31,2,False,Otros ingresos de explotación (a),802536,65,pdfplumber,OK
Canal 13,2021-03-31,data/raw/pdf/Canal 13/47714/2021050211434_3.pdf,trimestre,comparativo,2020-01-01,2020-03-31,2,False,Otros ingresos de explotación (a),14019852,65,pdfplumber,OK
Canal 13,2021-03-31,data/raw/pdf/Canal 13/47714/2021050211434_3.pdf,trimestre,actual,2021-01-01,2021-03-31,3,True,Totales,12164754,65,pdfplumber,OK
Canal 13,2021-03-31,data/raw/pdf/Canal 13/47714/2021050211434_3.pdf,trimestre,comparativo,2020-01-01,2020-03-31,3,True,Totales,27692328,65,pdfplumber,OK
Canal 13,2021-06-30,data/raw/pdf/Canal 13/49397/2021090376181_3.pdf,semestre,actual,2021-01-01,2021-06-30,0,False,Ingresos de Publicidad Pantalla abierta,22468929,69,pdfplumber,OK
Canal 13,2021-06-30,data/raw/pdf/Canal 13/49397/2021090376181_3.pdf,semestre,comparativo,2020-01-01,2020-06-30,0,False,Ingresos de Publicidad Pantalla abierta,20462555,69,pdfplumber,OK
Canal 13,2021-06-30,data/raw/pdf/Canal 13/49397/2021090376181_3.pdf,trimestre,actual,2021-04-01,2021-06-30,0,False,Ingresos de Publicidad Pantalla abierta,12619452,69,pdfplumber,OK
Canal 13,2021-06-30,data/raw/pdf/Canal 13/49397/2021090376181_3.pdf,trimestre,comparativo,2020-04-01,2020-06-30,0,False,Ingresos de Publicidad Pantalla abierta,9105994,69,pdfplumber,OK
Canal 13,2021-06-30,data/raw/pdf/Canal 13/49397/2021090376181_3.pdf,semestre,actual,2021-01-01,2021-06-30,1,False,Ingresos de Publicidad otras plataformas,3797042,69,pdfplumber,OK
Canal 13,2021-06-30,data/raw/pdf/Canal 13/49397/2021090376181_3.pdf,semestre,comparativo,2020-01-01,2020-06-30,1,False,Ingresos de Publicidad otras plataformas,4393823,69,pdfplumber,OK
Canal 13,2021-06-30,data/raw/pdf/Canal 13/49397/2021090376181_3.pdf,trimestre,actual,2021-04-01,2021-06-30,1,False,Ingresos de Publicidad otras plataformas,2284301,69,pdfplumber,OK
Canal 13,2021-06-30,data/raw/pdf/Canal 13/49397/2021090376181_3.pdf,trimestre,comparativo,2020-04-01,2020-06-30,1,False,Ingresos de Publicidad otras plataformas,2077908,69,pdfplumber,OK
Canal 13,2021-06-30,data/raw/pdf/Canal 13/49397/2021090376181_3.pdf,semestre,actual,2021-01-01,2021-06-30,2,False,Otros ingresos de explotación (a),1473150,69,pdfplumber,OK
Canal 13,2021-06-30,data/raw/pdf/Canal 13/49397/2021090376181_3.pdf,semestre,comparativo,2020-01-01,2020-06-30,2,False,Otros ingresos de explotación (a),14152561,69,pdfplumber,OK
Canal 13,2021-06-30,data/raw/pdf/Canal 13/49397/2021090376181_3.pdf,trimestre,actual,2021-04-01,2021-06-30,2,False,Otros ingresos de explotación (a),670614,69,pdfplumber,OK
Canal 13,2021-06-30,data/raw/pdf/Canal 13/49397/2021090376181_3.pdf,trimestre,comparativo,2020-04-01,2020-06-30,2,False,Otros ingresos de explotación (a),125057,69,pdfplumber,OK
Canal 13,2021-06-30,data/raw/pdf/Canal 13/49397/2021090376181_3.pdf,semestre,actual,2021-01-01,2021-06-30,3,True,Totales,27739121,69,pdfplumber,OK
Canal 13,2021-06-30,data/raw/pdf/Canal 13/49397/2021090376181_3.pdf,semestre,comparativo,2020-01-01,2020-06-30,3,True,Totales,39008939,69,pdfplumber,OK
Canal 13,2021-06-30,data/raw/pdf/Canal 13/49397/2021090376181_3.pdf,trimestre,actual,2021-04-01,2021-06-30,3,True,Totales,15574367,69,pdfplumber,OK
Canal 13,2021-06-30,data/raw/pdf/Canal 13/49397/2021090376181_3.pdf,trimestre,comparativo,2020-04-01,2020-06-30,3,True,Totales,11308959,69,pdfplumber,OK
Canal 13,2021-09-30,data/raw/pdf/Canal 13/49903/2021110476519_1.pdf,acumulado9m,actual,2021-01-01,2021-09-30,0,False,Ingresos de Publicidad Pantalla abierta,36017209,67,pdfplumber,OK
Canal 13,2021-09-30,data/raw/pdf/Canal 13/49903/2021110476519_1.pdf,acumulado9m,comparativo,2020-01-01,2020-09-30,0,False,Ingresos de Publicidad Pantalla abierta,34445083,67,pdfplumber,OK
Canal 13,2021-09-30,data/raw/pdf/Canal 13/49903/2021110476519_1.pdf,trimestre,actual,2021-07-01,2021-09-30,0,False,Ingresos de Publicidad Pantalla abierta,13548280,67,pdfplumber,OK
Canal 13,2021-09-30,data/raw/pdf/Canal 13/49903/2021110476519_1.pdf,trimestre,comparativo,2020-07-01,2020-09-30,0,False,Ingresos de Publicidad Pantalla abierta,12041036,67,pdfplumber,OK
Canal 13,2021-09-30,data/raw/pdf/Canal 13/49903/2021110476519_1.pdf,acumulado9m,actual,2021-01-01,2021-09-30,1,False,Ingresos de Publicidad otras plataformas,6357022,67,pdfplumber,OK
Canal 13,2021-09-30,data/raw/pdf/Canal 13/49903/2021110476519_1.pdf,acumulado9m,comparativo,2020-01-01,2020-09-30,1,False,Ingresos de Publicidad otras plataformas,4404993,67,pdfplumber,OK
Canal 13,2021-09-30,data/raw/pdf/Canal 13/49903/2021110476519_1.pdf,trimestre,actual,2021-07-01,2021-09-30,1,False,Ingresos de Publicidad otras plataformas,2559980,67,pdfplumber,OK
Canal 13,2021-09-30,data/raw/pdf/Canal 13/49903/2021110476519_1.pdf,trimestre,comparativo,2020-07-01,2020-09-30,1,False,Ingresos de Publicidad otras plataformas,1683767,67,pdfplumber,OK
Canal 13,2021-09-30,data/raw/pdf/Canal 13/49903/2021110476519_1.pdf,acumulado9m,actual,2021-01-01,2021-09-30,2,False,Otros ingresos de explotación (a),2386106,67,pdfplumber,OK
Canal 13,2021-09-30,data/raw/pdf/Canal 13/49903/2021110476519_1.pdf,acumulado9m,comparativo,2020-01-01,2020-09-30,2,False,Otros ingresos de explotación (a),14299280,67,pdfplumber,OK
Canal 13,2021-09-30,data/raw/pdf/Canal 13/49903/2021110476519_1.pdf,trimestre,actual,2021-07-01,2021-09-30,2,False,Otros ingresos de explotación (a),912956,67,pdfplumber,OK
Canal 13,2021-09-30,data/raw/pdf/Canal 13/49903/2021110476519_1.pdf,trimestre,comparativo,2020-07-01,2020-09-30,2,False,Otros ingresos de explotación (a),157936,67,pdfplumber,OK
Canal 13,2021-09-30,data/raw/pdf/Canal 13/49903/2021110476519_1.pdf,acumulado9m,actual,2021-01-01,2021-09-30,3,True,Totales,44760337,67,pdfplumber,OK
Canal 13,2021-09-30,data/raw/pdf/Canal 13/49903/2021110476519_1.pdf,acumulado9m,comparativo,2020-01-01,2020-09-30,3,True,Totales,53149356,67,pdfplumber,OK
Canal 13,2021-09-30,data/raw/pdf/Canal 13/49903/2021110476519_1.pdf,trimestre,actual,2021-07-01,2021-09-30,3,True,Totales,17021216,67,pdfplumber,OK
Canal 13,2021-09-30,data/raw/pdf/Canal 13/49903/2021110476519_1.pdf,trimestre,comparativo,2020-07-01,2020-09-30,3,True,Totales,13882739,67,pdfplumber,OK
Canal 13,2021-12-31,data/raw/pdf/Canal 13/50693/Estados financieros.pdf,anual,actual,2021-01-01,2021-12-31,0,False,Ingresos de Publicidad Pantalla abierta,49685937,70,ocr,OK
Canal 13,2021-12-31,data/raw/pdf/Canal 13/50693/Estados financieros.pdf,anual,comparativo,2020-01-01,2020-12-31,0,False,Ingresos de Publicidad Pantalla abierta,46772392,70,ocr,OK
Canal 13,2021-12-31,data/raw/pdf/Canal 13/50693/Estados financieros.pdf,anual,actual,2021-01-01,2021-12-31,1,False,Ingresos de Publicidad otras plataformas,5204008,70,ocr,OK
Canal 13,2021-12-31,data/raw/pdf/Canal 13/50693/Estados financieros.pdf,anual,comparativo,2020-01-01,2020-12-31,1,False,Ingresos de Publicidad otras plataformas,2956968,70,ocr,OK
Canal 13,2021-12-31,data/raw/pdf/Canal 13/50693/Estados financieros.pdf,anual,actual,2021-01-01,2021-12-31,2,False,Otros ingresos de explotación (a),9407800,70,ocr,OK
Canal 13,2021-12-31,data/raw/pdf/Canal 13/50693/Estados financieros.pdf,anual,comparativo,2020-01-01,2020-12-31,2,False,Otros ingresos de explotación (a),22152186,70,ocr,OK
Canal 13,2021-12-31,data/raw/pdf/Canal 13/50693/Estados financieros.pdf,anual,actual,2021-01-01,2021-12-31,3,True,Totales,64297745,70,ocr,OK
Canal 13,2021-12-31,data/raw/pdf/Canal 13/50693/Estados financieros.pdf,anual,comparativo,2020-01-01,2020-12-31,3,True,Totales,71881546,70,ocr,OK
Canal 13,2022-03-31,data/raw/pdf/Canal 13/51266/Estados Financieros Marzo 2022.pdf,trimestre,actual,2022-01-01,2022-03-31,0,False,Ingresos de Publicidad Pantalla abierta,10505901,66,pdfplumber,OK
Canal 13,2022-03-31,data/raw/pdf/Canal 13/51266/Estados Financieros Marzo 2022.pdf,trimestre,comparativo,2021-01-01,2021-03-31,0,False,Ingresos de Publicidad Pantalla abierta,9849477,66,pdfplumber,OK
Canal 13,2022-03-31,data/raw/pdf/Canal 13/51266/Estados Financieros Marzo 2022.pdf,trimestre,actual,2022-01-01,2022-03-31,1,False,Ingresos de Publicidad otras plataformas,1971411,66,pdfplumber,OK
Canal 13,2022-03-31,data/raw/pdf/Canal 13/51266/Estados Financieros Marzo 2022.pdf,trimestre,comparativo,2021-01-01,2021-03-31,1,False,Ingresos de Publicidad otras plataformas,1512741,66,pdfplumber,OK
Canal 13,2022-03-31,data/raw/pdf/Canal 13/51266/Estados Financieros Marzo 2022.pdf,trimestre,actual,2022-01-01,2022-03-31,2,False,Otros ingresos de explotación (a),1098341,66,pdfplumber,OK
Canal 13,2022-03-31,data/raw/pdf/Canal 13/51266/Estados Financieros Marzo 2022.pdf,trimestre,comparativo,2021-01-01,2021-03-31,2,False,Otros ingresos de explotación (a),862779,66,pdfplumber,OK
Canal 13,2022-03-31,data/raw/pdf/Canal 13/51266/Estados Financieros Marzo 2022.pdf,trimestre,actual,2022-01-01,2022-03-31,3,True,Totales,13575653,66,pdfplumber,OK
Canal 13,2022-03-31,data/raw/pdf/Canal 13/51266/Estados Financieros Marzo 2022.pdf,trimestre,comparativo,2021-01-01,2021-03-31,3,True,Totales,12224997,66,pdfplumber,OK
Canal 13,2022-06-30,data/raw/pdf/Canal 13/53286/2022090357517_2.pdf,semestre,actual,2022-01-01,2022-06-30,0,False,Ingresos de Publicidad Pantalla abierta,22120181,68,pdfplumber,OK
Canal 13,2022-06-30,data/raw/pdf/Canal 13/53286/2022090357517_2.pdf,semestre,comparativo,2021-01-01,2021-06-30,0,False,Ingresos de Publicidad Pantalla abierta,21526998,68,pdfplumber,OK
Canal 13,2022-06-30,data/raw/pdf/Canal 13/53286/2022090357517_2.pdf,trimestre,actual,2022-04-01,2022-06-30,0,False,Ingresos de Publicidad Pantalla abierta,12185484,68,pdfplumber,OK
Canal 13,2022-06-30,data/raw/pdf/Canal 13/53286/2022090357517_2.pdf,trimestre,comparativo,2021-04-01,2021-06-30,0,False,Ingresos de Publicidad Pantalla abierta,12209277,68,pdfplumber,OK
Canal 13,2022-06-30,data/raw/pdf/Canal 13/53286/2022090357517_2.pdf,semestre,actual,2022-01-01,2022-06-30,1,False,Ingresos de PublicidadOtras plataformas,1741082,68,pdfplumber,OK
Canal 13,2022-06-30,data/raw/pdf/Canal 13/53286/2022090357517_2.pdf,semestre,comparativo,2021-01-01,2021-06-30,1,False,Ingresos de PublicidadOtras plataformas,1447965,68,pdfplumber,OK
Canal 13,2022-06-30,data/raw/pdf/Canal 13/53286/2022090357517_2.pdf,trimestre,actual,2022-04-01,2022-06-30,1,False,Ingresos de PublicidadOtras plataformas,1012479,68,pdfplumber,OK
Canal 13,2022-06-30,data/raw/pdf/Canal 13/53286/2022090357517_2.pdf,trimestre,comparativo,2021-04-01,2021-06-30,1,False,Ingresos de PublicidadOtras plataformas,885679,68,pdfplumber,OK
Canal 13,2022-06-30,data/raw/pdf/Canal 13/53286/2022090357517_2.pdf,semestre,actual,2022-01-01,2022-06-30,2,False,Otros ingresos de explotación(a),5955987,68,pdfplumber,OK
Canal 13,2022-06-30,data/raw/pdf/Canal 13/53286/2022090357517_2.pdf,semestre,comparativo,2021-01-01,2021-06-30,2,False,Otros ingresos de explotación(a),4934788,68,pdfplumber,OK
Canal 13,2022-06-30,data/raw/pdf/Canal 13/53286/2022090357517_2.pdf,trimestre,actual,2022-04-01,2022-06-30,2,False,Otros ingresos de explotación(a),3043634,68,pdfplumber,OK
Canal 13,2022-06-30,data/raw/pdf/Canal 13/53286/2022090357517_2.pdf,trimestre,comparativo,2021-04-01,2021-06-30,2,False,Otros ingresos de explotación(a),2589798,68,pdfplumber,OK
Canal 13,2022-06-30,data/raw/pdf/Canal 13/53286/2022090357517_2.pdf,semestre,actual,2022-01-01,2022-06-30,3,True,Totales,29817250,68,pdfplumber,OK
Canal 13,2022-06-30,data/raw/pdf/Canal 13/53286/2022090357517_2.pdf,semestre,comparativo,2021-01-01,2021-06-30,3,True,Totales,27909751,68,pdfplumber,OK
Canal 13,2022-06-30,data/raw/pdf/Canal 13/53286/2022090357517_2.pdf,trimestre,actual,2022-04-01,2022-06-30,3,True,Totales,16241597,68,pdfplumber,OK
Canal 13,2022-06-30,data/raw/pdf/Canal 13/53286/2022090357517_2.pdf,trimestre,comparativo,2021-04-01,2021-06-30,3,True,Totales,15684754,68,pdfplumber,OK
Canal 13,2022-06-30,data/raw/pdf/Canal 13/53286/2022090357517_4.pdf,semestre,actual,2022-01-01,2022-06-30,0,False,Ingresos de Publicidad Pantalla abierta,22120181,68,pdfplumber,OK
Canal 13,2022-06-30,data/raw/pdf/Canal 13/53286/2022090357517_4.pdf,semestre,comparativo,2021-01-01,2021-06-30,0,False,Ingresos de Publicidad Pantalla abierta,21526998,68,pdfplumber,OK
Canal 13,2022-06-30,data/raw/pdf/Canal 13/53286/2022090357517_4.pdf,trimestre,actual,2022-04-01,2022-06-30,0,False,Ingresos de Publicidad Pantalla abierta,12185484,68,pdfplumber,OK
Canal 13,2022-06-30,data/raw/pdf/Canal 13/53286/2022090357517_4.pdf,trimestre,comparativo,2021-04-01,2021-06-30,0,False,Ingresos de Publicidad Pantalla abierta,12209277,68,pdfplumber,OK
Canal 13,2022-06-30,data/raw/pdf/Canal 13/53286/2022090357517_4.pdf,semestre,actual,2022-01-01,2022-06-30,1,False,Ingresos de PublicidadOtras plataformas,1741082,68,pdfplumber,OK
Canal 13,2022-06-30,data/raw/pdf/Canal 13/53286/2022090357517_4.pdf,semestre,comparativo,2021-01-01,2021-06-30,1,False,Ingresos de PublicidadOtras plataformas,1447965,68,pdfplumber,OK
Canal 13,2022-06-30,data/raw/pdf/Canal 13/53286/2022090357517_4.pdf,trimestre,actual,2022-04-01,2022-06-30,1,False,Ingresos de PublicidadOtras plataformas,1012479,68,pdfplumber,OK
Canal 13,2022-06-30,data/raw/pdf/Canal 13/53286/2022090357517_4.pdf,trimestre,comparativo,2021-04-01,2021-06-30,1,False,Ingresos de PublicidadOtras plataformas,885679,68,pdfplumber,OK
Canal 13,2022-06-30,data/raw/pdf/Canal 13/53286/2022090357517_4.pdf,semestre,actual,2022-01-01,2022-06-30,2,False,Otros ingresos de explotación(a),5955987,68,pdfplumber,OK
Canal 13,2022-06-30,data/raw/pdf/Canal 13/53286/2022090357517_4.pdf,semestre,comparativo,2021-01-01,2021-06-30,2,False,Otros ingresos de explotación(a),4934788,68,pdfplumber,OK
Canal 13,2022-06-30,data/raw/pdf/Canal 13/53286/2022090357517_4.pdf,trimestre,actual,2022-04-01,2022-06-30,2,False,Otros ingresos de explotación(a),3043634,68,pdfplumber,OK
Canal 13,2022-06-30,data/raw/pdf/Canal 13/53286/2022090357517_4.pdf,trimestre,comparativo,2021-04-01,2021-06-30,2,False,Otros ingresos de explotación(a),2589798,68,pdfplumber,OK
Canal 13,2022-06-30,data/raw/pdf/Canal 13/53286/2022090357517_4.pdf,semestre,actual,2022-01-01,2022-06-30,3,True,Totales,29817250,68,pdfplumber,OK
Canal 13,2022-06-30,data/raw/pdf/Canal 13/53286/2022090357517_4.pdf,semestre,comparativo,2021-01-01,2021-06-30,3,True,Totales,27909751,68,pdfplumber,OK
Canal 13,2022-06-30,data/raw/pdf/Canal 13/53286/2022090357517_4.pdf,trimestre,actual,2022-04-01,2022-06-30,3,True,Totales,16241597,68,pdfplumber,OK
Canal 13,2022-06-30,data/raw/pdf/Canal 13/53286/2022090357517_4.pdf,trimestre,comparativo,2021-04-01,2021-06-30,3,True,Totales,15684754,68,pdfplumber,OK
Canal 13,2022-09-30,data/raw/pdf/Canal 13/57118/2022110453755_0.pdf,acumulado9m,actual,2022-01-01,2022-09-30,0,False,Ingresos de Publicidad Pantalla abierta,33190537,65,pdfplumber,OK
Canal 13,2022-09-30,data/raw/pdf/Canal 13/57118/2022110453755_0.pdf,acumulado9m,comparativo,2021-01-01,2021-09-30,0,False,Ingresos de Publicidad Pantalla abierta,34510986,65,pdfplumber,OK
Canal 13,2022-09-30,data/raw/pdf/Canal 13/57118/2022110453755_0.pdf,trimestre,actual,2022-07-01,2022-09-30,0,False,Ingresos de Publicidad Pantalla abierta,11070356,65,pdfplumber,OK
Canal 13,2022-09-30,data/raw/pdf/Canal 13/57118/2022110453755_0.pdf,trimestre,comparativo,2021-07-01,2021-09-30,0,False,Ingresos de Publicidad Pantalla abierta,12983988,65,pdfplumber,OK
Canal 13,2022-09-30,data/raw/pdf/Canal 13/57118/2022110453755_0.pdf,acumulado9m,actual,2022-01-01,2022-09-30,1,False,Ingresos de Publicidad Otras plataformas,2714757,65,pdfplumber,OK
Canal 13,2022-09-30,data/raw/pdf/Canal 13/57118/2022110453755_0.pdf,acumulado9m,comparativo,2021-01-01,2021-09-30,1,False,Ingresos de Publicidad Otras plataformas,2243276,65,pdfplumber,OK
Canal 13,2022-09-30,data/raw/pdf/Canal 13/57118/2022110453755_0.pdf,trimestre,actual,2022-07-01,2022-09-30,1,False,Ingresos de Publicidad Otras plataformas,973675,65,pdfplumber,OK
Canal 13,2022-09-30,data/raw/pdf/Canal 13/57118/2022110453755_0.pdf,trimestre,comparativo,2021-07-01,2021-09-30,1,False,Ingresos de Publicidad Otras plataformas,795311,65,pdfplumber,OK
Canal 13,2022-09-30,data/raw/pdf/Canal 13/57118/2022110453755_0.pdf,acumulado9m,actual,2022-01-01,2022-09-30,2,False,Otros ingresos de explotación (a),9805134,65,pdfplumber,OK
Canal 13,2022-09-30,data/raw/pdf/Canal 13/57118/2022110453755_0.pdf,acumulado9m,comparativo,2021-01-01,2021-09-30,2,False,Otros ingresos de explotación (a),8023692,65,pdfplumber,OK
Canal 13,2022-09-30,data/raw/pdf/Canal 13/57118/2022110453755_0.pdf,trimestre,actual,2022-07-01,2022-09-30,2,False,Otros ingresos de explotación (a),3849147,65,pdfplumber,OK
Canal 13,2022-09-30,data/raw/pdf/Canal 13/57118/2022110453755_0.pdf,trimestre,comparativo,2021-07-01,2021-09-30,2,False,Otros ingresos de explotación (a),3088906,65,pdfplumber,OK
Canal 13,2022-09-30,data/raw/pdf/Canal 13/57118/2022110453755_0.pdf,acumulado9m,actual,2022-01-01,2022-09-30,3,True,Totales,45710428,65,pdfplumber,OK
Canal 13,2022-09-30,data/raw/pdf/Canal 13/57118/2022110453755_0.pdf,acumulado9m,comparativo,2021-01-01,2021-09-30,3,True,Totales,44777954,65,pdfplumber,OK
Canal 13,2022-09-30,data/raw/pdf/Canal 13/57118/2022110453755_0.pdf,trimestre,actual,2022-07-01,2022-09-30,3,True,Totales,15893178,65,pdfplumber,OK
Canal 13,2022-09-30,data/raw/pdf/Canal 13/57118/2022110453755_0.pdf,trimestre,comparativo,2021-07-01,2021-09-30,3,True,Totales,16868205,65,pdfplumber,OK
Canal 13,2022-12-31,data/raw/pdf/Canal 13/68977/2023030137056_2.pdf,anual,actual,2022-01-01,2022-12-31,0,False,Ingresos de Publicidad Pantalla abierta,47449828,70,pdfplumber,OK
Canal 13,2022-12-31,data/raw/pdf/Canal 13/68977/2023030137056_2.pdf,anual,comparativo,2021-01-01,2021-12-31,0,False,Ingresos de Publicidad Pantalla abierta,49685937,70,pdfplumber,OK
Canal 13,2022-12-31,data/raw/pdf/Canal 13/68977/2023030137056_2.pdf,anual,actual,2022-01-01,2022-12-31,1,False,Ingresos de PublicidadOtras plataformas,3638019,70,pdfplumber,OK
Canal 13,2022-12-31,data/raw/pdf/Canal 13/68977/2023030137056_2.pdf,anual,comparativo,2021-01-01,2021-12-31,1,False,Ingresos de PublicidadOtras plataformas,3432058,70,pdfplumber,OK
Canal 13,2022-12-31,data/raw/pdf/Canal 13/68977/2023030137056_2.pdf,anual,actual,2022-01-01,2022-12-31,2,False,Otros ingresos de explotación(a),13619768,70,pdfplumber,OK
Canal 13,2022-12-31,data/raw/pdf/Canal 13/68977/2023030137056_2.pdf,anual,comparativo,2021-01-01,2021-12-31,2,False,Otros ingresos de explotación(a),11208016,70,pdfplumber,OK
Canal 13,2022-12-31,data/raw/pdf/Canal 13/68977/2023030137056_2.pdf,anual,actual,2022-01-01,2022-12-31,3,True,Totales,64707615,70,pdfplumber,OK
Canal 13,2022-12-31,data/raw/pdf/Canal 13/68977/2023030137056_2.pdf,anual,comparativo,2021-01-01,2021-12-31,3,True,Totales,64326011,70,pdfplumber,OK
Canal 13,2023-03-31,data/raw/pdf/Canal 13/70644/2023050231569_3.pdf,trimestre,actual,2023-01-01,2023-03-31,0,False,Ingresos de Publicidad Pantalla abierta,11994719,66,pdfplumber,OK
Canal 13,2023-03-31,data/raw/pdf/Canal 13/70644/2023050231569_3.pdf,trimestre,comparativo,2022-01-01,2022-03-31,0,False,Ingresos de Publicidad Pantalla abierta,9934697,66,pdfplumber,OK
Canal 13,2023-03-31,data/raw/pdf/Canal 13/70644/2023050231569_3.pdf,trimestre,actual,2023-01-01,2023-03-31,1,False,Ingresos de Publicidad Otras plataformas,609018,66,pdfplumber,OK
Canal 13,2023-03-31,data/raw/pdf/Canal 13/70644/2023050231569_3.pdf,trimestre,comparativo,2022-01-01,2022-03-31,1,False,Ingresos de Publicidad Otras plataformas,728603,66,pdfplumber,OK
Canal 13,2023-03-31,data/raw/pdf/Canal 13/70644/2023050231569_3.pdf,trimestre,actual,2023-01-01,2023-03-31,2,False,Otros ingresos de explotación (a),3504247,66,pdfplumber,OK
Canal 13,2023-03-31,data/raw/pdf/Canal 13/70644/2023050231569_3.pdf,trimestre,comparativo,2022-01-01,2022-03-31,2,False,Otros ingresos de explotación (a),2912353,66,pdfplumber,OK
Canal 13,2023-03-31,data/raw/pdf/Canal 13/70644/2023050231569_3.pdf,trimestre,actual,2023-01-01,2023-03-31,3,True,Totales,16107984,66,pdfplumber,OK
Canal 13,2023-03-31,data/raw/pdf/Canal 13/70644/2023050231569_3.pdf,trimestre,comparativo,2022-01-01,2022-03-31,3,True,Totales,13575653,66,pdfplumber,OK
Canal 13,2023-06-30,data/raw/pdf/Canal 13/73693/2023090394048-1 Estados Financieros Intermedios Junio 2023.pdf,semestre,actual,2023-01-01,2023-06-30,0,False,Ingresos de Publicidad Pantalla abierta,23902868,66,pdfplumber,OK
Canal 13,2023-06-30,data/raw/pdf/Canal 13/73693/2023090394048-1 Estados Financieros Intermedios Junio 2023.pdf,semestre,comparativo,2022-01-01,2022-06-30,0,False,Ingresos de Publicidad Pantalla abierta,22120181,66,pdfplumber,OK
Canal 13,2023-06-30,data/raw/pdf/Canal 13/73693/2023090394048-1 Estados Financieros Intermedios Junio 2023.pdf,trimestre,actual,2023-04-01,2023-06-30,0,False,Ingresos de Publicidad Pantalla abierta,11908149,66,pdfplumber,OK
Canal 13,2023-06-30,data/raw/pdf/Canal 13/73693/2023090394048-1 Estados Financieros Intermedios Junio 2023.pdf,trimestre,comparativo,2022-04-01,2022-06-30,0,False,Ingresos de Publicidad Pantalla abierta,12185484,66,pdfplumber,OK
Canal 13,2023-06-30,data/raw/pdf/Canal 13/73693/2023090394048-1 Estados Financieros Intermedios Junio 2023.pdf,semestre,actual,2023-01-01,2023-06-30,1,False,Ingresos de Publicidad Otras plataformas,1564977,66,pdfplumber,OK
Canal 13,2023-06-30,data/raw/pdf/Canal 13/73693/2023090394048-1 Estados Financieros Intermedios Junio 2023.pdf,semestre,comparativo,2022-01-01,2022-06-30,1,False,Ingresos de Publicidad Otras plataformas,1741082,66,pdfplumber,OK
Canal 13,2023-06-30,data/raw/pdf/Canal 13/73693/2023090394048-1 Estados Financieros Intermedios Junio 2023.pdf,trimestre,actual,2023-04-01,2023-06-30,1,False,Ingresos de Publicidad Otras plataformas,955959,66,pdfplumber,OK
Canal 13,2023-06-30,data/raw/pdf/Canal 13/73693/2023090394048-1 Estados Financieros Intermedios Junio 2023.pdf,trimestre,comparativo,2022-04-01,2022-06-30,1,False,Ingresos de Publicidad Otras plataformas,1012479,66,pdfplumber,OK
Canal 13,2023-06-30,data/raw/pdf/Canal 13/73693/2023090394048-1 Estados Financieros Intermedios Junio 2023.pdf,semestre,actual,2023-01-01,2023-06-30,2,False,Otros ingresos de explotación (a),7365880,66,pdfplumber,OK
Canal 13,2023-06-30,data/raw/pdf/Canal 13/73693/2023090394048-1 Estados Financieros Intermedios Junio 2023.pdf,semestre,comparativo,2022-01-01,2022-06-30,2,False,Otros ingresos de explotación (a),5955987,66,pdfplumber,OK
Canal 13,2023-06-30,data/raw/pdf/Canal 13/73693/2023090394048-1 Estados Financieros Intermedios Junio 2023.pdf,trimestre,actual,2023-04-01,2023-06-30,2,False,Otros ingresos de explotación (a),3861633,66,pdfplumber,OK
Canal 13,2023-06-30,data/raw/pdf/Canal 13/73693/2023090394048-1 Estados Financieros Intermedios Junio 2023.pdf,trimestre,comparativo,2022-04-01,2022-06-30,2,False,Otros ingresos de explotación (a),3043634,66,pdfplumber,OK
Canal 13,2023-06-30,data/raw/pdf/Canal 13/73693/2023090394048-1 Estados Financieros Intermedios Junio 2023.pdf,semestre,actual,2023-01-01,2023-06-30,3,True,Totales,32833725,66,pdfplumber,OK
Canal 13,2023-06-30,data/raw/pdf/Canal 13/73693/2023090394048-1 Estados Financieros Intermedios Junio 2023.pdf,semestre,comparativo,2022-01-01,2022-06-30,3,True,Totales,29817250,66,pdfplumber,OK
Canal 13,2023-06-30,data/raw/pdf/Canal 13/73693/2023090394048-1 Estados Financieros Intermedios Junio 2023.pdf,trimestre,actual,2023-04-01,2023-06-30,3,True,Totales,16725741,66,pdfplumber,OK
Canal 13,2023-06-30,data/raw/pdf/Canal 13/73693/2023090394048-1 Estados Financieros Intermedios Junio 2023.pdf,trimestre,comparativo,2022-04-01,2022-06-30,3,True,Totales,16241597,66,pdfplumber,OK
Canal 13,2023-09-30,data/raw/pdf/Canal 13/75889/2023110517059_3.pdf,acumulado9m,actual,2023-01-01,2023-09-30,0,False,Ingresos de Publicidad Pantalla abierta,36004766,62,pdfplumber,OK
Canal 13,2023-09-30,data/raw/pdf/Canal 13/75889/2023110517059_3.pdf,acumulado9m,comparativo,2022-01-01,2022-09-30,0,False,Ingresos de Publicidad Pantalla abierta,33190537,62,pdfplumber,OK
Canal 13,2023-09-30,data/raw/pdf/Canal 13/75889/2023110517059_3.pdf,trimestre,actual,2023-07-01,2023-09-30,0,False,Ingresos de Publicidad Pantalla abierta,12101898,62,pdfplumber,OK
Canal 13,2023-09-30,data/raw/pdf/Canal 13/75889/2023110517059_3.pdf,trimestre,comparativo,2022-07-01,2022-09-30,0,False,Ingresos de Publicidad Pantalla abierta,11070356,62,pdfplumber,OK
Canal 13,2023-09-30,data/raw/pdf/Canal 13/75889/2023110517059_3.pdf,acumulado9m,actual,2023-01-01,2023-09-30,1,False,Ingresos de Publicidad Otras plataformas,2290230,62,pdfplumber,OK
Canal 13,2023-09-30,data/raw/pdf/Canal 13/75889/2023110517059_3.pdf,acumulado9m,comparativo,2022-01-01,2022-09-30,1,False,Ingresos de Publicidad Otras plataformas,2714757,62,pdfplumber,OK
Canal 13,2023-09-30,data/raw/pdf/Canal 13/75889/2023110517059_3.pdf,trimestre,actual,2023-07-01,2023-09-30,1,False,Ingresos de Publicidad Otras plataformas,725253,62,pdfplumber,OK
Canal 13,2023-09-30,data/raw/pdf/Canal 13/75889/2023110517059_3.pdf,trimestre,comparativo,2022-07-01,2022-09-30,1,False,Ingresos de Publicidad Otras plataformas,973675,62,pdfplumber,OK
Canal 13,2023-09-30,data/raw/pdf/Canal 13/75889/2023110517059_3.pdf,acumulado9m,actual,2023-01-01,2023-09-30,2,False,Otros ingresos de explotación (a),10985065,62,pdfplumber,OK
Canal 13,2023-09-30,data/raw/pdf/Canal 13/75889/2023110517059_3.pdf,acumulado9m,comparativo,2022-01-01,2022-09-30,2,False,Otros ingresos de explotación (a),9805134,62,pdfplumber,OK
Canal 13,2023-09-30,data/raw/pdf/Canal 13/75889/2023110517059_3.pdf,trimestre,actual,2023-07-01,2023-09-30,2,False,Otros ingresos de explotación (a),3619185,62,pdfplumber,OK
Canal 13,2023-09-30,data/raw/pdf/Canal 13/75889/2023110517059_3.pdf,trimestre,comparativo,2022-07-01,2022-09-30,2,False,Otros ingresos de explotación (a),3849147,62,pdfplumber,OK
Canal 13,2023-09-30,data/raw/pdf/Canal 13/75889/2023110517059_3.pdf,acumulado9m,actual,2023-01-01,2023-09-30,3,True,Totales,49280061,62,pdfplumber,OK
Canal 13,2023-09-30,data/raw/pdf/Canal 13/75889/2023110517059_3.pdf,acumulado9m,comparativo,2022-01-01,2022-09-30,3,True,Totales,45710428,62,pdfplumber,OK
Canal 13,2023-09-30,data/raw/pdf/Canal 13/75889/2023110517059_3.pdf,trimestre,actual,2023-07-01,2023-09-30,3,True,Totales,16446336,62,pdfplumber,OK
Canal 13,2023-09-30,data/raw/pdf/Canal 13/75889/2023110517059_3.pdf,trimestre,comparativo,2022-07-01,2022-09-30,3,True,Totales,15893178,62,pdfplumber,OK
Canal 13,2023-12-31,data/raw/pdf/Canal 13/79944/2024040190694_4.pdf,anual,actual,2023-01-01,2023-12-31,0,False,Ingresos de Publicidad Pantalla abierta,52680675,67,pdfplumber,OK
Canal 13,2023-12-31,data/raw/pdf/Canal 13/79944/2024040190694_4.pdf,anual,comparativo,2022-01-01,2022-12-31,0,False,Ingresos de Publicidad Pantalla abierta,47449828,67,pdfplumber,OK
Canal 13,2023-12-31,data/raw/pdf/Canal 13/79944/2024040190694_4.pdf,anual,actual,2023-01-01,2023-12-31,1,False,Ingresos de Publicidad Otras plataformas,3244433,67,pdfplumber,OK
Canal 13,2023-12-31,data/raw/pdf/Canal 13/79944/2024040190694_4.pdf,anual,comparativo,2022-01-01,2022-12-31,1,False,Ingresos de Publicidad Otras plataformas,3638019,67,pdfplumber,OK
Canal 13,2023-12-31,data/raw/pdf/Canal 13/79944/2024040190694_4.pdf,anual,actual,2023-01-01,2023-12-31,2,False,Otros ingresos de explotación (a),16137671,67,pdfplumber,OK
Canal 13,2023-12-31,data/raw/pdf/Canal 13/79944/2024040190694_4.pdf,anual,comparativo,2022-01-01,2022-12-31,2,False,Otros ingresos de explotación (a),13619768,67,pdfplumber,OK
Canal 13,2023-12-31,data/raw/pdf/Canal 13/79944/2024040190694_4.pdf,anual,actual,2023-01-01,2023-12-31,3,True,Totales,72062779,67,pdfplumber,OK
Canal 13,2023-12-31,data/raw/pdf/Canal 13/79944/2024040190694_4.pdf,anual,comparativo,2022-01-01,2022-12-31,3,True,Totales,64707615,67,pdfplumber,OK
Canal 13,2024-03-31,data/raw/pdf/Canal 13/82002/Estados financieros 1.pdf,trimestre,actual,2024-01-01,2024-03-31,0,False,Ingresos de Publicidad Pantalla abierta,12525034,63,pdfplumber,OK
Canal 13,2024-03-31,data/raw/pdf/Canal 13/82002/Estados financieros 1.pdf,trimestre,comparativo,2023-01-01,2023-03-31,0,False,Ingresos de Publicidad Pantalla abierta,11994719,63,pdfplumber,OK
Canal 13,2024-03-31,data/raw/pdf/Canal 13/82002/Estados financieros 1.pdf,trimestre,actual,2024-01-01,2024-03-31,1,False,Ingresos de Publicidad Otras plataformas,475425,63,pdfplumber,OK
Canal 13,2024-03-31,data/raw/pdf/Canal 13/82002/Estados financieros 1.pdf,trimestre,comparativo,2023-01-01,2023-03-31,1,False,Ingresos de Publicidad Otras plataformas,609018,63,pdfplumber,OK
Canal 13,2024-03-31,data/raw/pdf/Canal 13/82002/Estados financieros 1.pdf,trimestre,actual,2024-01-01,2024-03-31,2,False,Otros ingresos de explotación (a),4356355,63,pdfplumber,OK
Canal 13,2024-03-31,data/raw/pdf/Canal 13/82002/Estados financieros 1.pdf,trimestre,comparativo,2023-01-01,2023-03-31,2,False,Otros ingresos de explotación (a),3504247,63,pdfplumber,OK
Canal 13,2024-03-31,data/raw/pdf/Canal 13/82002/Estados financieros 1.pdf,trimestre,actual,2024-01-01,2024-03-31,3,True,Totales,17356814,63,pdfplumber,OK
Canal 13,2024-03-31,data/raw/pdf/Canal 13/82002/Estados financieros 1.pdf,trimestre,comparativo,2023-01-01,2023-03-31,3,True,Totales,16107984,63,pdfplumber,OK
Canal 13,2024-06-30,data/raw/pdf/Canal 13/85354/2024090487105_3.pdf,semestre,actual,2024-01-01,2024-06-30,0,False,Ingresos de Publicidad Pantalla abierta,26273676,66,pdfplumber,OK
Canal 13,2024-06-30,data/raw/pdf/Canal 13/85354/2024090487105_3.pdf,semestre,comparativo,2023-01-01,2023-06-30,0,False,Ingresos de Publicidad Pantalla abierta,23902868,66,pdfplumber,OK
Canal 13,2024-06-30,data/raw/pdf/Canal 13/85354/2024090487105_3.pdf,trimestre,actual,2024-04-01,2024-06-30,0,False,Ingresos de Publicidad Pantalla abierta,13838296,66,pdfplumber,OK
Canal 13,2024-06-30,data/raw/pdf/Canal 13/85354/2024090487105_3.pdf,trimestre,comparativo,2023-04-01,2023-06-30,0,False,Ingresos de Publicidad Pantalla abierta,11908149,66,pdfplumber,OK
Canal 13,2024-06-30,data/raw/pdf/Canal 13/85354/2024090487105_3.pdf,semestre,actual,2024-01-01,2024-06-30,1,False,Ingresos de PublicidadOtras plataformas,1308398,66,pdfplumber,OK
Canal 13,2024-06-30,data/raw/pdf/Canal 13/85354/2024090487105_3.pdf,semestre,comparativo,2023-01-01,2023-06-30,1,False,Ingresos de PublicidadOtras plataformas,1564977,66,pdfplumber,OK
Canal 13,2024-06-30,data/raw/pdf/Canal 13/85354/2024090487105_3.pdf,trimestre,actual,2024-04-01,2024-06-30,1,False,Ingresos de PublicidadOtras plataformas,743320,66,pdfplumber,OK
Canal 13,2024-06-30,data/raw/pdf/Canal 13/85354/2024090487105_3.pdf,trimestre,comparativo,2023-04-01,2023-06-30,1,False,Ingresos de PublicidadOtras plataformas,955959,66,pdfplumber,OK
Canal 13,2024-06-30,data/raw/pdf/Canal 13/85354/2024090487105_3.pdf,semestre,actual,2024-01-01,2024-06-30,2,False,Otros ingresos de explotación(a),9287349,66,pdfplumber,OK
Canal 13,2024-06-30,data/raw/pdf/Canal 13/85354/2024090487105_3.pdf,semestre,comparativo,2023-01-01,2023-06-30,2,False,Otros ingresos de explotación(a),7365880,66,pdfplumber,OK
Canal 13,2024-06-30,data/raw/pdf/Canal 13/85354/2024090487105_3.pdf,trimestre,actual,2024-04-01,2024-06-30,2,False,Otros ingresos de explotación(a),4930993,66,pdfplumber,OK
Canal 13,2024-06-30,data/raw/pdf/Canal 13/85354/2024090487105_3.pdf,trimestre,comparativo,2023-04-01,2023-06-30,2,False,Otros ingresos de explotación(a),3861633,66,pdfplumber,OK
Canal 13,2024-06-30,data/raw/pdf/Canal 13/85354/2024090487105_3.pdf,semestre,actual,2024-01-01,2024-06-30,3,True,Totales,36869423,66,pdfplumber,OK
Canal 13,2024-06-30,data/raw/pdf/Canal 13/85354/2024090487105_3.pdf,semestre,comparativo,2023-01-01,2023-06-30,3,True,Totales,32833725,66,pdfplumber,OK
Canal 13,2024-06-30,data/raw/pdf/Canal 13/85354/2024090487105_3.pdf,trimestre,actual,2024-04-01,2024-06-30,3,True,Totales,19512609,66,pdfplumber,OK
Canal 13,2024-06-30,data/raw/pdf/Canal 13/85354/2024090487105_3.pdf,trimestre,comparativo,2023-04-01,2023-06-30,3,True,Totales,16725741,66,pdfplumber,OK
Canal 13,2024-09-30,data/raw/pdf/Canal 13/88266/2024110657792_2.pdf,acumulado9m,actual,2024-01-01,2024-09-30,0,False,Ingresos de Publicidad Pantalla abierta,40522299,62,pdfplumber,OK
Canal 13,2024-09-30,data/raw/pdf/Canal 13/88266/2024110657792_2.pdf,acumulado9m,comparativo,2023-01-01,2023-09-30,0,False,Ingresos de Publicidad Pantalla abierta,36004766,62,pdfplumber,OK
Canal 13,2024-09-30,data/raw/pdf/Canal 13/88266/2024110657792_2.pdf,trimestre,actual,2024-07-01,2024-09-30,0,False,Ingresos de Publicidad Pantalla abierta,14248623,62,pdfplumber,OK
Canal 13,2024-09-30,data/raw/pdf/Canal 13/88266/2024110657792_2.pdf,trimestre,comparativo,2023-07-01,2023-09-30,0,False,Ingresos de Publicidad Pantalla abierta,12101898,62,pdfplumber,OK
Canal 13,2024-09-30,data/raw/pdf/Canal 13/88266/2024110657792_2.pdf,acumulado9m,actual,2024-01-01,2024-09-30,1,False,Ingresos de Publicidad Otras plataformas,1866845,62,pdfplumber,OK
Canal 13,2024-09-30,data/raw/pdf/Canal 13/88266/2024110657792_2.pdf,acumulado9m,comparativo,2023-01-01,2023-09-30,1,False,Ingresos de Publicidad Otras plataformas,2290230,62,pdfplumber,OK
Canal 13,2024-09-30,data/raw/pdf/Canal 13/88266/2024110657792_2.pdf,trimestre,actual,2024-07-01,2024-09-30,1,False,Ingresos de Publicidad Otras plataformas,558447,62,pdfplumber,OK
Canal 13,2024-09-30,data/raw/pdf/Canal 13/88266/2024110657792_2.pdf,trimestre,comparativo,2023-07-01,2023-09-30,1,False,Ingresos de Publicidad Otras plataformas,725253,62,pdfplumber,OK
Canal 13,2024-09-30,data/raw/pdf/Canal 13/88266/2024110657792_2.pdf,acumulado9m,actual,2024-01-01,2024-09-30,2,False,Otros ingresos de explotación (a),14177432,62,pdfplumber,OK
Canal 13,2024-09-30,data/raw/pdf/Canal 13/88266/2024110657792_2.pdf,acumulado9m,comparativo,2023-01-01,2023-09-30,2,False,Otros ingresos de explotación (a),10985065,62,pdfplumber,OK
Canal 13,2024-09-30,data/raw/pdf/Canal 13/88266/2024110657792_2.pdf,trimestre,actual,2024-07-01,2024-09-30,2,False,Otros ingresos de explotación (a),4890083,62,pdfplumber,OK
Canal 13,2024-09-30,data/raw/pdf/Canal 13/88266/2024110657792_2.pdf,trimestre,comparativo,2023-07-01,2023-09-30,2,False,Otros ingresos de explotación (a),3619185,62,pdfplumber,OK
Canal 13,2024-09-30,data/raw/pdf/Canal 13/88266/2024110657792_2.pdf,acumulado9m,actual,2024-01-01,2024-09-30,3,True,Totales,56566576,62,pdfplumber,OK
Canal 13,2024-09-30,data/raw/pdf/Canal 13/88266/2024110657792_2.pdf,acumulado9m,comparativo,2023-01-01,2023-09-30,3,True,Totales,49280061,62,pdfplumber,OK
Canal 13,2024-09-30,data/raw/pdf/Canal 13/88266/2024110657792_2.pdf,trimestre,actual,2024-07-01,2024-09-30,3,True,Totales,19697153,62,pdfplumber,OK
Canal 13,2024-09-30,data/raw/pdf/Canal 13/88266/2024110657792_2.pdf,trimestre,comparativo,2023-07-01,2023-09-30,3,True,Totales,16446336,62,pdfplumber,OK
Canal 13,2024-12-31,data/raw/pdf/Canal 13/93013/estados financieros.pdf,anual,actual,2024-01-01,2024-12-31,0,False,Ingresos de Publicidad Pantalla abierta,57302601,65,pdfplumber,OK
Canal 13,2024-12-31,data/raw/pdf/Canal 13/93013/estados financieros.pdf,anual,comparativo,2023-01-01,2023-12-31,0,False,Ingresos de Publicidad Pantalla abierta,52680675,65,pdfplumber,OK
Canal 13,2024-12-31,data/raw/pdf/Canal 13/93013/estados financieros.pdf,anual,actual,2024-01-01,2024-12-31,1,False,Ingresos de Publicidad Otras plataformas,2642229,65,pdfplumber,OK
Canal 13,2024-12-31,data/raw/pdf/Canal 13/93013/estados financieros.pdf,anual,comparativo,2023-01-01,2023-12-31,1,False,Ingresos de Publicidad Otras plataformas,3244433,65,pdfplumber,OK
Canal 13,2024-12-31,data/raw/pdf/Canal 13/93013/estados financieros.pdf,anual,actual,2024-01-01,2024-12-31,2,False,Otros ingresos de explotación (a),18965459,65,pdfplumber,OK
Canal 13,2024-12-31,data/raw/pdf/Canal 13/93013/estados financieros.pdf,anual,comparativo,2023-01-01,2023-12-31,2,False,Otros ingresos de explotación (a),16137671,65,pdfplumber,OK
Canal 13,2024-12-31,data/raw/pdf/Canal 13/93013/estados financieros.pdf,anual,actual,2024-01-01,2024-12-31,3,True,Totales,78910289,65,pdfplumber,OK
Canal 13,2024-12-31,data/raw/pdf/Canal 13/93013/estados financieros.pdf,anual,comparativo,2023-01-01,2023-12-31,3,True,Totales,72062779,65,pdfplumber,OK
Canal 13,2025-03-31,data/raw/pdf/Canal 13/95045/2025050380967_0.pdf,trimestre,actual,2025-01-01,2025-03-31,0,False,Ingresos de Publicidad Pantalla abierta,11795036,82,ocr,OK
Canal 13,2025-03-31,data/raw/pdf/Canal 13/95045/2025050380967_0.pdf,trimestre,comparativo,2024-01-01,2024-03-31,0,False,Ingresos de Publicidad Pantalla abierta,12525034,82,ocr,OK
Canal 13,2025-03-31,data/raw/pdf/Canal 13/95045/2025050380967_0.pdf,trimestre,actual,2025-01-01,2025-03-31,1,False,Ingresos de Publicidad Otras plataformas,542147,82,ocr,OK
Canal 13,2025-03-31,data/raw/pdf/Canal 13/95045/2025050380967_0.pdf,trimestre,comparativo,2024-01-01,2024-03-31,1,False,Ingresos de Publicidad Otras plataformas,475425,82,ocr,OK
Canal 13,2025-03-31,data/raw/pdf/Canal 13/95045/2025050380967_0.pdf,trimestre,actual,2025-01-01,2025-03-31,2,False,Otros ingresos de explotación (a),4258627,82,ocr,OK
Canal 13,2025-03-31,data/raw/pdf/Canal 13/95045/2025050380967_0.pdf,trimestre,comparativo,2024-01-01,2024-03-31,2,False,Otros ingresos de explotación (a),4356355,82,ocr,OK
Canal 13,2025-03-31,data/raw/pdf/Canal 13/95045/2025050380967_0.pdf,trimestre,actual,2025-01-01,2025-03-31,3,True,Totales,16595810,82,ocr,OK
Canal 13,2025-03-31,data/raw/pdf/Canal 13/95045/2025050380967_0.pdf,trimestre,comparativo,2024-01-01,2024-03-31,3,True,Totales,17356814,82,ocr,OK
Canal 13,2025-06-30,data/raw/pdf/Canal 13/98820/2025090628474_3.pdf,semestre,actual,2025-01-01,2025-06-30,0,False,Ingresos de Publicidad Pantalla abierta,26859101,64,pdfplumber,OK
Canal 13,2025-06-30,data/raw/pdf/Canal 13/98820/2025090628474_3.pdf,semestre,comparativo,2024-01-01,2024-06-30,0,False,Ingresos de Publicidad Pantalla abierta,26478990,64,pdfplumber,OK
Canal 13,2025-06-30,data/raw/pdf/Canal 13/98820/2025090628474_3.pdf,trimestre,actual,2025-04-01,2025-06-30,0,False,Ingresos de Publicidad Pantalla abierta,15064065,64,pdfplumber,OK
Canal 13,2025-06-30,data/raw/pdf/Canal 13/98820/2025090628474_3.pdf,trimestre,comparativo,2024-04-01,2024-06-30,0,False,Ingresos de Publicidad Pantalla abierta,13953956,64,pdfplumber,OK
Canal 13,2025-06-30,data/raw/pdf/Canal 13/98820/2025090628474_3.pdf,semestre,actual,2025-01-01,2025-06-30,1,False,Ingresos de Publicidad Otras plataformas,1269184,64,pdfplumber,OK
Canal 13,2025-06-30,data/raw/pdf/Canal 13/98820/2025090628474_3.pdf,semestre,comparativo,2024-01-01,2024-06-30,1,False,Ingresos de Publicidad Otras plataformas,1103085,64,pdfplumber,OK
Canal 13,2025-06-30,data/raw/pdf/Canal 13/98820/2025090628474_3.pdf,trimestre,actual,2025-04-01,2025-06-30,1,False,Ingresos de Publicidad Otras plataformas,727038,64,pdfplumber,OK
Canal 13,2025-06-30,data/raw/pdf/Canal 13/98820/2025090628474_3.pdf,trimestre,comparativo,2024-04-01,2024-06-30,1,False,Ingresos de Publicidad Otras plataformas,627660,64,pdfplumber,OK
Canal 13,2025-06-30,data/raw/pdf/Canal 13/98820/2025090628474_3.pdf,semestre,actual,2025-01-01,2025-06-30,2,False,Otros ingresos de explotación(a),9035090,64,pdfplumber,OK
Canal 13,2025-06-30,data/raw/pdf/Canal 13/98820/2025090628474_3.pdf,semestre,comparativo,2024-01-01,2024-06-30,2,False,Otros ingresos de explotación(a),9287348,64,pdfplumber,OK
Canal 13,2025-06-30,data/raw/pdf/Canal 13/98820/2025090628474_3.pdf,trimestre,actual,2025-04-01,2025-06-30,2,False,Otros ingresos de explotación(a),4776462,64,pdfplumber,OK
Canal 13,2025-06-30,data/raw/pdf/Canal 13/98820/2025090628474_3.pdf,trimestre,comparativo,2024-04-01,2024-06-30,2,False,Otros ingresos de explotación(a),4930993,64,pdfplumber,OK
Canal 13,2025-06-30,data/raw/pdf/Canal 13/98820/2025090628474_3.pdf,semestre,actual,2025-01-01,2025-06-30,3,True,Totales,37163375,64,pdfplumber,OK
Canal 13,2025-06-30,data/raw/pdf/Canal 13/98820/2025090628474_3.pdf,semestre,comparativo,2024-01-01,2024-06-30,3,True,Totales,36869423,64,pdfplumber,OK
Canal 13,2025-06-30,data/raw/pdf/Canal 13/98820/2025090628474_3.pdf,trimestre,actual,2025-04-01,2025-06-30,3,True,Totales,20567565,64,pdfplumber,OK
Canal 13,2025-06-30,data/raw/pdf/Canal 13/98820/2025090628474_3.pdf,trimestre,comparativo,2024-04-01,2024-06-30,3,True,Totales,19512609,64,pdfplumber,OK
Canal 13,2025-09-30,data/raw/pdf/Canal 13/101639/Estados financieros intermedios.pdf,acumulado9m,actual,2025-01-01,2025-09-30,0,False,Ingresos de Publicidad Pantalla abierta,42504338,60,pdfplumber,OK
Canal 13,2025-09-30,data/raw/pdf/Canal 13/101639/Estados financieros intermedios.pdf,acumulado9m,comparativo,2024-01-01,2024-09-30,0,False,Ingresos de Publicidad Pantalla abierta,40520299,60,pdfplumber,OK
Canal 13,2025-09-30,data/raw/pdf/Canal 13/101639/Estados financieros intermedios.pdf,trimestre,actual,2025-07-01,2025-09-30,0,False,Ingresos de Publicidad Pantalla abierta,15645237,60,pdfplumber,OK
Canal 13,2025-09-30,data/raw/pdf/Canal 13/101639/Estados financieros intermedios.pdf,trimestre,comparativo,2024-07-01,2024-09-30,0,False,Ingresos de Publicidad Pantalla abierta,14045248,60,pdfplumber,OK
Canal 13,2025-09-30,data/raw/pdf/Canal 13/101639/Estados financieros intermedios.pdf,acumulado9m,actual,2025-01-01,2025-09-30,1,False,Ingresos de Publicidad Otras plataformas,1855107,60,pdfplumber,OK
Canal 13,2025-09-30,data/raw/pdf/Canal 13/101639/Estados financieros intermedios.pdf,acumulado9m,comparativo,2024-01-01,2024-09-30,1,False,Ingresos de Publicidad Otras plataformas,1868845,60,pdfplumber,OK
Canal 13,2025-09-30,data/raw/pdf/Canal 13/101639/Estados financieros intermedios.pdf,trimestre,actual,2025-07-01,2025-09-30,1,False,Ingresos de Publicidad Otras plataformas,585923,60,pdfplumber,OK
Canal 13,2025-09-30,data/raw/pdf/Canal 13/101639/Estados financieros intermedios.pdf,trimestre,comparativo,2024-07-01,2024-09-30,1,False,Ingresos de Publicidad Otras plataformas,761822,60,pdfplumber,OK
Canal 13,2025-09-30,data/raw/pdf/Canal 13/101639/Estados financieros intermedios.pdf,acumulado9m,actual,2025-01-01,2025-09-30,2,False,Otros ingresos de explotación (a),13501625,60,pdfplumber,OK
Canal 13,2025-09-30,data/raw/pdf/Canal 13/101639/Estados financieros intermedios.pdf,acumulado9m,comparativo,2024-01-01,2024-09-30,2,False,Otros ingresos de explotación (a),14177432,60,pdfplumber,OK
Canal 13,2025-09-30,data/raw/pdf/Canal 13/101639/Estados financieros intermedios.pdf,trimestre,actual,2025-07-01,2025-09-30,2,False,Otros ingresos de explotación (a),4466535,60,pdfplumber,OK
Canal 13,2025-09-30,data/raw/pdf/Canal 13/101639/Estados financieros intermedios.pdf,trimestre,comparativo,2024-07-01,2024-09-30,2,False,Otros ingresos de explotación (a),4890083,60,pdfplumber,OK
Canal 13,2025-09-30,data/raw/pdf/Canal 13/101639/Estados financieros intermedios.pdf,acumulado9m,actual,2025-01-01,2025-09-30,3,True,Totales,57861070,60,pdfplumber,OK
Canal 13,2025-09-30,data/raw/pdf/Canal 13/101639/Estados financieros intermedios.pdf,acumulado9m,comparativo,2024-01-01,2024-09-30,3,True,Totales,56566576,60,pdfplumber,OK
Canal 13,2025-09-30,data/raw/pdf/Canal 13/101639/Estados financieros intermedios.pdf,trimestre,actual,2025-07-01,2025-09-30,3,True,Totales,20697695,60,pdfplumber,OK
Canal 13,2025-09-30,data/raw/pdf/Canal 13/101639/Estados financieros intermedios.pdf,trimestre,comparativo,2024-07-01,2024-09-30,3,True,Totales,19697153,60,pdfplumber,OK
Canal 13,2025-12-31,data/raw/pdf/Canal 13/109182/2026030220532_1.pdf,anual,actual,2025-01-01,2025-12-31,0,False,Ingresos de Publicidad Pantalla abierta,59951329,64,pdfplumber,OK
Canal 13,2025-12-31,data/raw/pdf/Canal 13/109182/2026030220532_1.pdf,anual,comparativo,2024-01-01,2024-12-31,0,False,Ingresos de Publicidad Pantalla abierta,57302601,64,pdfplumber,OK
Canal 13,2025-12-31,data/raw/pdf/Canal 13/109182/2026030220532_1.pdf,anual,actual,2025-01-01,2025-12-31,1,False,Ingresos de Publicidad Otras plataformas,2617226,64,pdfplumber,OK
Canal 13,2025-12-31,data/raw/pdf/Canal 13/109182/2026030220532_1.pdf,anual,comparativo,2024-01-01,2024-12-31,1,False,Ingresos de Publicidad Otras plataformas,2642229,64,pdfplumber,OK
Canal 13,2025-12-31,data/raw/pdf/Canal 13/109182/2026030220532_1.pdf,anual,actual,2025-01-01,2025-12-31,2,False,Otros ingresos de explotación(a),18980969,64,pdfplumber,OK
Canal 13,2025-12-31,data/raw/pdf/Canal 13/109182/2026030220532_1.pdf,anual,comparativo,2024-01-01,2024-12-31,2,False,Otros ingresos de explotación(a),18965459,64,pdfplumber,OK
Canal 13,2025-12-31,data/raw/pdf/Canal 13/109182/2026030220532_1.pdf,anual,actual,2025-01-01,2025-12-31,3,True,Totales,81549524,64,pdfplumber,OK
Canal 13,2025-12-31,data/raw/pdf/Canal 13/109182/2026030220532_1.pdf,anual,comparativo,2024-01-01,2024-12-31,3,True,Totales,78910289,64,pdfplumber,OK
Canal 13,2026-03-31,data/raw/pdf/Canal 13/111123/2026050358805_0.pdf,trimestre,actual,2026-01-01,2026-03-31,0,False,Ingresos de Publicidad Pantalla abierta,12231659,61,pdfplumber,OK
Canal 13,2026-03-31,data/raw/pdf/Canal 13/111123/2026050358805_0.pdf,trimestre,comparativo,2025-01-01,2025-03-31,0,False,Ingresos de Publicidad Pantalla abierta,11795036,61,pdfplumber,OK
Canal 13,2026-03-31,data/raw/pdf/Canal 13/111123/2026050358805_0.pdf,trimestre,actual,2026-01-01,2026-03-31,1,False,Ingresos de Publicidad Otras plataformas,599962,61,pdfplumber,OK
Canal 13,2026-03-31,data/raw/pdf/Canal 13/111123/2026050358805_0.pdf,trimestre,comparativo,2025-01-01,2025-03-31,1,False,Ingresos de Publicidad Otras plataformas,542147,61,pdfplumber,OK
Canal 13,2026-03-31,data/raw/pdf/Canal 13/111123/2026050358805_0.pdf,trimestre,actual,2026-01-01,2026-03-31,2,False,Otros ingresos de explotación (a),4679345,61,pdfplumber,OK
Canal 13,2026-03-31,data/raw/pdf/Canal 13/111123/2026050358805_0.pdf,trimestre,comparativo,2025-01-01,2025-03-31,2,False,Otros ingresos de explotación (a),4258627,61,pdfplumber,OK
Canal 13,2026-03-31,data/raw/pdf/Canal 13/111123/2026050358805_0.pdf,trimestre,actual,2026-01-01,2026-03-31,3,True,Totales,17510966,61,pdfplumber,OK
Canal 13,2026-03-31,data/raw/pdf/Canal 13/111123/2026050358805_0.pdf,trimestre,comparativo,2025-01-01,2025-03-31,3,True,Totales,16595810,61,pdfplumber,OK
Canal 13,2026-06-30,data/raw/pdf/Canal 13/113709/2026090594155-0.pdf,semestre,actual,2026-01-01,2026-06-30,0,False,Ingresos de Publicidad Pantalla abierta,26162497,67,pdfplumber,OK
Canal 13,2026-06-30,data/raw/pdf/Canal 13/113709/2026090594155-0.pdf,semestre,comparativo,2025-01-01,2025-06-30,0,False,Ingresos de Publicidad Pantalla abierta,26859101,67,pdfplumber,OK
Canal 13,2026-06-30,data/raw/pdf/Canal 13/113709/2026090594155-0.pdf,trimestre,actual,2026-04-01,2026-06-30,0,False,Ingresos de Publicidad Pantalla abierta,13930839,67,pdfplumber,OK
Canal 13,2026-06-30,data/raw/pdf/Canal 13/113709/2026090594155-0.pdf,trimestre,comparativo,2025-04-01,2025-06-30,0,False,Ingresos de Publicidad Pantalla abierta,15064065,67,pdfplumber,OK
Canal 13,2026-06-30,data/raw/pdf/Canal 13/113709/2026090594155-0.pdf,semestre,actual,2026-01-01,2026-06-30,1,False,Ingresos de PublicidadOtras plataformas,1044544,67,pdfplumber,OK
Canal 13,2026-06-30,data/raw/pdf/Canal 13/113709/2026090594155-0.pdf,semestre,comparativo,2025-01-01,2025-06-30,1,False,Ingresos de PublicidadOtras plataformas,1269184,67,pdfplumber,OK
Canal 13,2026-06-30,data/raw/pdf/Canal 13/113709/2026090594155-0.pdf,trimestre,actual,2026-04-01,2026-06-30,1,False,Ingresos de PublicidadOtras plataformas,444582,67,pdfplumber,OK
Canal 13,2026-06-30,data/raw/pdf/Canal 13/113709/2026090594155-0.pdf,trimestre,comparativo,2025-04-01,2025-06-30,1,False,Ingresos de PublicidadOtras plataformas,727038,67,pdfplumber,OK
Canal 13,2026-06-30,data/raw/pdf/Canal 13/113709/2026090594155-0.pdf,semestre,actual,2026-01-01,2026-06-30,2,False,Otros ingresos de explotación(a),11182930,67,pdfplumber,OK
Canal 13,2026-06-30,data/raw/pdf/Canal 13/113709/2026090594155-0.pdf,semestre,comparativo,2025-01-01,2025-06-30,2,False,Otros ingresos de explotación(a),9035090,67,pdfplumber,OK
Canal 13,2026-06-30,data/raw/pdf/Canal 13/113709/2026090594155-0.pdf,trimestre,actual,2026-04-01,2026-06-30,2,False,Otros ingresos de explotación(a),6503584,67,pdfplumber,OK
Canal 13,2026-06-30,data/raw/pdf/Canal 13/113709/2026090594155-0.pdf,trimestre,comparativo,2025-04-01,2025-06-30,2,False,Otros ingresos de explotación(a),4776462,67,pdfplumber,OK
Canal 13,2026-06-30,data/raw/pdf/Canal 13/113709/2026090594155-0.pdf,semestre,actual,2026-01-01,2026-06-30,3,True,Totales,38389971,67,pdfplumber,OK
Canal 13,2026-06-30,data/raw/pdf/Canal 13/113709/2026090594155-0.pdf,semestre,comparativo,2025-01-01,2025-06-30,3,True,Totales,37163375,67,pdfplumber,OK
Canal 13,2026-06-30,data/raw/pdf/Canal 13/113709/2026090594155-0.pdf,trimestre,actual,2026-04-01,2026-06-30,3,True,Totales,20879005,67,pdfplumber,OK
Canal 13,2026-06-30,data/raw/pdf/Canal 13/113709/2026090594155-0.pdf,trimestre,comparativo,2025-04-01,2025-06-30,3,True,Totales,20567565,67,pdfplumber,OK
Chilevisión,2017-12-31,data/raw/pdf/Chilevisión/29083/articles-29083_recurso_1.pdf,anual,actual,2017-01-01,2017-12-31,0,False,Ingresos por publicidad (1),47796944,63,ocr400,OK
Chilevisión,2017-12-31,data/raw/pdf/Chilevisión/29083/articles-29083_recurso_1.pdf,anual,comparativo,2016-01-01,2016-12-31,0,False,Ingresos por publicidad (1),46522073,63,ocr400,OK
Chilevisión,2017-12-31,data/raw/pdf/Chilevisión/29083/articles-29083_recurso_1.pdf,anual,actual,2017-01-01,2017-12-31,1,False,Ingresos nuevos negocios (2),1142530,63,ocr400,OK
Chilevisión,2017-12-31,data/raw/pdf/Chilevisión/29083/articles-29083_recurso_1.pdf,anual,comparativo,2016-01-01,2016-12-31,1,False,Ingresos nuevos negocios (2),1484977,63,ocr400,OK
Chilevisión,2017-12-31,data/raw/pdf/Chilevisión/29083/articles-29083_recurso_1.pdf,anual,actual,2017-01-01,2017-12-31,2,False,Ingresos por eventos y espectáculos (3),2692455,63,ocr400,OK
Chilevisión,2017-12-31,data/raw/pdf/Chilevisión/29083/articles-29083_recurso_1.pdf,anual,comparativo,2016-01-01,2016-12-31,2,False,Ingresos por eventos y espectáculos (3),2558883,63,ocr400,OK
Chilevisión,2017-12-31,data/raw/pdf/Chilevisión/29083/articles-29083_recurso_1.pdf,anual,actual,2017-01-01,2017-12-31,3,True,Totales,51631929,63,ocr400,OK
Chilevisión,2017-12-31,data/raw/pdf/Chilevisión/29083/articles-29083_recurso_1.pdf,anual,comparativo,2016-01-01,2016-12-31,3,True,Totales,50565933,63,ocr400,OK
Chilevisión,2019-12-31,data/raw/pdf/Chilevisión/28710/2020040141840_2.pdf,anual,actual,2019-01-01,2019-12-31,0,False,Ingresos por publicidad (1),38305194,58,pdfplumber,OK
Chilevisión,2019-12-31,data/raw/pdf/Chilevisión/28710/2020040141840_2.pdf,anual,comparativo,2018-01-01,2018-12-31,0,False,Ingresos por publicidad (1),48658847,58,pdfplumber,OK
Chilevisión,2019-12-31,data/raw/pdf/Chilevisión/28710/2020040141840_2.pdf,anual,actual,2019-01-01,2019-12-31,1,False,Ingresos nuevos negocios (2),2848766,58,pdfplumber,OK
Chilevisión,2019-12-31,data/raw/pdf/Chilevisión/28710/2020040141840_2.pdf,anual,comparativo,2018-01-01,2018-12-31,1,False,Ingresos nuevos negocios (2),2793874,58,pdfplumber,OK
Chilevisión,2019-12-31,data/raw/pdf/Chilevisión/28710/2020040141840_2.pdf,anual,actual,2019-01-01,2019-12-31,2,False,Ingresos por Comisión Publicidad TV (TILA) (3),1268593,58,pdfplumber,OK
Chilevisión,2019-12-31,data/raw/pdf/Chilevisión/28710/2020040141840_2.pdf,anual,comparativo,2018-01-01,2018-12-31,2,False,Ingresos por Comisión Publicidad TV (TILA) (3),1822123,58,pdfplumber,OK
Chilevisión,2019-12-31,data/raw/pdf/Chilevisión/28710/2020040141840_2.pdf,anual,actual,2019-01-01,2019-12-31,3,False,Ingresos por eventos y espectáculos (4),190238,58,pdfplumber,OK
Chilevisión,2019-12-31,data/raw/pdf/Chilevisión/28710/2020040141840_2.pdf,anual,comparativo,2018-01-01,2018-12-31,3,False,Ingresos por eventos y espectáculos (4),3357773,58,pdfplumber,OK
Chilevisión,2019-12-31,data/raw/pdf/Chilevisión/28710/2020040141840_2.pdf,anual,actual,2019-01-01,2019-12-31,4,True,Totales,42612791,58,pdfplumber,OK
Chilevisión,2019-12-31,data/raw/pdf/Chilevisión/28710/2020040141840_2.pdf,anual,comparativo,2018-01-01,2018-12-31,4,True,Totales,56632617,58,pdfplumber,OK
Chilevisión,2020-03-31,data/raw/pdf/Chilevisión/29052/2020050178104_2.pdf,trimestre,actual,2020-01-01,2020-03-31,0,False,Ingresos por publicidad (1),7919949,53,pdfplumber,OK
Chilevisión,2020-03-31,data/raw/pdf/Chilevisión/29052/2020050178104_2.pdf,trimestre,comparativo,2019-01-01,2019-03-31,0,False,Ingresos por publicidad (1),10450849,53,pdfplumber,OK
Chilevisión,2020-03-31,data/raw/pdf/Chilevisión/29052/2020050178104_2.pdf,trimestre,actual,2020-01-01,2020-03-31,1,False,Ingresos nuevos negocios (2),698692,53,pdfplumber,OK
Chilevisión,2020-03-31,data/raw/pdf/Chilevisión/29052/2020050178104_2.pdf,trimestre,comparativo,2019-01-01,2019-03-31,1,False,Ingresos nuevos negocios (2),751414,53,pdfplumber,OK
Chilevisión,2020-03-31,data/raw/pdf/Chilevisión/29052/2020050178104_2.pdf,trimestre,actual,2020-01-01,2020-03-31,2,False,Ingresos por Comisión Publicidad TV (TILA) (3),302713,53,pdfplumber,OK
Chilevisión,2020-03-31,data/raw/pdf/Chilevisión/29052/2020050178104_2.pdf,trimestre,comparativo,2019-01-01,2019-03-31,2,False,Ingresos por Comisión Publicidad TV (TILA) (3),386867,53,pdfplumber,OK
Chilevisión,2020-03-31,data/raw/pdf/Chilevisión/29052/2020050178104_2.pdf,trimestre,actual,2020-01-01,2020-03-31,3,False,Ingresos por eventos y espectáculos (4),12310,53,pdfplumber,OK
Chilevisión,2020-03-31,data/raw/pdf/Chilevisión/29052/2020050178104_2.pdf,trimestre,comparativo,2019-01-01,2019-03-31,3,False,Ingresos por eventos y espectáculos (4),19875,53,pdfplumber,OK
Chilevisión,2020-03-31,data/raw/pdf/Chilevisión/29052/2020050178104_2.pdf,trimestre,actual,2020-01-01,2020-03-31,4,True,Totales,8933664,53,pdfplumber,OK
Chilevisión,2020-03-31,data/raw/pdf/Chilevisión/29052/2020050178104_2.pdf,trimestre,comparativo,2019-01-01,2019-03-31,4,True,Totales,11609005,53,pdfplumber,OK
Chilevisión,2020-06-30,data/raw/pdf/Chilevisión/29823/2.pdf,semestre,actual,2020-01-01,2020-06-30,0,False,Ingresos por publicidad (1),14506888,57,pdfplumber,OK
Chilevisión,2020-06-30,data/raw/pdf/Chilevisión/29823/2.pdf,semestre,comparativo,2019-01-01,2019-06-30,0,False,Ingresos por publicidad (1),21049965,57,pdfplumber,OK
Chilevisión,2020-06-30,data/raw/pdf/Chilevisión/29823/2.pdf,trimestre,actual,2020-04-01,2020-06-30,0,False,Ingresos por publicidad (1),6586939,57,pdfplumber,OK
Chilevisión,2020-06-30,data/raw/pdf/Chilevisión/29823/2.pdf,trimestre,comparativo,2019-04-01,2019-06-30,0,False,Ingresos por publicidad (1),10599116,57,pdfplumber,OK
Chilevisión,2020-06-30,data/raw/pdf/Chilevisión/29823/2.pdf,semestre,actual,2020-01-01,2020-06-30,1,False,Ingresos nuevos negocios (2),1292216,57,pdfplumber,OK
Chilevisión,2020-06-30,data/raw/pdf/Chilevisión/29823/2.pdf,semestre,comparativo,2019-01-01,2019-06-30,1,False,Ingresos nuevos negocios (2),1826890,57,pdfplumber,OK
Chilevisión,2020-06-30,data/raw/pdf/Chilevisión/29823/2.pdf,trimestre,actual,2020-04-01,2020-06-30,1,False,Ingresos nuevos negocios (2),593524,57,pdfplumber,OK
Chilevisión,2020-06-30,data/raw/pdf/Chilevisión/29823/2.pdf,trimestre,comparativo,2019-04-01,2019-06-30,1,False,Ingresos nuevos negocios (2),1075476,57,pdfplumber,OK
Chilevisión,2020-06-30,data/raw/pdf/Chilevisión/29823/2.pdf,semestre,actual,2020-01-01,2020-06-30,2,False,Ingresos por Comisión Publicidad TV (TILA) (3),497427,57,pdfplumber,OK
Chilevisión,2020-06-30,data/raw/pdf/Chilevisión/29823/2.pdf,semestre,comparativo,2019-01-01,2019-06-30,2,False,Ingresos por Comisión Publicidad TV (TILA) (3),751211,57,pdfplumber,OK
Chilevisión,2020-06-30,data/raw/pdf/Chilevisión/29823/2.pdf,trimestre,actual,2020-04-01,2020-06-30,2,False,Ingresos por Comisión Publicidad TV (TILA) (3),194714,57,pdfplumber,OK
Chilevisión,2020-06-30,data/raw/pdf/Chilevisión/29823/2.pdf,trimestre,comparativo,2019-04-01,2019-06-30,2,False,Ingresos por Comisión Publicidad TV (TILA) (3),364344,57,pdfplumber,OK
Chilevisión,2020-06-30,data/raw/pdf/Chilevisión/29823/2.pdf,semestre,actual,2020-01-01,2020-06-30,3,False,Ingresos por eventos y espectáculos (4),21958,57,pdfplumber,OK
Chilevisión,2020-06-30,data/raw/pdf/Chilevisión/29823/2.pdf,semestre,comparativo,2019-01-01,2019-06-30,3,False,Ingresos por eventos y espectáculos (4),45407,57,pdfplumber,OK
Chilevisión,2020-06-30,data/raw/pdf/Chilevisión/29823/2.pdf,trimestre,actual,2020-04-01,2020-06-30,3,False,Ingresos por eventos y espectáculos (4),9648,57,pdfplumber,OK
Chilevisión,2020-06-30,data/raw/pdf/Chilevisión/29823/2.pdf,trimestre,comparativo,2019-04-01,2019-06-30,3,False,Ingresos por eventos y espectáculos (4),25532,57,pdfplumber,OK
Chilevisión,2020-06-30,data/raw/pdf/Chilevisión/29823/2.pdf,semestre,actual,2020-01-01,2020-06-30,4,True,Totales ingresos de actividades ordinarias,16318489,57,pdfplumber,OK
Chilevisión,2020-06-30,data/raw/pdf/Chilevisión/29823/2.pdf,semestre,comparativo,2019-01-01,2019-06-30,4,True,Totales ingresos de actividades ordinarias,23673473,57,pdfplumber,OK
Chilevisión,2020-06-30,data/raw/pdf/Chilevisión/29823/2.pdf,trimestre,actual,2020-04-01,2020-06-30,4,True,Totales ingresos de actividades ordinarias,7384825,57,pdfplumber,OK
Chilevisión,2020-06-30,data/raw/pdf/Chilevisión/29823/2.pdf,trimestre,comparativo,2019-04-01,2019-06-30,4,True,Totales ingresos de actividades ordinarias,12064468,57,pdfplumber,OK
Chilevisión,2020-09-30,data/raw/pdf/Chilevisión/38815/2020110486640_3.pdf,acumulado9m,actual,2020-01-01,2020-09-30,0,False,Ingresos por publicidad (1),23848354,57,pdfplumber,OK
Chilevisión,2020-09-30,data/raw/pdf/Chilevisión/38815/2020110486640_3.pdf,acumulado9m,comparativo,2019-01-01,2019-09-30,0,False,Ingresos por publicidad (1),31358928,57,pdfplumber,OK
Chilevisión,2020-09-30,data/raw/pdf/Chilevisión/38815/2020110486640_3.pdf,trimestre,actual,2020-07-01,2020-09-30,0,False,Ingresos por publicidad (1),9341466,57,pdfplumber,OK
Chilevisión,2020-09-30,data/raw/pdf/Chilevisión/38815/2020110486640_3.pdf,trimestre,comparativo,2019-07-01,2019-09-30,0,False,Ingresos por publicidad (1),10308963,57,pdfplumber,OK
Chilevisión,2020-09-30,data/raw/pdf/Chilevisión/38815/2020110486640_3.pdf,acumulado9m,actual,2020-01-01,2020-09-30,1,False,Ingresos nuevos negocios (2),1895264,57,pdfplumber,OK
Chilevisión,2020-09-30,data/raw/pdf/Chilevisión/38815/2020110486640_3.pdf,acumulado9m,comparativo,2019-01-01,2019-09-30,1,False,Ingresos nuevos negocios (2),2463322,57,pdfplumber,OK
Chilevisión,2020-09-30,data/raw/pdf/Chilevisión/38815/2020110486640_3.pdf,trimestre,actual,2020-07-01,2020-09-30,1,False,Ingresos nuevos negocios (2),603048,57,pdfplumber,OK
Chilevisión,2020-09-30,data/raw/pdf/Chilevisión/38815/2020110486640_3.pdf,trimestre,comparativo,2019-07-01,2019-09-30,1,False,Ingresos nuevos negocios (2),636432,57,pdfplumber,OK
Chilevisión,2020-09-30,data/raw/pdf/Chilevisión/38815/2020110486640_3.pdf,acumulado9m,actual,2020-01-01,2020-09-30,2,False,Ingresos por Comisión Publicidad TV (TILA) (3),828111,57,pdfplumber,OK
Chilevisión,2020-09-30,data/raw/pdf/Chilevisión/38815/2020110486640_3.pdf,acumulado9m,comparativo,2019-01-01,2019-09-30,2,False,Ingresos por Comisión Publicidad TV (TILA) (3),1184190,57,pdfplumber,OK
Chilevisión,2020-09-30,data/raw/pdf/Chilevisión/38815/2020110486640_3.pdf,trimestre,actual,2020-07-01,2020-09-30,2,False,Ingresos por Comisión Publicidad TV (TILA) (3),330684,57,pdfplumber,OK
Chilevisión,2020-09-30,data/raw/pdf/Chilevisión/38815/2020110486640_3.pdf,trimestre,comparativo,2019-07-01,2019-09-30,2,False,Ingresos por Comisión Publicidad TV (TILA) (3),432979,57,pdfplumber,OK
Chilevisión,2020-09-30,data/raw/pdf/Chilevisión/38815/2020110486640_3.pdf,acumulado9m,actual,2020-01-01,2020-09-30,3,False,Ingresos por eventos y espectáculos (4),31316,57,pdfplumber,OK
Chilevisión,2020-09-30,data/raw/pdf/Chilevisión/38815/2020110486640_3.pdf,acumulado9m,comparativo,2019-01-01,2019-09-30,3,False,Ingresos por eventos y espectáculos (4),56752,57,pdfplumber,OK
Chilevisión,2020-09-30,data/raw/pdf/Chilevisión/38815/2020110486640_3.pdf,trimestre,actual,2020-07-01,2020-09-30,3,False,Ingresos por eventos y espectáculos (4),9358,57,pdfplumber,OK
Chilevisión,2020-09-30,data/raw/pdf/Chilevisión/38815/2020110486640_3.pdf,trimestre,comparativo,2019-07-01,2019-09-30,3,False,Ingresos por eventos y espectáculos (4),11345,57,pdfplumber,OK
Chilevisión,2020-09-30,data/raw/pdf/Chilevisión/38815/2020110486640_3.pdf,acumulado9m,actual,2020-01-01,2020-09-30,4,True,Totales ingresos de actividades ordinarias,26603045,57,pdfplumber,OK
Chilevisión,2020-09-30,data/raw/pdf/Chilevisión/38815/2020110486640_3.pdf,acumulado9m,comparativo,2019-01-01,2019-09-30,4,True,Totales ingresos de actividades ordinarias,35063192,57,pdfplumber,OK
Chilevisión,2020-09-30,data/raw/pdf/Chilevisión/38815/2020110486640_3.pdf,trimestre,actual,2020-07-01,2020-09-30,4,True,Totales ingresos de actividades ordinarias,10284556,57,pdfplumber,OK
Chilevisión,2020-09-30,data/raw/pdf/Chilevisión/38815/2020110486640_3.pdf,trimestre,comparativo,2019-07-01,2019-09-30,4,True,Totales ingresos de actividades ordinarias,11389719,57,pdfplumber,OK
Chilevisión,2020-12-31,data/raw/pdf/Chilevisión/47353/2021030124626_1.pdf,anual,actual,2020-01-01,2020-12-31,0,False,Ingresos por publicidad (1),40754522,59,pdfplumber,OK
Chilevisión,2020-12-31,data/raw/pdf/Chilevisión/47353/2021030124626_1.pdf,anual,comparativo,2019-01-01,2019-12-31,0,False,Ingresos por publicidad (1),38305194,59,pdfplumber,OK
Chilevisión,2020-12-31,data/raw/pdf/Chilevisión/47353/2021030124626_1.pdf,anual,actual,2020-01-01,2020-12-31,1,False,Ingresos nuevos negocios (2),2865828,59,pdfplumber,OK
Chilevisión,2020-12-31,data/raw/pdf/Chilevisión/47353/2021030124626_1.pdf,anual,comparativo,2019-01-01,2019-12-31,1,False,Ingresos nuevos negocios (2),2848766,59,pdfplumber,OK
Chilevisión,2020-12-31,data/raw/pdf/Chilevisión/47353/2021030124626_1.pdf,anual,actual,2020-01-01,2020-12-31,2,False,Ingresos por Comisión Publicidad TV (TILA) (3),1492469,59,pdfplumber,OK
Chilevisión,2020-12-31,data/raw/pdf/Chilevisión/47353/2021030124626_1.pdf,anual,comparativo,2019-01-01,2019-12-31,2,False,Ingresos por Comisión Publicidad TV (TILA) (3),1268593,59,pdfplumber,OK
Chilevisión,2020-12-31,data/raw/pdf/Chilevisión/47353/2021030124626_1.pdf,anual,actual,2020-01-01,2020-12-31,3,False,Ingresos por eventos y espectáculos (4),43140,59,pdfplumber,OK
Chilevisión,2020-12-31,data/raw/pdf/Chilevisión/47353/2021030124626_1.pdf,anual,comparativo,2019-01-01,2019-12-31,3,False,Ingresos por eventos y espectáculos (4),190238,59,pdfplumber,OK
Chilevisión,2020-12-31,data/raw/pdf/Chilevisión/47353/2021030124626_1.pdf,anual,actual,2020-01-01,2020-12-31,4,True,Totales ingresos de actividades ordinarias,45155959,59,pdfplumber,OK
Chilevisión,2020-12-31,data/raw/pdf/Chilevisión/47353/2021030124626_1.pdf,anual,comparativo,2019-01-01,2019-12-31,4,True,Totales ingresos de actividades ordinarias,42612791,59,pdfplumber,OK
Chilevisión,2021-03-31,data/raw/pdf/Chilevisión/47716/2021050210956_2.pdf,trimestre,actual,2021-01-01,2021-03-31,0,False,Ingresos por publicidad (1),10552001,57,pdfplumber,OK
Chilevisión,2021-03-31,data/raw/pdf/Chilevisión/47716/2021050210956_2.pdf,trimestre,comparativo,2020-01-01,2020-03-31,0,False,Ingresos por publicidad (1),7919949,57,pdfplumber,OK
Chilevisión,2021-03-31,data/raw/pdf/Chilevisión/47716/2021050210956_2.pdf,trimestre,actual,2021-01-01,2021-03-31,1,False,Ingresos nuevos negocios (2),654275,57,pdfplumber,OK
Chilevisión,2021-03-31,data/raw/pdf/Chilevisión/47716/2021050210956_2.pdf,trimestre,comparativo,2020-01-01,2020-03-31,1,False,Ingresos nuevos negocios (2),698692,57,pdfplumber,OK
Chilevisión,2021-03-31,data/raw/pdf/Chilevisión/47716/2021050210956_2.pdf,trimestre,actual,2021-01-01,2021-03-31,2,False,Ingresos por Comisión Publicidad TV (TILA) (3),155622,57,pdfplumber,OK
Chilevisión,2021-03-31,data/raw/pdf/Chilevisión/47716/2021050210956_2.pdf,trimestre,comparativo,2020-01-01,2020-03-31,2,False,Ingresos por Comisión Publicidad TV (TILA) (3),302713,57,pdfplumber,OK
Chilevisión,2021-03-31,data/raw/pdf/Chilevisión/47716/2021050210956_2.pdf,trimestre,actual,2021-01-01,2021-03-31,3,False,Ingresos por eventos y espectáculos (4),2114,57,pdfplumber,OK
Chilevisión,2021-03-31,data/raw/pdf/Chilevisión/47716/2021050210956_2.pdf,trimestre,comparativo,2020-01-01,2020-03-31,3,False,Ingresos por eventos y espectáculos (4),12310,57,pdfplumber,OK
Chilevisión,2021-03-31,data/raw/pdf/Chilevisión/47716/2021050210956_2.pdf,trimestre,actual,2021-01-01,2021-03-31,4,True,Totales ingresos de actividades ordinarias,11364012,57,pdfplumber,OK
Chilevisión,2021-03-31,data/raw/pdf/Chilevisión/47716/2021050210956_2.pdf,trimestre,comparativo,2020-01-01,2020-03-31,4,True,Totales ingresos de actividades ordinarias,8933664,57,pdfplumber,OK
Chilevisión,2021-06-30,data/raw/pdf/Chilevisión/49401/2021090377437_0 (2).pdf,semestre,actual,2021-01-01,2021-06-30,0,False,Ingresos por publicidad (1),26778427,59,pdfplumber,OK
Chilevisión,2021-06-30,data/raw/pdf/Chilevisión/49401/2021090377437_0 (2).pdf,semestre,comparativo,2020-01-01,2020-06-30,0,False,Ingresos por publicidad (1),14506888,59,pdfplumber,OK
Chilevisión,2021-06-30,data/raw/pdf/Chilevisión/49401/2021090377437_0 (2).pdf,trimestre,actual,2021-04-01,2021-06-30,0,False,Ingresos por publicidad (1),16226426,59,pdfplumber,OK
Chilevisión,2021-06-30,data/raw/pdf/Chilevisión/49401/2021090377437_0 (2).pdf,trimestre,comparativo,2020-04-01,2020-06-30,0,False,Ingresos por publicidad (1),6586939,59,pdfplumber,OK
Chilevisión,2021-06-30,data/raw/pdf/Chilevisión/49401/2021090377437_0 (2).pdf,semestre,actual,2021-01-01,2021-06-30,1,False,Ingresos nuevos negocios (2),1647630,59,pdfplumber,OK
Chilevisión,2021-06-30,data/raw/pdf/Chilevisión/49401/2021090377437_0 (2).pdf,semestre,comparativo,2020-01-01,2020-06-30,1,False,Ingresos nuevos negocios (2),1292216,59,pdfplumber,OK
Chilevisión,2021-06-30,data/raw/pdf/Chilevisión/49401/2021090377437_0 (2).pdf,trimestre,actual,2021-04-01,2021-06-30,1,False,Ingresos nuevos negocios (2),993355,59,pdfplumber,OK
Chilevisión,2021-06-30,data/raw/pdf/Chilevisión/49401/2021090377437_0 (2).pdf,trimestre,comparativo,2020-04-01,2020-06-30,1,False,Ingresos nuevos negocios (2),593524,59,pdfplumber,OK
Chilevisión,2021-06-30,data/raw/pdf/Chilevisión/49401/2021090377437_0 (2).pdf,semestre,actual,2021-01-01,2021-06-30,2,False,Ingresos por Comisión Publicidad TV (TILA) (3),19090,59,pdfplumber,OK
Chilevisión,2021-06-30,data/raw/pdf/Chilevisión/49401/2021090377437_0 (2).pdf,semestre,comparativo,2020-01-01,2020-06-30,2,False,Ingresos por Comisión Publicidad TV (TILA) (3),497427,59,pdfplumber,OK
Chilevisión,2021-06-30,data/raw/pdf/Chilevisión/49401/2021090377437_0 (2).pdf,trimestre,actual,2021-04-01,2021-06-30,2,False,Ingresos por Comisión Publicidad TV (TILA) (3),-136532,59,pdfplumber,OK
Chilevisión,2021-06-30,data/raw/pdf/Chilevisión/49401/2021090377437_0 (2).pdf,trimestre,comparativo,2020-04-01,2020-06-30,2,False,Ingresos por Comisión Publicidad TV (TILA) (3),194714,59,pdfplumber,OK
Chilevisión,2021-06-30,data/raw/pdf/Chilevisión/49401/2021090377437_0 (2).pdf,semestre,actual,2021-01-01,2021-06-30,3,False,Ingresos por eventos y espectáculos (4),149513,59,pdfplumber,OK
Chilevisión,2021-06-30,data/raw/pdf/Chilevisión/49401/2021090377437_0 (2).pdf,semestre,comparativo,2020-01-01,2020-06-30,3,False,Ingresos por eventos y espectáculos (4),21958,59,pdfplumber,OK
Chilevisión,2021-06-30,data/raw/pdf/Chilevisión/49401/2021090377437_0 (2).pdf,trimestre,actual,2021-04-01,2021-06-30,3,False,Ingresos por eventos y espectáculos (4),147399,59,pdfplumber,OK
Chilevisión,2021-06-30,data/raw/pdf/Chilevisión/49401/2021090377437_0 (2).pdf,trimestre,comparativo,2020-04-01,2020-06-30,3,False,Ingresos por eventos y espectáculos (4),9648,59,pdfplumber,OK
Chilevisión,2021-06-30,data/raw/pdf/Chilevisión/49401/2021090377437_0 (2).pdf,semestre,actual,2021-01-01,2021-06-30,4,True,Totales ingresos de actividades ordinarias,28594660,59,pdfplumber,OK
Chilevisión,2021-06-30,data/raw/pdf/Chilevisión/49401/2021090377437_0 (2).pdf,semestre,comparativo,2020-01-01,2020-06-30,4,True,Totales ingresos de actividades ordinarias,16318489,59,pdfplumber,OK
Chilevisión,2021-06-30,data/raw/pdf/Chilevisión/49401/2021090377437_0 (2).pdf,trimestre,actual,2021-04-01,2021-06-30,4,True,Totales ingresos de actividades ordinarias,17230648,59,pdfplumber,OK
Chilevisión,2021-06-30,data/raw/pdf/Chilevisión/49401/2021090377437_0 (2).pdf,trimestre,comparativo,2020-04-01,2020-06-30,4,True,Totales ingresos de actividades ordinarias,7384825,59,pdfplumber,OK
Chilevisión,2021-09-30,data/raw/pdf/Chilevisión/49918/2021110477681_1 (1).pdf,acumulado9m,actual,2021-01-01,2021-09-30,0,False,Ingresos por publicidad (1),45253865,57,pdfplumber,OK
Chilevisión,2021-09-30,data/raw/pdf/Chilevisión/49918/2021110477681_1 (1).pdf,acumulado9m,comparativo,2020-01-01,2020-09-30,0,False,Ingresos por publicidad (1),23848354,57,pdfplumber,OK
Chilevisión,2021-09-30,data/raw/pdf/Chilevisión/49918/2021110477681_1 (1).pdf,trimestre,actual,2021-07-01,2021-09-30,0,False,Ingresos por publicidad (1),18475438,57,pdfplumber,OK
Chilevisión,2021-09-30,data/raw/pdf/Chilevisión/49918/2021110477681_1 (1).pdf,trimestre,comparativo,2020-07-01,2020-09-30,0,False,Ingresos por publicidad (1),9341466,57,pdfplumber,OK
Chilevisión,2021-09-30,data/raw/pdf/Chilevisión/49918/2021110477681_1 (1).pdf,acumulado9m,actual,2021-01-01,2021-09-30,1,False,Ingresos nuevos negocios (2),2323152,57,pdfplumber,OK
Chilevisión,2021-09-30,data/raw/pdf/Chilevisión/49918/2021110477681_1 (1).pdf,acumulado9m,comparativo,2020-01-01,2020-09-30,1,False,Ingresos nuevos negocios (2),1895264,57,pdfplumber,OK
Chilevisión,2021-09-30,data/raw/pdf/Chilevisión/49918/2021110477681_1 (1).pdf,trimestre,actual,2021-07-01,2021-09-30,1,False,Ingresos nuevos negocios (2),675522,57,pdfplumber,OK
Chilevisión,2021-09-30,data/raw/pdf/Chilevisión/49918/2021110477681_1 (1).pdf,trimestre,comparativo,2020-07-01,2020-09-30,1,False,Ingresos nuevos negocios (2),603048,57,pdfplumber,OK
Chilevisión,2021-09-30,data/raw/pdf/Chilevisión/49918/2021110477681_1 (1).pdf,acumulado9m,actual,2021-01-01,2021-09-30,2,False,Ingresos por Comisión Publicidad TV (TILA) (3),205030,57,pdfplumber,OK
Chilevisión,2021-09-30,data/raw/pdf/Chilevisión/49918/2021110477681_1 (1).pdf,acumulado9m,comparativo,2020-01-01,2020-09-30,2,False,Ingresos por Comisión Publicidad TV (TILA) (3),828111,57,pdfplumber,OK
Chilevisión,2021-09-30,data/raw/pdf/Chilevisión/49918/2021110477681_1 (1).pdf,trimestre,actual,2021-07-01,2021-09-30,2,False,Ingresos por Comisión Publicidad TV (TILA) (3),185940,57,pdfplumber,OK
Chilevisión,2021-09-30,data/raw/pdf/Chilevisión/49918/2021110477681_1 (1).pdf,trimestre,comparativo,2020-07-01,2020-09-30,2,False,Ingresos por Comisión Publicidad TV (TILA) (3),330684,57,pdfplumber,OK
Chilevisión,2021-09-30,data/raw/pdf/Chilevisión/49918/2021110477681_1 (1).pdf,acumulado9m,actual,2021-01-01,2021-09-30,3,False,Ingresos por eventos y espectáculos (4),162693,57,pdfplumber,OK
Chilevisión,2021-09-30,data/raw/pdf/Chilevisión/49918/2021110477681_1 (1).pdf,acumulado9m,comparativo,2020-01-01,2020-09-30,3,False,Ingresos por eventos y espectáculos (4),31316,57,pdfplumber,OK
Chilevisión,2021-09-30,data/raw/pdf/Chilevisión/49918/2021110477681_1 (1).pdf,trimestre,actual,2021-07-01,2021-09-30,3,False,Ingresos por eventos y espectáculos (4),13180,57,pdfplumber,OK
Chilevisión,2021-09-30,data/raw/pdf/Chilevisión/49918/2021110477681_1 (1).pdf,trimestre,comparativo,2020-07-01,2020-09-30,3,False,Ingresos por eventos y espectáculos (4),9358,57,pdfplumber,OK
Chilevisión,2021-09-30,data/raw/pdf/Chilevisión/49918/2021110477681_1 (1).pdf,acumulado9m,actual,2021-01-01,2021-09-30,4,True,Totales ingresos de actividades ordinarias,47944741,57,pdfplumber,OK
Chilevisión,2021-09-30,data/raw/pdf/Chilevisión/49918/2021110477681_1 (1).pdf,acumulado9m,comparativo,2020-01-01,2020-09-30,4,True,Totales ingresos de actividades ordinarias,26603045,57,pdfplumber,OK
Chilevisión,2021-09-30,data/raw/pdf/Chilevisión/49918/2021110477681_1 (1).pdf,trimestre,actual,2021-07-01,2021-09-30,4,True,Totales ingresos de actividades ordinarias,19350081,57,pdfplumber,OK
Chilevisión,2021-09-30,data/raw/pdf/Chilevisión/49918/2021110477681_1 (1).pdf,trimestre,comparativo,2020-07-01,2020-09-30,4,True,Totales ingresos de actividades ordinarias,10284556,57,pdfplumber,OK
Chilevisión,2021-12-31,data/raw/pdf/Chilevisión/50697/Estados Financieros.pdf,anual,actual,2021-01-01,2021-12-31,0,False,Ingresos por publicidad (1),69317432,56,ocr,REVISAR
Chilevisión,2021-12-31,data/raw/pdf/Chilevisión/50697/Estados Financieros.pdf,anual,comparativo,2020-01-01,2020-12-31,0,False,Ingresos por publicidad (1),40754522,56,ocr,REVISAR
Chilevisión,2021-12-31,data/raw/pdf/Chilevisión/50697/Estados Financieros.pdf,anual,actual,2021-01-01,2021-12-31,1,False,Ingresos nuevos negocios (2),3658980,56,ocr,REVISAR
Chilevisión,2021-12-31,data/raw/pdf/Chilevisión/50697/Estados Financieros.pdf,anual,comparativo,2020-01-01,2020-12-31,1,False,Ingresos nuevos negocios (2),2865828,56,ocr,REVISAR
Chilevisión,2021-12-31,data/raw/pdf/Chilevisión/50697/Estados Financieros.pdf,anual,actual,2021-01-01,2021-12-31,2,False,Ingresos por Comisión Publicidad TV (TILA) (3),205030,56,ocr,REVISAR
Chilevisión,2021-12-31,data/raw/pdf/Chilevisión/50697/Estados Financieros.pdf,anual,comparativo,2020-01-01,2020-12-31,2,False,Ingresos por Comisión Publicidad TV (TILA) (3),1492469,56,ocr,REVISAR
Chilevisión,2021-12-31,data/raw/pdf/Chilevisión/50697/Estados Financieros.pdf,anual,actual,2021-01-01,2021-12-31,3,False,Ingresos por eventos y espectáculos (4),0,56,ocr,REVISAR
Chilevisión,2021-12-31,data/raw/pdf/Chilevisión/50697/Estados Financieros.pdf,anual,comparativo,2020-01-01,2020-12-31,3,False,Ingresos por eventos y espectáculos (4),43140,56,ocr,REVISAR
Chilevisión,2021-12-31,data/raw/pdf/Chilevisión/50697/Estados Financieros.pdf,anual,actual,2021-01-01,2021-12-31,4,True,Totales ingresos de actividades ordinarias,73181442,56,ocr,REVISAR
Chilevisión,2021-12-31,data/raw/pdf/Chilevisión/50697/Estados Financieros.pdf,anual,comparativo,2020-01-01,2020-12-31,4,True,Totales ingresos de actividades ordinarias,45155959,56,ocr,REVISAR
Chilevisión,2022-03-31,data/raw/pdf/Chilevisión/51270/Estados Financieros Marzo 2022.pdf,trimestre,actual,2022-01-01,2022-03-31,0,False,Ingresos por publicidad (1),15527763,53,pdfplumber,OK
Chilevisión,2022-03-31,data/raw/pdf/Chilevisión/51270/Estados Financieros Marzo 2022.pdf,trimestre,comparativo,2021-01-01,2021-03-31,0,False,Ingresos por publicidad (1),10552001,53,pdfplumber,OK
Chilevisión,2022-03-31,data/raw/pdf/Chilevisión/51270/Estados Financieros Marzo 2022.pdf,trimestre,actual,2022-01-01,2022-03-31,1,False,Ingresos nuevos negocios (2),1649923,53,pdfplumber,OK
Chilevisión,2022-03-31,data/raw/pdf/Chilevisión/51270/Estados Financieros Marzo 2022.pdf,trimestre,comparativo,2021-01-01,2021-03-31,1,False,Ingresos nuevos negocios (2),654275,53,pdfplumber,OK
Chilevisión,2022-03-31,data/raw/pdf/Chilevisión/51270/Estados Financieros Marzo 2022.pdf,trimestre,actual,2022-01-01,2022-03-31,2,False,Ingresos por Comisión Publicidad TV (TILA) (3),80458,53,pdfplumber,OK
Chilevisión,2022-03-31,data/raw/pdf/Chilevisión/51270/Estados Financieros Marzo 2022.pdf,trimestre,comparativo,2021-01-01,2021-03-31,2,False,Ingresos por Comisión Publicidad TV (TILA) (3),155622,53,pdfplumber,OK
Chilevisión,2022-03-31,data/raw/pdf/Chilevisión/51270/Estados Financieros Marzo 2022.pdf,trimestre,actual,2022-01-01,2022-03-31,3,False,Ingresos por eventos y espectáculos (4),82714,53,pdfplumber,OK
Chilevisión,2022-03-31,data/raw/pdf/Chilevisión/51270/Estados Financieros Marzo 2022.pdf,trimestre,comparativo,2021-01-01,2021-03-31,3,False,Ingresos por eventos y espectáculos (4),2114,53,pdfplumber,OK
Chilevisión,2022-03-31,data/raw/pdf/Chilevisión/51270/Estados Financieros Marzo 2022.pdf,trimestre,actual,2022-01-01,2022-03-31,4,True,Totales ingresos de actividades ordinarias,17340858,53,pdfplumber,OK
Chilevisión,2022-03-31,data/raw/pdf/Chilevisión/51270/Estados Financieros Marzo 2022.pdf,trimestre,comparativo,2021-01-01,2021-03-31,4,True,Totales ingresos de actividades ordinarias,11364012,53,pdfplumber,OK
Chilevisión,2022-06-30,data/raw/pdf/Chilevisión/53290/2022090358208_3.pdf,semestre,actual,2022-01-01,2022-06-30,0,False,Ingresos por publicidad (1),32801174,57,pdfplumber,OK
Chilevisión,2022-06-30,data/raw/pdf/Chilevisión/53290/2022090358208_3.pdf,semestre,comparativo,2021-01-01,2021-06-30,0,False,Ingresos por publicidad (1),26778427,57,pdfplumber,OK
Chilevisión,2022-06-30,data/raw/pdf/Chilevisión/53290/2022090358208_3.pdf,trimestre,actual,2022-04-01,2022-06-30,0,False,Ingresos por publicidad (1),17273411,57,pdfplumber,OK
Chilevisión,2022-06-30,data/raw/pdf/Chilevisión/53290/2022090358208_3.pdf,trimestre,comparativo,2021-04-01,2021-06-30,0,False,Ingresos por publicidad (1),16226426,57,pdfplumber,OK
Chilevisión,2022-06-30,data/raw/pdf/Chilevisión/53290/2022090358208_3.pdf,semestre,actual,2022-01-01,2022-06-30,1,False,Ingresos nuevos negocios (2),4765205,57,pdfplumber,OK
Chilevisión,2022-06-30,data/raw/pdf/Chilevisión/53290/2022090358208_3.pdf,semestre,comparativo,2021-01-01,2021-06-30,1,False,Ingresos nuevos negocios (2),1647630,57,pdfplumber,OK
Chilevisión,2022-06-30,data/raw/pdf/Chilevisión/53290/2022090358208_3.pdf,trimestre,actual,2022-04-01,2022-06-30,1,False,Ingresos nuevos negocios (2),3115282,57,pdfplumber,OK
Chilevisión,2022-06-30,data/raw/pdf/Chilevisión/53290/2022090358208_3.pdf,trimestre,comparativo,2021-04-01,2021-06-30,1,False,Ingresos nuevos negocios (2),993355,57,pdfplumber,OK
Chilevisión,2022-06-30,data/raw/pdf/Chilevisión/53290/2022090358208_3.pdf,semestre,actual,2022-01-01,2022-06-30,2,False,Ingresos por eventos y espectáculos (3),272024,57,pdfplumber,OK
Chilevisión,2022-06-30,data/raw/pdf/Chilevisión/53290/2022090358208_3.pdf,semestre,comparativo,2021-01-01,2021-06-30,2,False,Ingresos por eventos y espectáculos (3),168603,57,pdfplumber,OK
Chilevisión,2022-06-30,data/raw/pdf/Chilevisión/53290/2022090358208_3.pdf,trimestre,actual,2022-04-01,2022-06-30,2,False,Ingresos por eventos y espectáculos (3),108852,57,pdfplumber,OK
Chilevisión,2022-06-30,data/raw/pdf/Chilevisión/53290/2022090358208_3.pdf,trimestre,comparativo,2021-04-01,2021-06-30,2,False,Ingresos por eventos y espectáculos (3),10867,57,pdfplumber,OK
Chilevisión,2022-06-30,data/raw/pdf/Chilevisión/53290/2022090358208_3.pdf,semestre,actual,2022-01-01,2022-06-30,3,True,Totales ingresos de actividades,37838403,57,pdfplumber,OK
Chilevisión,2022-06-30,data/raw/pdf/Chilevisión/53290/2022090358208_3.pdf,semestre,comparativo,2021-01-01,2021-06-30,3,True,Totales ingresos de actividades,28594660,57,pdfplumber,OK
Chilevisión,2022-06-30,data/raw/pdf/Chilevisión/53290/2022090358208_3.pdf,trimestre,actual,2022-04-01,2022-06-30,3,True,Totales ingresos de actividades,20497545,57,pdfplumber,OK
Chilevisión,2022-06-30,data/raw/pdf/Chilevisión/53290/2022090358208_3.pdf,trimestre,comparativo,2021-04-01,2021-06-30,3,True,Totales ingresos de actividades,17230648,57,pdfplumber,OK
Chilevisión,2022-09-30,data/raw/pdf/Chilevisión/57122/2022110453703_1.pdf,acumulado9m,actual,2022-01-01,2022-09-30,0,False,Ingresos por publicidad ( 1 ),49804036,56,pdfplumber,OK
Chilevisión,2022-09-30,data/raw/pdf/Chilevisión/57122/2022110453703_1.pdf,acumulado9m,comparativo,2021-01-01,2021-09-30,0,False,Ingresos por publicidad ( 1 ),45253865,56,pdfplumber,OK
Chilevisión,2022-09-30,data/raw/pdf/Chilevisión/57122/2022110453703_1.pdf,trimestre,actual,2022-07-01,2022-09-30,0,False,Ingresos por publicidad ( 1 ),17002862,56,pdfplumber,OK
Chilevisión,2022-09-30,data/raw/pdf/Chilevisión/57122/2022110453703_1.pdf,trimestre,comparativo,2021-07-01,2021-09-30,0,False,Ingresos por publicidad ( 1 ),18475438,56,pdfplumber,OK
Chilevisión,2022-09-30,data/raw/pdf/Chilevisión/57122/2022110453703_1.pdf,acumulado9m,actual,2022-01-01,2022-09-30,1,False,Ingresos nuevos negocios ( 2 ),7886460,56,pdfplumber,OK
Chilevisión,2022-09-30,data/raw/pdf/Chilevisión/57122/2022110453703_1.pdf,acumulado9m,comparativo,2021-01-01,2021-09-30,1,False,Ingresos nuevos negocios ( 2 ),2323152,56,pdfplumber,OK
Chilevisión,2022-09-30,data/raw/pdf/Chilevisión/57122/2022110453703_1.pdf,trimestre,actual,2022-07-01,2022-09-30,1,False,Ingresos nuevos negocios ( 2 ),3121255,56,pdfplumber,OK
Chilevisión,2022-09-30,data/raw/pdf/Chilevisión/57122/2022110453703_1.pdf,trimestre,comparativo,2021-07-01,2021-09-30,1,False,Ingresos nuevos negocios ( 2 ),675522,56,pdfplumber,OK
Chilevisión,2022-09-30,data/raw/pdf/Chilevisión/57122/2022110453703_1.pdf,acumulado9m,actual,2022-01-01,2022-09-30,2,False,Ingresos por eventos y espectáculos ( 3 ),423151,56,pdfplumber,OK
Chilevisión,2022-09-30,data/raw/pdf/Chilevisión/57122/2022110453703_1.pdf,acumulado9m,comparativo,2021-01-01,2021-09-30,2,False,Ingresos por eventos y espectáculos ( 3 ),367723,56,pdfplumber,OK
Chilevisión,2022-09-30,data/raw/pdf/Chilevisión/57122/2022110453703_1.pdf,trimestre,actual,2022-07-01,2022-09-30,2,False,Ingresos por eventos y espectáculos ( 3 ),151127,56,pdfplumber,OK
Chilevisión,2022-09-30,data/raw/pdf/Chilevisión/57122/2022110453703_1.pdf,trimestre,comparativo,2021-07-01,2021-09-30,2,False,Ingresos por eventos y espectáculos ( 3 ),199120,56,pdfplumber,OK
Chilevisión,2022-09-30,data/raw/pdf/Chilevisión/57122/2022110453703_1.pdf,acumulado9m,actual,2022-01-01,2022-09-30,3,True,Totales ingresos de actividades,58113647,56,pdfplumber,OK
Chilevisión,2022-09-30,data/raw/pdf/Chilevisión/57122/2022110453703_1.pdf,acumulado9m,comparativo,2021-01-01,2021-09-30,3,True,Totales ingresos de actividades,47944740,56,pdfplumber,OK
Chilevisión,2022-09-30,data/raw/pdf/Chilevisión/57122/2022110453703_1.pdf,trimestre,actual,2022-07-01,2022-09-30,3,True,Totales ingresos de actividades,20275244,56,pdfplumber,OK
Chilevisión,2022-09-30,data/raw/pdf/Chilevisión/57122/2022110453703_1.pdf,trimestre,comparativo,2021-07-01,2021-09-30,3,True,Totales ingresos de actividades,19350080,56,pdfplumber,OK
Chilevisión,2022-12-31,data/raw/pdf/Chilevisión/68983/2023030138847_1.pdf,anual,actual,2022-01-01,2022-12-31,0,False,Ingresos por publicidad (1),68694258,58,pdfplumber,OK
Chilevisión,2022-12-31,data/raw/pdf/Chilevisión/68983/2023030138847_1.pdf,anual,comparativo,2021-01-01,2021-12-31,0,False,Ingresos por publicidad (1),69317432,58,pdfplumber,OK
Chilevisión,2022-12-31,data/raw/pdf/Chilevisión/68983/2023030138847_1.pdf,anual,actual,2022-01-01,2022-12-31,1,False,Ingresos nuevos negocios (2),10616230,58,pdfplumber,OK
Chilevisión,2022-12-31,data/raw/pdf/Chilevisión/68983/2023030138847_1.pdf,anual,comparativo,2021-01-01,2021-12-31,1,False,Ingresos nuevos negocios (2),3658980,58,pdfplumber,OK
Chilevisión,2022-12-31,data/raw/pdf/Chilevisión/68983/2023030138847_1.pdf,anual,actual,2022-01-01,2022-12-31,2,False,Ingresos por eventos y espectáculos (3),1258357,58,pdfplumber,OK
Chilevisión,2022-12-31,data/raw/pdf/Chilevisión/68983/2023030138847_1.pdf,anual,comparativo,2021-01-01,2021-12-31,2,False,Ingresos por eventos y espectáculos (3),205030,58,pdfplumber,OK
Chilevisión,2022-12-31,data/raw/pdf/Chilevisión/68983/2023030138847_1.pdf,anual,actual,2022-01-01,2022-12-31,3,True,Totales ingresos de actividades ordinarias,80568845,58,pdfplumber,OK
Chilevisión,2022-12-31,data/raw/pdf/Chilevisión/68983/2023030138847_1.pdf,anual,comparativo,2021-01-01,2021-12-31,3,True,Totales ingresos de actividades ordinarias,73181442,58,pdfplumber,OK
Chilevisión,2023-03-31,data/raw/pdf/Chilevisión/70647/2023050232246_1.pdf,trimestre,actual,2023-01-01,2023-03-31,0,False,Ingresos por publicidad (1),12338564,54,pdfplumber,OK
Chilevisión,2023-03-31,data/raw/pdf/Chilevisión/70647/2023050232246_1.pdf,trimestre,comparativo,2022-01-01,2022-03-31,0,False,Ingresos por publicidad (1),15527763,54,pdfplumber,OK
Chilevisión,2023-03-31,data/raw/pdf/Chilevisión/70647/2023050232246_1.pdf,trimestre,actual,2023-01-01,2023-03-31,1,False,Ingresos nuevos negocios (2),1800241,54,pdfplumber,OK
Chilevisión,2023-03-31,data/raw/pdf/Chilevisión/70647/2023050232246_1.pdf,trimestre,comparativo,2022-01-01,2022-03-31,1,False,Ingresos nuevos negocios (2),1649923,54,pdfplumber,OK
Chilevisión,2023-03-31,data/raw/pdf/Chilevisión/70647/2023050232246_1.pdf,trimestre,actual,2023-01-01,2023-03-31,2,False,Ingresos por eventos y espectáculos (3),28280,54,pdfplumber,OK
Chilevisión,2023-03-31,data/raw/pdf/Chilevisión/70647/2023050232246_1.pdf,trimestre,comparativo,2022-01-01,2022-03-31,2,False,Ingresos por eventos y espectáculos (3),82714,54,pdfplumber,OK
Chilevisión,2023-03-31,data/raw/pdf/Chilevisión/70647/2023050232246_1.pdf,trimestre,actual,2023-01-01,2023-03-31,3,False,Ingresos por Comisión Publicidad TV,0,54,pdfplumber,OK
Chilevisión,2023-03-31,data/raw/pdf/Chilevisión/70647/2023050232246_1.pdf,trimestre,comparativo,2022-01-01,2022-03-31,3,False,Ingresos por Comisión Publicidad TV,80458,54,pdfplumber,OK
Chilevisión,2023-03-31,data/raw/pdf/Chilevisión/70647/2023050232246_1.pdf,trimestre,actual,2023-01-01,2023-03-31,4,True,Totales ingresos de actividades ordinarias,14167085,54,pdfplumber,OK
Chilevisión,2023-03-31,data/raw/pdf/Chilevisión/70647/2023050232246_1.pdf,trimestre,comparativo,2022-01-01,2022-03-31,4,True,Totales ingresos de actividades ordinarias,17340858,54,pdfplumber,OK
Chilevisión,2023-06-30,data/raw/pdf/Chilevisión/73701/2023090394685-3 Estados Financieros 06.2023.pdf,semestre,actual,2023-01-01,2023-06-30,0,False,Ingresos por publicidad (1),28402353,53,pdfplumber,OK
Chilevisión,2023-06-30,data/raw/pdf/Chilevisión/73701/2023090394685-3 Estados Financieros 06.2023.pdf,semestre,comparativo,2022-01-01,2022-06-30,0,False,Ingresos por publicidad (1),32801174,53,pdfplumber,OK
Chilevisión,2023-06-30,data/raw/pdf/Chilevisión/73701/2023090394685-3 Estados Financieros 06.2023.pdf,trimestre,actual,2023-04-01,2023-06-30,0,False,Ingresos por publicidad (1),16068792,53,pdfplumber,OK
Chilevisión,2023-06-30,data/raw/pdf/Chilevisión/73701/2023090394685-3 Estados Financieros 06.2023.pdf,trimestre,comparativo,2022-04-01,2022-06-30,0,False,Ingresos por publicidad (1),17273411,53,pdfplumber,OK
Chilevisión,2023-06-30,data/raw/pdf/Chilevisión/73701/2023090394685-3 Estados Financieros 06.2023.pdf,semestre,actual,2023-01-01,2023-06-30,1,False,Ingresos nuevos negocios (2),4018539,53,pdfplumber,OK
Chilevisión,2023-06-30,data/raw/pdf/Chilevisión/73701/2023090394685-3 Estados Financieros 06.2023.pdf,semestre,comparativo,2022-01-01,2022-06-30,1,False,Ingresos nuevos negocios (2),4765205,53,pdfplumber,OK
Chilevisión,2023-06-30,data/raw/pdf/Chilevisión/73701/2023090394685-3 Estados Financieros 06.2023.pdf,trimestre,actual,2023-04-01,2023-06-30,1,False,Ingresos nuevos negocios (2),2213295,53,pdfplumber,OK
Chilevisión,2023-06-30,data/raw/pdf/Chilevisión/73701/2023090394685-3 Estados Financieros 06.2023.pdf,trimestre,comparativo,2022-04-01,2022-06-30,1,False,Ingresos nuevos negocios (2),3115282,53,pdfplumber,OK
Chilevisión,2023-06-30,data/raw/pdf/Chilevisión/73701/2023090394685-3 Estados Financieros 06.2023.pdf,semestre,actual,2023-01-01,2023-06-30,2,False,Ingresos por eventos y espectaculos (3),28281,53,pdfplumber,OK
Chilevisión,2023-06-30,data/raw/pdf/Chilevisión/73701/2023090394685-3 Estados Financieros 06.2023.pdf,semestre,comparativo,2022-01-01,2022-06-30,2,False,Ingresos por eventos y espectaculos (3),272024,53,pdfplumber,OK
Chilevisión,2023-06-30,data/raw/pdf/Chilevisión/73701/2023090394685-3 Estados Financieros 06.2023.pdf,trimestre,actual,2023-04-01,2023-06-30,2,False,Ingresos por eventos y espectaculos (3),0,53,pdfplumber,OK
Chilevisión,2023-06-30,data/raw/pdf/Chilevisión/73701/2023090394685-3 Estados Financieros 06.2023.pdf,trimestre,comparativo,2022-04-01,2022-06-30,2,False,Ingresos por eventos y espectaculos (3),108852,53,pdfplumber,OK
Chilevisión,2023-06-30,data/raw/pdf/Chilevisión/73701/2023090394685-3 Estados Financieros 06.2023.pdf,semestre,actual,2023-01-01,2023-06-30,3,True,Totales ingresos de actividades ordinarias,32449172,53,pdfplumber,OK
Chilevisión,2023-06-30,data/raw/pdf/Chilevisión/73701/2023090394685-3 Estados Financieros 06.2023.pdf,semestre,comparativo,2022-01-01,2022-06-30,3,True,Totales ingresos de actividades ordinarias,37838403,53,pdfplumber,OK
Chilevisión,2023-06-30,data/raw/pdf/Chilevisión/73701/2023090394685-3 Estados Financieros 06.2023.pdf,trimestre,actual,2023-04-01,2023-06-30,3,True,Totales ingresos de actividades ordinarias,18282087,53,pdfplumber,OK
Chilevisión,2023-06-30,data/raw/pdf/Chilevisión/73701/2023090394685-3 Estados Financieros 06.2023.pdf,trimestre,comparativo,2022-04-01,2022-06-30,3,True,Totales ingresos de actividades ordinarias,20497545,53,pdfplumber,OK
Chilevisión,2023-09-30,data/raw/pdf/Chilevisión/75891/2023110513636_2.pdf,acumulado9m,actual,2023-01-01,2023-09-30,0,False,Ingresos por publicidad (1),50288951,56,pdfplumber,OK
Chilevisión,2023-09-30,data/raw/pdf/Chilevisión/75891/2023110513636_2.pdf,acumulado9m,comparativo,2022-01-01,2022-09-30,0,False,Ingresos por publicidad (1),49804036,56,pdfplumber,OK
Chilevisión,2023-09-30,data/raw/pdf/Chilevisión/75891/2023110513636_2.pdf,trimestre,actual,2023-07-01,2023-09-30,0,False,Ingresos por publicidad (1),20197044,56,pdfplumber,OK
Chilevisión,2023-09-30,data/raw/pdf/Chilevisión/75891/2023110513636_2.pdf,trimestre,comparativo,2022-07-01,2022-09-30,0,False,Ingresos por publicidad (1),17002862,56,pdfplumber,OK
Chilevisión,2023-09-30,data/raw/pdf/Chilevisión/75891/2023110513636_2.pdf,acumulado9m,actual,2023-01-01,2023-09-30,1,False,Ingresos nuevos negocios (2),3844069,56,pdfplumber,OK
Chilevisión,2023-09-30,data/raw/pdf/Chilevisión/75891/2023110513636_2.pdf,acumulado9m,comparativo,2022-01-01,2022-09-30,1,False,Ingresos nuevos negocios (2),7886460,56,pdfplumber,OK
Chilevisión,2023-09-30,data/raw/pdf/Chilevisión/75891/2023110513636_2.pdf,trimestre,actual,2023-07-01,2023-09-30,1,False,Ingresos nuevos negocios (2),1515084,56,pdfplumber,OK
Chilevisión,2023-09-30,data/raw/pdf/Chilevisión/75891/2023110513636_2.pdf,trimestre,comparativo,2022-07-01,2022-09-30,1,False,Ingresos nuevos negocios (2),3121255,56,pdfplumber,OK
Chilevisión,2023-09-30,data/raw/pdf/Chilevisión/75891/2023110513636_2.pdf,acumulado9m,actual,2023-01-01,2023-09-30,2,False,Ingresos por eventos y espectáculos (3),0,56,pdfplumber,OK
Chilevisión,2023-09-30,data/raw/pdf/Chilevisión/75891/2023110513636_2.pdf,acumulado9m,comparativo,2022-01-01,2022-09-30,2,False,Ingresos por eventos y espectáculos (3),423151,56,pdfplumber,OK
Chilevisión,2023-09-30,data/raw/pdf/Chilevisión/75891/2023110513636_2.pdf,trimestre,actual,2023-07-01,2023-09-30,2,False,Ingresos por eventos y espectáculos (3),0,56,pdfplumber,OK
Chilevisión,2023-09-30,data/raw/pdf/Chilevisión/75891/2023110513636_2.pdf,trimestre,comparativo,2022-07-01,2022-09-30,2,False,Ingresos por eventos y espectáculos (3),151127,56,pdfplumber,OK
Chilevisión,2023-09-30,data/raw/pdf/Chilevisión/75891/2023110513636_2.pdf,acumulado9m,actual,2023-01-01,2023-09-30,3,True,Totales ingresos de actividades ordinarias,54133020,56,pdfplumber,OK
Chilevisión,2023-09-30,data/raw/pdf/Chilevisión/75891/2023110513636_2.pdf,acumulado9m,comparativo,2022-01-01,2022-09-30,3,True,Totales ingresos de actividades ordinarias,58113647,56,pdfplumber,OK
Chilevisión,2023-09-30,data/raw/pdf/Chilevisión/75891/2023110513636_2.pdf,trimestre,actual,2023-07-01,2023-09-30,3,True,Totales ingresos de actividades ordinarias,21712128,56,pdfplumber,OK
Chilevisión,2023-09-30,data/raw/pdf/Chilevisión/75891/2023110513636_2.pdf,trimestre,comparativo,2022-07-01,2022-09-30,3,True,Totales ingresos de actividades ordinarias,20275244,56,pdfplumber,OK
Chilevisión,2023-12-31,data/raw/pdf/Chilevisión/79941/2024030188463_3.pdf,anual,actual,2023-01-01,2023-12-31,0,False,Ingresos por publicidad (1),70881777,59,pdfplumber,OK
Chilevisión,2023-12-31,data/raw/pdf/Chilevisión/79941/2024030188463_3.pdf,anual,comparativo,2022-01-01,2022-12-31,0,False,Ingresos por publicidad (1),72400060,59,pdfplumber,OK
Chilevisión,2023-12-31,data/raw/pdf/Chilevisión/79941/2024030188463_3.pdf,anual,actual,2023-01-01,2023-12-31,1,False,Ingresos nuevos negocios (2),5786434,59,pdfplumber,OK
Chilevisión,2023-12-31,data/raw/pdf/Chilevisión/79941/2024030188463_3.pdf,anual,comparativo,2022-01-01,2022-12-31,1,False,Ingresos nuevos negocios (2),6910428,59,pdfplumber,OK
Chilevisión,2023-12-31,data/raw/pdf/Chilevisión/79941/2024030188463_3.pdf,anual,actual,2023-01-01,2023-12-31,2,False,Ingresos por eventos y espectaculos (3),0,59,pdfplumber,OK
Chilevisión,2023-12-31,data/raw/pdf/Chilevisión/79941/2024030188463_3.pdf,anual,comparativo,2022-01-01,2022-12-31,2,False,Ingresos por eventos y espectaculos (3),1258357,59,pdfplumber,OK
Chilevisión,2023-12-31,data/raw/pdf/Chilevisión/79941/2024030188463_3.pdf,anual,actual,2023-01-01,2023-12-31,3,True,Totales ingresos de actividades ordinarias,76668211,59,pdfplumber,OK
Chilevisión,2023-12-31,data/raw/pdf/Chilevisión/79941/2024030188463_3.pdf,anual,comparativo,2022-01-01,2022-12-31,3,True,Totales ingresos de actividades ordinarias,80568845,59,pdfplumber,OK
Chilevisión,2024-03-31,data/raw/pdf/Chilevisión/82006/Estados financieros_3.pdf,trimestre,actual,2024-01-01,2024-03-31,0,False,Ingresos por publicidad (1),13086810,56,pdfplumber,OK
Chilevisión,2024-03-31,data/raw/pdf/Chilevisión/82006/Estados financieros_3.pdf,trimestre,comparativo,2023-01-01,2023-03-31,0,False,Ingresos por publicidad (1),12338564,56,pdfplumber,OK
Chilevisión,2024-03-31,data/raw/pdf/Chilevisión/82006/Estados financieros_3.pdf,trimestre,actual,2024-01-01,2024-03-31,1,False,Ingresos nuevos negocios (2),554623,56,pdfplumber,OK
Chilevisión,2024-03-31,data/raw/pdf/Chilevisión/82006/Estados financieros_3.pdf,trimestre,comparativo,2023-01-01,2023-03-31,1,False,Ingresos nuevos negocios (2),1800241,56,pdfplumber,OK
Chilevisión,2024-03-31,data/raw/pdf/Chilevisión/82006/Estados financieros_3.pdf,trimestre,actual,2024-01-01,2024-03-31,2,False,Ingresos por eventos y espectaculos (3),0,56,pdfplumber,OK
Chilevisión,2024-03-31,data/raw/pdf/Chilevisión/82006/Estados financieros_3.pdf,trimestre,comparativo,2023-01-01,2023-03-31,2,False,Ingresos por eventos y espectaculos (3),28280,56,pdfplumber,OK
Chilevisión,2024-03-31,data/raw/pdf/Chilevisión/82006/Estados financieros_3.pdf,trimestre,actual,2024-01-01,2024-03-31,3,True,Totales ingresos de actividades ordinarias,13641433,56,pdfplumber,OK
Chilevisión,2024-03-31,data/raw/pdf/Chilevisión/82006/Estados financieros_3.pdf,trimestre,comparativo,2023-01-01,2023-03-31,3,True,Totales ingresos de actividades ordinarias,14167085,56,pdfplumber,OK
Chilevisión,2024-06-30,data/raw/pdf/Chilevisión/85359/2024090483672_2.pdf,semestre,actual,2024-01-01,2024-06-30,0,False,Ingresos por publicidad (1),29539737,58,pdfplumber,OK
Chilevisión,2024-06-30,data/raw/pdf/Chilevisión/85359/2024090483672_2.pdf,semestre,comparativo,2023-01-01,2023-06-30,0,False,Ingresos por publicidad (1),30091907,58,pdfplumber,OK
Chilevisión,2024-06-30,data/raw/pdf/Chilevisión/85359/2024090483672_2.pdf,trimestre,actual,2024-04-01,2024-06-30,0,False,Ingresos por publicidad (1),16452927,58,pdfplumber,OK
Chilevisión,2024-06-30,data/raw/pdf/Chilevisión/85359/2024090483672_2.pdf,trimestre,comparativo,2023-04-01,2023-06-30,0,False,Ingresos por publicidad (1),16068792,58,pdfplumber,OK
Chilevisión,2024-06-30,data/raw/pdf/Chilevisión/85359/2024090483672_2.pdf,semestre,actual,2024-01-01,2024-06-30,1,False,Ingresos nuevos negocios (2),1316371,58,pdfplumber,OK
Chilevisión,2024-06-30,data/raw/pdf/Chilevisión/85359/2024090483672_2.pdf,semestre,comparativo,2023-01-01,2023-06-30,1,False,Ingresos nuevos negocios (2),2328984,58,pdfplumber,OK
Chilevisión,2024-06-30,data/raw/pdf/Chilevisión/85359/2024090483672_2.pdf,trimestre,actual,2024-04-01,2024-06-30,1,False,Ingresos nuevos negocios (2),761748,58,pdfplumber,OK
Chilevisión,2024-06-30,data/raw/pdf/Chilevisión/85359/2024090483672_2.pdf,trimestre,comparativo,2023-04-01,2023-06-30,1,False,Ingresos nuevos negocios (2),2213295,58,pdfplumber,OK
Chilevisión,2024-06-30,data/raw/pdf/Chilevisión/85359/2024090483672_2.pdf,semestre,actual,2024-01-01,2024-06-30,2,False,Ingresos por eventos y espectáculos (3),0,58,pdfplumber,OK
Chilevisión,2024-06-30,data/raw/pdf/Chilevisión/85359/2024090483672_2.pdf,semestre,comparativo,2023-01-01,2023-06-30,2,False,Ingresos por eventos y espectáculos (3),28281,58,pdfplumber,OK
Chilevisión,2024-06-30,data/raw/pdf/Chilevisión/85359/2024090483672_2.pdf,trimestre,actual,2024-04-01,2024-06-30,2,False,Ingresos por eventos y espectáculos (3),0,58,pdfplumber,OK
Chilevisión,2024-06-30,data/raw/pdf/Chilevisión/85359/2024090483672_2.pdf,trimestre,comparativo,2023-04-01,2023-06-30,2,False,Ingresos por eventos y espectáculos (3),0,58,pdfplumber,OK
Chilevisión,2024-06-30,data/raw/pdf/Chilevisión/85359/2024090483672_2.pdf,semestre,actual,2024-01-01,2024-06-30,3,True,Totales ingresos de actividades ordinarias,30856108,58,pdfplumber,OK
Chilevisión,2024-06-30,data/raw/pdf/Chilevisión/85359/2024090483672_2.pdf,semestre,comparativo,2023-01-01,2023-06-30,3,True,Totales ingresos de actividades ordinarias,32449172,58,pdfplumber,OK
Chilevisión,2024-06-30,data/raw/pdf/Chilevisión/85359/2024090483672_2.pdf,trimestre,actual,2024-04-01,2024-06-30,3,True,Totales ingresos de actividades ordinarias,17214675,58,pdfplumber,OK
Chilevisión,2024-06-30,data/raw/pdf/Chilevisión/85359/2024090483672_2.pdf,trimestre,comparativo,2023-04-01,2023-06-30,3,True,Totales ingresos de actividades ordinarias,18282087,58,pdfplumber,OK
Chilevisión,2024-09-30,data/raw/pdf/Chilevisión/88270/2024110655725_1.pdf,acumulado9m,actual,2024-01-01,2024-09-30,0,False,Ingresos por publicidad (1),43419101,55,pdfplumber,OK
Chilevisión,2024-09-30,data/raw/pdf/Chilevisión/88270/2024110655725_1.pdf,acumulado9m,comparativo,2023-01-01,2023-09-30,0,False,Ingresos por publicidad (1),50288951,55,pdfplumber,OK
Chilevisión,2024-09-30,data/raw/pdf/Chilevisión/88270/2024110655725_1.pdf,trimestre,actual,2024-07-01,2024-09-30,0,False,Ingresos por publicidad (1),16117398,55,pdfplumber,OK
Chilevisión,2024-09-30,data/raw/pdf/Chilevisión/88270/2024110655725_1.pdf,trimestre,comparativo,2023-07-01,2023-09-30,0,False,Ingresos por publicidad (1),20197044,55,pdfplumber,OK
Chilevisión,2024-09-30,data/raw/pdf/Chilevisión/88270/2024110655725_1.pdf,acumulado9m,actual,2024-01-01,2024-09-30,1,False,Ingresos nuevos negocios (2),6633439,55,pdfplumber,OK
Chilevisión,2024-09-30,data/raw/pdf/Chilevisión/88270/2024110655725_1.pdf,acumulado9m,comparativo,2023-01-01,2023-09-30,1,False,Ingresos nuevos negocios (2),3844069,55,pdfplumber,OK
Chilevisión,2024-09-30,data/raw/pdf/Chilevisión/88270/2024110655725_1.pdf,trimestre,actual,2024-07-01,2024-09-30,1,False,Ingresos nuevos negocios (2),3079034,55,pdfplumber,OK
Chilevisión,2024-09-30,data/raw/pdf/Chilevisión/88270/2024110655725_1.pdf,trimestre,comparativo,2023-07-01,2023-09-30,1,False,Ingresos nuevos negocios (2),1515084,55,pdfplumber,OK
Chilevisión,2024-09-30,data/raw/pdf/Chilevisión/88270/2024110655725_1.pdf,acumulado9m,actual,2024-01-01,2024-09-30,2,False,Ingresos por eventos y espectáculos (3),0,55,pdfplumber,OK
Chilevisión,2024-09-30,data/raw/pdf/Chilevisión/88270/2024110655725_1.pdf,acumulado9m,comparativo,2023-01-01,2023-09-30,2,False,Ingresos por eventos y espectáculos (3),0,55,pdfplumber,OK
Chilevisión,2024-09-30,data/raw/pdf/Chilevisión/88270/2024110655725_1.pdf,trimestre,actual,2024-07-01,2024-09-30,2,False,Ingresos por eventos y espectáculos (3),0,55,pdfplumber,OK
Chilevisión,2024-09-30,data/raw/pdf/Chilevisión/88270/2024110655725_1.pdf,trimestre,comparativo,2023-07-01,2023-09-30,2,False,Ingresos por eventos y espectáculos (3),-28280,55,pdfplumber,OK
Chilevisión,2024-09-30,data/raw/pdf/Chilevisión/88270/2024110655725_1.pdf,acumulado9m,actual,2024-01-01,2024-09-30,3,True,Totales ingresos de actividades ordinarias,50052540,55,pdfplumber,OK
Chilevisión,2024-09-30,data/raw/pdf/Chilevisión/88270/2024110655725_1.pdf,acumulado9m,comparativo,2023-01-01,2023-09-30,3,True,Totales ingresos de actividades ordinarias,54133020,55,pdfplumber,OK
Chilevisión,2024-09-30,data/raw/pdf/Chilevisión/88270/2024110655725_1.pdf,trimestre,actual,2024-07-01,2024-09-30,3,True,Totales ingresos de actividades ordinarias,19196432,55,pdfplumber,OK
Chilevisión,2024-09-30,data/raw/pdf/Chilevisión/88270/2024110655725_1.pdf,trimestre,comparativo,2023-07-01,2023-09-30,3,True,Totales ingresos de actividades ordinarias,21683848,55,pdfplumber,OK
Chilevisión,2024-12-31,data/raw/pdf/Chilevisión/93017/ESTADOS FINANCIEROS.pdf,anual,actual,2024-01-01,2024-12-31,0,False,Ingresos por publicidad (1),66752603,58,pdfplumber,OK
Chilevisión,2024-12-31,data/raw/pdf/Chilevisión/93017/ESTADOS FINANCIEROS.pdf,anual,comparativo,2023-01-01,2023-12-31,0,False,Ingresos por publicidad (1),70881777,58,pdfplumber,OK
Chilevisión,2024-12-31,data/raw/pdf/Chilevisión/93017/ESTADOS FINANCIEROS.pdf,anual,actual,2024-01-01,2024-12-31,1,False,Ingresos nuevos negocios (2),6564923,58,pdfplumber,OK
Chilevisión,2024-12-31,data/raw/pdf/Chilevisión/93017/ESTADOS FINANCIEROS.pdf,anual,comparativo,2023-01-01,2023-12-31,1,False,Ingresos nuevos negocios (2),5786434,58,pdfplumber,OK
Chilevisión,2024-12-31,data/raw/pdf/Chilevisión/93017/ESTADOS FINANCIEROS.pdf,anual,actual,2024-01-01,2024-12-31,2,True,Totales ingresos de actividades ordinarias,73317526,58,pdfplumber,OK
Chilevisión,2024-12-31,data/raw/pdf/Chilevisión/93017/ESTADOS FINANCIEROS.pdf,anual,comparativo,2023-01-01,2023-12-31,2,True,Totales ingresos de actividades ordinarias,76668211,58,pdfplumber,OK
Chilevisión,2025-03-31,data/raw/pdf/Chilevisión/95049/2025050383970_1.pdf,trimestre,actual,2025-01-01,2025-03-31,0,False,Ingresos por publicidad (1),14280315,55,pdfplumber,OK
Chilevisión,2025-03-31,data/raw/pdf/Chilevisión/95049/2025050383970_1.pdf,trimestre,comparativo,2024-01-01,2024-03-31,0,False,Ingresos por publicidad (1),13086810,55,pdfplumber,OK
Chilevisión,2025-03-31,data/raw/pdf/Chilevisión/95049/2025050383970_1.pdf,trimestre,actual,2025-01-01,2025-03-31,1,False,Ingresos nuevos negocios (2),2150807,55,pdfplumber,OK
Chilevisión,2025-03-31,data/raw/pdf/Chilevisión/95049/2025050383970_1.pdf,trimestre,comparativo,2024-01-01,2024-03-31,1,False,Ingresos nuevos negocios (2),554623,55,pdfplumber,OK
Chilevisión,2025-03-31,data/raw/pdf/Chilevisión/95049/2025050383970_1.pdf,trimestre,actual,2025-01-01,2025-03-31,2,True,Totales ingresos de actividades ordinarias,16431122,55,pdfplumber,OK
Chilevisión,2025-03-31,data/raw/pdf/Chilevisión/95049/2025050383970_1.pdf,trimestre,comparativo,2024-01-01,2024-03-31,2,True,Totales ingresos de actividades ordinarias,13641433,55,pdfplumber,OK
Chilevisión,2025-06-30,data/raw/pdf/Chilevisión/98825/2025090626894_1.pdf,semestre,actual,2025-01-01,2025-06-30,0,False,Ingresos por publicidad (1),33494199,52,pdfplumber,OK
Chilevisión,2025-06-30,data/raw/pdf/Chilevisión/98825/2025090626894_1.pdf,semestre,comparativo,2024-01-01,2024-06-30,0,False,Ingresos por publicidad (1),29539737,52,pdfplumber,OK
Chilevisión,2025-06-30,data/raw/pdf/Chilevisión/98825/2025090626894_1.pdf,trimestre,actual,2025-04-01,2025-06-30,0,False,Ingresos por publicidad (1),18127151,52,pdfplumber,OK
Chilevisión,2025-06-30,data/raw/pdf/Chilevisión/98825/2025090626894_1.pdf,trimestre,comparativo,2024-04-01,2024-06-30,0,False,Ingresos por publicidad (1),16452927,52,pdfplumber,OK
Chilevisión,2025-06-30,data/raw/pdf/Chilevisión/98825/2025090626894_1.pdf,semestre,actual,2025-01-01,2025-06-30,1,False,Ingresos nuevos negocios (2),1732348,52,pdfplumber,OK
Chilevisión,2025-06-30,data/raw/pdf/Chilevisión/98825/2025090626894_1.pdf,semestre,comparativo,2024-01-01,2024-06-30,1,False,Ingresos nuevos negocios (2),1316371,52,pdfplumber,OK
Chilevisión,2025-06-30,data/raw/pdf/Chilevisión/98825/2025090626894_1.pdf,trimestre,actual,2025-04-01,2025-06-30,1,False,Ingresos nuevos negocios (2),668275,52,pdfplumber,OK
Chilevisión,2025-06-30,data/raw/pdf/Chilevisión/98825/2025090626894_1.pdf,trimestre,comparativo,2024-04-01,2024-06-30,1,False,Ingresos nuevos negocios (2),761748,52,pdfplumber,OK
Chilevisión,2025-06-30,data/raw/pdf/Chilevisión/98825/2025090626894_1.pdf,semestre,actual,2025-01-01,2025-06-30,2,True,Totales ingresos de actividades ordinarias,35226547,52,pdfplumber,OK
Chilevisión,2025-06-30,data/raw/pdf/Chilevisión/98825/2025090626894_1.pdf,semestre,comparativo,2024-01-01,2024-06-30,2,True,Totales ingresos de actividades ordinarias,30856108,52,pdfplumber,OK
Chilevisión,2025-06-30,data/raw/pdf/Chilevisión/98825/2025090626894_1.pdf,trimestre,actual,2025-04-01,2025-06-30,2,True,Totales ingresos de actividades ordinarias,18795426,52,pdfplumber,OK
Chilevisión,2025-06-30,data/raw/pdf/Chilevisión/98825/2025090626894_1.pdf,trimestre,comparativo,2024-04-01,2024-06-30,2,True,Totales ingresos de actividades ordinarias,17214675,52,pdfplumber,OK
Chilevisión,2025-09-30,data/raw/pdf/Chilevisión/101642/Estados financieros.pdf,acumulado9m,actual,2025-01-01,2025-09-30,0,False,Ingresos por publicidad (1),46337973,48,pdfplumber,OK
Chilevisión,2025-09-30,data/raw/pdf/Chilevisión/101642/Estados financieros.pdf,acumulado9m,comparativo,2024-01-01,2024-09-30,0,False,Ingresos por publicidad (1),43419101,48,pdfplumber,OK
Chilevisión,2025-09-30,data/raw/pdf/Chilevisión/101642/Estados financieros.pdf,trimestre,actual,2025-07-01,2025-09-30,0,False,Ingresos por publicidad (1),15081807,48,pdfplumber,OK
Chilevisión,2025-09-30,data/raw/pdf/Chilevisión/101642/Estados financieros.pdf,trimestre,comparativo,2024-07-01,2024-09-30,0,False,Ingresos por publicidad (1),16117398,48,pdfplumber,OK
Chilevisión,2025-09-30,data/raw/pdf/Chilevisión/101642/Estados financieros.pdf,acumulado9m,actual,2025-01-01,2025-09-30,1,False,Ingresos nuevos negocios (2),5881488,48,pdfplumber,OK
Chilevisión,2025-09-30,data/raw/pdf/Chilevisión/101642/Estados financieros.pdf,acumulado9m,comparativo,2024-01-01,2024-09-30,1,False,Ingresos nuevos negocios (2),6633439,48,pdfplumber,OK
Chilevisión,2025-09-30,data/raw/pdf/Chilevisión/101642/Estados financieros.pdf,trimestre,actual,2025-07-01,2025-09-30,1,False,Ingresos nuevos negocios (2),1911107,48,pdfplumber,OK
Chilevisión,2025-09-30,data/raw/pdf/Chilevisión/101642/Estados financieros.pdf,trimestre,comparativo,2024-07-01,2024-09-30,1,False,Ingresos nuevos negocios (2),3079034,48,pdfplumber,OK
Chilevisión,2025-09-30,data/raw/pdf/Chilevisión/101642/Estados financieros.pdf,acumulado9m,actual,2025-01-01,2025-09-30,2,True,Totales ingresos de actividades ordinarias,52219461,48,pdfplumber,OK
Chilevisión,2025-09-30,data/raw/pdf/Chilevisión/101642/Estados financieros.pdf,acumulado9m,comparativo,2024-01-01,2024-09-30,2,True,Totales ingresos de actividades ordinarias,50052540,48,pdfplumber,OK
Chilevisión,2025-09-30,data/raw/pdf/Chilevisión/101642/Estados financieros.pdf,trimestre,actual,2025-07-01,2025-09-30,2,True,Totales ingresos de actividades ordinarias,16992914,48,pdfplumber,OK
Chilevisión,2025-09-30,data/raw/pdf/Chilevisión/101642/Estados financieros.pdf,trimestre,comparativo,2024-07-01,2024-09-30,2,True,Totales ingresos de actividades ordinarias,19196432,48,pdfplumber,OK
Chilevisión,2025-12-31,data/raw/pdf/Chilevisión/109184/2026030214248_1.pdf,anual,actual,2025-01-01,2025-12-31,0,False,Ingresos por publicidad (1),64981856,59,pdfplumber,OK
Chilevisión,2025-12-31,data/raw/pdf/Chilevisión/109184/2026030214248_1.pdf,anual,comparativo,2024-01-01,2024-12-31,0,False,Ingresos por publicidad (1),66752603,59,pdfplumber,OK
Chilevisión,2025-12-31,data/raw/pdf/Chilevisión/109184/2026030214248_1.pdf,anual,actual,2025-01-01,2025-12-31,1,False,Ingresos nuevos negocios (2),7516324,59,pdfplumber,OK
Chilevisión,2025-12-31,data/raw/pdf/Chilevisión/109184/2026030214248_1.pdf,anual,comparativo,2024-01-01,2024-12-31,1,False,Ingresos nuevos negocios (2),6564923,59,pdfplumber,OK
Chilevisión,2025-12-31,data/raw/pdf/Chilevisión/109184/2026030214248_1.pdf,anual,actual,2025-01-01,2025-12-31,2,True,Totales ingresos de actividades ordinarias,72498180,59,pdfplumber,OK
Chilevisión,2025-12-31,data/raw/pdf/Chilevisión/109184/2026030214248_1.pdf,anual,comparativo,2024-01-01,2024-12-31,2,True,Totales ingresos de actividades ordinarias,73317526,59,pdfplumber,OK
Chilevisión,2026-03-31,data/raw/pdf/Chilevisión/111126/2026050359726_1.pdf,trimestre,actual,2026-01-01,2026-03-31,0,False,Ingresos por publicidad (1),13733801,54,pdfplumber,OK
Chilevisión,2026-03-31,data/raw/pdf/Chilevisión/111126/2026050359726_1.pdf,trimestre,comparativo,2025-01-01,2025-03-31,0,False,Ingresos por publicidad (1),14280315,54,pdfplumber,OK
Chilevisión,2026-03-31,data/raw/pdf/Chilevisión/111126/2026050359726_1.pdf,trimestre,actual,2026-01-01,2026-03-31,1,False,Ingresos nuevos negocios (2),1373833,54,pdfplumber,OK
Chilevisión,2026-03-31,data/raw/pdf/Chilevisión/111126/2026050359726_1.pdf,trimestre,comparativo,2025-01-01,2025-03-31,1,False,Ingresos nuevos negocios (2),2150807,54,pdfplumber,OK
Chilevisión,2026-03-31,data/raw/pdf/Chilevisión/111126/2026050359726_1.pdf,trimestre,actual,2026-01-01,2026-03-31,2,True,Totales ingresos de actividades ordinarias,15107634,54,pdfplumber,OK
Chilevisión,2026-03-31,data/raw/pdf/Chilevisión/111126/2026050359726_1.pdf,trimestre,comparativo,2025-01-01,2025-03-31,2,True,Totales ingresos de actividades ordinarias,16431122,54,pdfplumber,OK
Chilevisión,2026-06-30,data/raw/pdf/Chilevisión/113714/2026090594832-1.pdf,semestre,actual,2026-01-01,2026-06-30,0,False,Ingresos por publicidad (1),32933666,53,pdfplumber,OK
Chilevisión,2026-06-30,data/raw/pdf/Chilevisión/113714/2026090594832-1.pdf,semestre,comparativo,2025-01-01,2025-06-30,0,False,Ingresos por publicidad (1),33494199,53,pdfplumber,OK
Chilevisión,2026-06-30,data/raw/pdf/Chilevisión/113714/2026090594832-1.pdf,trimestre,actual,2026-04-01,2026-06-30,0,False,Ingresos por publicidad (1),19199865,53,pdfplumber,OK
Chilevisión,2026-06-30,data/raw/pdf/Chilevisión/113714/2026090594832-1.pdf,trimestre,comparativo,2025-04-01,2025-06-30,0,False,Ingresos por publicidad (1),18127151,53,pdfplumber,OK
Chilevisión,2026-06-30,data/raw/pdf/Chilevisión/113714/2026090594832-1.pdf,semestre,actual,2026-01-01,2026-06-30,1,False,Ingresos nuevos negocios (2),3297691,53,pdfplumber,OK
Chilevisión,2026-06-30,data/raw/pdf/Chilevisión/113714/2026090594832-1.pdf,semestre,comparativo,2025-01-01,2025-06-30,1,False,Ingresos nuevos negocios (2),1732348,53,pdfplumber,OK
Chilevisión,2026-06-30,data/raw/pdf/Chilevisión/113714/2026090594832-1.pdf,trimestre,actual,2026-04-01,2026-06-30,1,False,Ingresos nuevos negocios (2),1923858,53,pdfplumber,OK
Chilevisión,2026-06-30,data/raw/pdf/Chilevisión/113714/2026090594832-1.pdf,trimestre,comparativo,2025-04-01,2025-06-30,1,False,Ingresos nuevos negocios (2),668275,53,pdfplumber,OK
Chilevisión,2026-06-30,data/raw/pdf/Chilevisión/113714/2026090594832-1.pdf,semestre,actual,2026-01-01,2026-06-30,2,True,Totales ingresos de actividades ordinarias,36231357,53,pdfplumber,OK
Chilevisión,2026-06-30,data/raw/pdf/Chilevisión/113714/2026090594832-1.pdf,semestre,comparativo,2025-01-01,2025-06-30,2,True,Totales ingresos de actividades ordinarias,35226547,53,pdfplumber,OK
Chilevisión,2026-06-30,data/raw/pdf/Chilevisión/113714/2026090594832-1.pdf,trimestre,actual,2026-04-01,2026-06-30,2,True,Totales ingresos de actividades ordinarias,21123723,53,pdfplumber,OK
Chilevisión,2026-06-30,data/raw/pdf/Chilevisión/113714/2026090594832-1.pdf,trimestre,comparativo,2025-04-01,2025-06-30,2,True,Totales ingresos de actividades ordinarias,18795426,53,pdfplumber,OK
La Red,2017-12-31,data/raw/pdf/La Red/29082/articles-29082_recurso_1.pdf,anual,actual,2017-01-01,2017-12-31,0,False,Ingresos de operación,6162402,42,ocr,OK
La Red,2017-12-31,data/raw/pdf/La Red/29082/articles-29082_recurso_1.pdf,anual,comparativo,2016-01-01,2016-12-31,0,False,Ingresos de operación,6417036,42,ocr,OK
La Red,2017-12-31,data/raw/pdf/La Red/29082/articles-29082_recurso_1.pdf,anual,actual,2017-01-01,2017-12-31,1,False,Ingresos de operación - canje ],12230,42,ocr,OK
La Red,2017-12-31,data/raw/pdf/La Red/29082/articles-29082_recurso_1.pdf,anual,comparativo,2016-01-01,2016-12-31,1,False,Ingresos de operación - canje ],5541,42,ocr,OK
La Red,2017-12-31,data/raw/pdf/La Red/29082/articles-29082_recurso_1.pdf,anual,actual,2017-01-01,2017-12-31,2,False,Otros ingresos de operación (*),191300,42,ocr,OK
La Red,2017-12-31,data/raw/pdf/La Red/29082/articles-29082_recurso_1.pdf,anual,comparativo,2016-01-01,2016-12-31,2,False,Otros ingresos de operación (*),305490,42,ocr,OK
La Red,2017-12-31,data/raw/pdf/La Red/29082/articles-29082_recurso_1.pdf,anual,actual,2017-01-01,2017-12-31,3,True,Totales,6365932,42,ocr,OK
La Red,2017-12-31,data/raw/pdf/La Red/29082/articles-29082_recurso_1.pdf,anual,comparativo,2016-01-01,2016-12-31,3,True,Totales,6728067,42,ocr,OK
La Red,2019-12-31,data/raw/pdf/La Red/28528/articles-28528_recurso_1.pdf,anual,actual,2019-01-01,2019-12-31,0,False,Ingresos de operación,3929475,43,ocr400,OK
La Red,2019-12-31,data/raw/pdf/La Red/28528/articles-28528_recurso_1.pdf,acumulado9m,comparativo,2018-01-01,2018-09-30,0,False,Ingresos de operación,3649007,43,ocr400,OK
La Red,2019-12-31,data/raw/pdf/La Red/28528/articles-28528_recurso_1.pdf,anual,actual,2019-01-01,2019-12-31,1,False,Ingresos de operación - canje,26138,43,ocr400,OK
La Red,2019-12-31,data/raw/pdf/La Red/28528/articles-28528_recurso_1.pdf,acumulado9m,comparativo,2018-01-01,2018-09-30,1,False,Ingresos de operación - canje,18989,43,ocr400,OK
La Red,2019-12-31,data/raw/pdf/La Red/28528/articles-28528_recurso_1.pdf,anual,actual,2019-01-01,2019-12-31,2,False,Otros ingresos de operación (*),255810,43,ocr400,OK
La Red,2019-12-31,data/raw/pdf/La Red/28528/articles-28528_recurso_1.pdf,acumulado9m,comparativo,2018-01-01,2018-09-30,2,False,Otros ingresos de operación (*),158909,43,ocr400,OK
La Red,2019-12-31,data/raw/pdf/La Red/28528/articles-28528_recurso_1.pdf,anual,actual,2019-01-01,2019-12-31,3,True,Totales,4211423,43,ocr400,OK
La Red,2019-12-31,data/raw/pdf/La Red/28528/articles-28528_recurso_1.pdf,acumulado9m,comparativo,2018-01-01,2018-09-30,3,True,Totales,3826905,43,ocr400,OK
La Red,2020-03-31,data/raw/pdf/La Red/29050/2020050177661_2.pdf,trimestre,actual,2020-01-01,2020-03-31,0,False,Ingresos de operación,772484,37,ocr,OK
La Red,2020-03-31,data/raw/pdf/La Red/29050/2020050177661_2.pdf,trimestre,comparativo,2019-01-01,2019-03-31,0,False,Ingresos de operación,991405,37,ocr,OK
La Red,2020-03-31,data/raw/pdf/La Red/29050/2020050177661_2.pdf,trimestre,actual,2020-01-01,2020-03-31,1,False,Ingresos de operación - canje,13100,37,ocr,OK
La Red,2020-03-31,data/raw/pdf/La Red/29050/2020050177661_2.pdf,trimestre,comparativo,2019-01-01,2019-03-31,1,False,Ingresos de operación - canje,0,37,ocr,OK
La Red,2020-03-31,data/raw/pdf/La Red/29050/2020050177661_2.pdf,trimestre,actual,2020-01-01,2020-03-31,2,False,Otros ingresos de operación (*),97924,37,ocr,OK
La Red,2020-03-31,data/raw/pdf/La Red/29050/2020050177661_2.pdf,trimestre,comparativo,2019-01-01,2019-03-31,2,False,Otros ingresos de operación (*),48915,37,ocr,OK
La Red,2020-03-31,data/raw/pdf/La Red/29050/2020050177661_2.pdf,trimestre,actual,2020-01-01,2020-03-31,3,True,Totales,883508,37,ocr,OK
La Red,2020-03-31,data/raw/pdf/La Red/29050/2020050177661_2.pdf,trimestre,comparativo,2019-01-01,2019-03-31,3,True,Totales,1040320,37,ocr,OK
La Red,2020-06-30,data/raw/pdf/La Red/29820/3.pdf,semestre,actual,2020-01-01,2020-06-30,0,False,Ingresos de operación,1432535,40,ocr400,OK
La Red,2020-06-30,data/raw/pdf/La Red/29820/3.pdf,semestre,comparativo,2019-01-01,2019-06-30,0,False,Ingresos de operación,2102181,40,ocr400,OK
La Red,2020-06-30,data/raw/pdf/La Red/29820/3.pdf,semestre,actual,2020-01-01,2020-06-30,1,False,Ingresos de operación - canje,38347,40,ocr400,OK
La Red,2020-06-30,data/raw/pdf/La Red/29820/3.pdf,semestre,comparativo,2019-01-01,2019-06-30,1,False,Ingresos de operación - canje,5919,40,ocr400,OK
La Red,2020-06-30,data/raw/pdf/La Red/29820/3.pdf,semestre,actual,2020-01-01,2020-06-30,2,False,Otros ingresos de operación (*),157270,40,ocr400,OK
La Red,2020-06-30,data/raw/pdf/La Red/29820/3.pdf,semestre,comparativo,2019-01-01,2019-06-30,2,False,Otros ingresos de operación (*),97650,40,ocr400,OK
La Red,2020-06-30,data/raw/pdf/La Red/29820/3.pdf,semestre,actual,2020-01-01,2020-06-30,3,True,Totales,1628152,40,ocr400,OK
La Red,2020-06-30,data/raw/pdf/La Red/29820/3.pdf,semestre,comparativo,2019-01-01,2019-06-30,3,True,Totales,2205750,40,ocr400,OK
La Red,2020-09-30,data/raw/pdf/La Red/38814/2020110486093_3.pdf,acumulado9m,actual,2020-01-01,2020-09-30,0,False,Ingresos de operación,2413034,37,pdfplumber,OK
La Red,2020-09-30,data/raw/pdf/La Red/38814/2020110486093_3.pdf,acumulado9m,comparativo,2019-01-01,2019-09-30,0,False,Ingresos de operación,3134286,37,pdfplumber,OK
La Red,2020-09-30,data/raw/pdf/La Red/38814/2020110486093_3.pdf,acumulado9m,actual,2020-01-01,2020-09-30,1,False,Ingresos de operación - canje,41804,37,pdfplumber,OK
La Red,2020-09-30,data/raw/pdf/La Red/38814/2020110486093_3.pdf,acumulado9m,comparativo,2019-01-01,2019-09-30,1,False,Ingresos de operación - canje,8461,37,pdfplumber,OK
La Red,2020-09-30,data/raw/pdf/La Red/38814/2020110486093_3.pdf,acumulado9m,actual,2020-01-01,2020-09-30,2,False,Otros ingresos de operación (*),281400,37,pdfplumber,OK
La Red,2020-09-30,data/raw/pdf/La Red/38814/2020110486093_3.pdf,acumulado9m,comparativo,2019-01-01,2019-09-30,2,False,Otros ingresos de operación (*),175896,37,pdfplumber,OK
La Red,2020-09-30,data/raw/pdf/La Red/38814/2020110486093_3.pdf,acumulado9m,actual,2020-01-01,2020-09-30,3,True,Totales,2736238,37,pdfplumber,OK
La Red,2020-09-30,data/raw/pdf/La Red/38814/2020110486093_3.pdf,acumulado9m,comparativo,2019-01-01,2019-09-30,3,True,Totales,3318643,37,pdfplumber,OK
La Red,2020-12-31,data/raw/pdf/La Red/47351/2021030120869_1.pdf,anual,actual,2020-01-01,2020-12-31,0,False,Ingresos de operación,3627145,38,pdfplumber,OK
La Red,2020-12-31,data/raw/pdf/La Red/47351/2021030120869_1.pdf,anual,comparativo,2019-01-01,2019-12-31,0,False,Ingresos de operación,3929475,38,pdfplumber,OK
La Red,2020-12-31,data/raw/pdf/La Red/47351/2021030120869_1.pdf,anual,actual,2020-01-01,2020-12-31,1,False,Ingresos de operación - canje,56223,38,pdfplumber,OK
La Red,2020-12-31,data/raw/pdf/La Red/47351/2021030120869_1.pdf,anual,comparativo,2019-01-01,2019-12-31,1,False,Ingresos de operación - canje,26138,38,pdfplumber,OK
La Red,2020-12-31,data/raw/pdf/La Red/47351/2021030120869_1.pdf,anual,actual,2020-01-01,2020-12-31,2,False,Otros ingresos de operación (*),355163,38,pdfplumber,OK
La Red,2020-12-31,data/raw/pdf/La Red/47351/2021030120869_1.pdf,anual,comparativo,2019-01-01,2019-12-31,2,False,Otros ingresos de operación (*),255810,38,pdfplumber,OK
La Red,2020-12-31,data/raw/pdf/La Red/47351/2021030120869_1.pdf,anual,actual,2020-01-01,2020-12-31,3,True,Totales,4038531,38,pdfplumber,OK
La Red,2020-12-31,data/raw/pdf/La Red/47351/2021030120869_1.pdf,anual,comparativo,2019-01-01,2019-12-31,3,True,Totales,4211423,38,pdfplumber,OK
La Red,2021-03-31,data/raw/pdf/La Red/47715/2021050210171_2.pdf,trimestre,actual,2021-01-01,2021-03-31,0,False,Ingresos de operación,697637,36,pdfplumber,REVISAR
La Red,2021-03-31,data/raw/pdf/La Red/47715/2021050210171_2.pdf,trimestre,comparativo,2020-01-01,2020-03-31,0,False,Ingresos de operación,772484,36,pdfplumber,REVISAR
La Red,2021-03-31,data/raw/pdf/La Red/47715/2021050210171_2.pdf,trimestre,actual,2021-01-01,2021-03-31,1,False,Ingresos de operación - canje,25615,36,pdfplumber,REVISAR
La Red,2021-03-31,data/raw/pdf/La Red/47715/2021050210171_2.pdf,trimestre,comparativo,2020-01-01,2020-03-31,1,False,Ingresos de operación - canje,13100,36,pdfplumber,REVISAR
La Red,2021-03-31,data/raw/pdf/La Red/47715/2021050210171_2.pdf,trimestre,actual,2021-01-01,2021-03-31,2,False,Otros ingresos de operación (*),89280,36,pdfplumber,REVISAR
La Red,2021-03-31,data/raw/pdf/La Red/47715/2021050210171_2.pdf,trimestre,comparativo,2020-01-01,2020-03-31,2,False,Otros ingresos de operación (*),97924,36,pdfplumber,REVISAR
La Red,2021-03-31,data/raw/pdf/La Red/47715/2021050210171_2.pdf,trimestre,actual,2021-01-01,2021-03-31,3,True,Totales,812532,36,pdfplumber,REVISAR
La Red,2021-03-31,data/raw/pdf/La Red/47715/2021050210171_2.pdf,trimestre,comparativo,2020-01-01,2020-03-31,3,True,Totales,883508,36,pdfplumber,REVISAR
La Red,2021-06-30,data/raw/pdf/La Red/49398/2021090375853_2.pdf,semestre,actual,2021-01-01,2021-06-30,0,False,Ingresos de operación,1818135,38,pdfplumber,OK
La Red,2021-06-30,data/raw/pdf/La Red/49398/2021090375853_2.pdf,semestre,comparativo,2020-01-01,2020-06-30,0,False,Ingresos de operación,1432535,38,pdfplumber,OK
La Red,2021-06-30,data/raw/pdf/La Red/49398/2021090375853_2.pdf,semestre,actual,2021-01-01,2021-06-30,1,False,Ingresos de operación - canje,45698,38,pdfplumber,OK
La Red,2021-06-30,data/raw/pdf/La Red/49398/2021090375853_2.pdf,semestre,comparativo,2020-01-01,2020-06-30,1,False,Ingresos de operación - canje,38347,38,pdfplumber,OK
La Red,2021-06-30,data/raw/pdf/La Red/49398/2021090375853_2.pdf,semestre,actual,2021-01-01,2021-06-30,2,False,Otros ingresos de operación (*),167062,38,pdfplumber,OK
La Red,2021-06-30,data/raw/pdf/La Red/49398/2021090375853_2.pdf,semestre,comparativo,2020-01-01,2020-06-30,2,False,Otros ingresos de operación (*),157270,38,pdfplumber,OK
La Red,2021-06-30,data/raw/pdf/La Red/49398/2021090375853_2.pdf,semestre,actual,2021-01-01,2021-06-30,3,True,Totales,2030895,38,pdfplumber,OK
La Red,2021-06-30,data/raw/pdf/La Red/49398/2021090375853_2.pdf,semestre,comparativo,2020-01-01,2020-06-30,3,True,Totales,1628152,38,pdfplumber,OK
La Red,2021-09-30,data/raw/pdf/La Red/49905/2021110476849_2.pdf,acumulado9m,actual,2021-01-01,2021-09-30,0,False,Ingresos de operación,3006778,36,pdfplumber,OK
La Red,2021-09-30,data/raw/pdf/La Red/49905/2021110476849_2.pdf,acumulado9m,comparativo,2020-01-01,2020-09-30,0,False,Ingresos de operación,2413034,36,pdfplumber,OK
La Red,2021-09-30,data/raw/pdf/La Red/49905/2021110476849_2.pdf,acumulado9m,actual,2021-01-01,2021-09-30,1,False,Ingresos de operación - canje,124506,36,pdfplumber,OK
La Red,2021-09-30,data/raw/pdf/La Red/49905/2021110476849_2.pdf,acumulado9m,comparativo,2020-01-01,2020-09-30,1,False,Ingresos de operación - canje,41804,36,pdfplumber,OK
La Red,2021-09-30,data/raw/pdf/La Red/49905/2021110476849_2.pdf,acumulado9m,actual,2021-01-01,2021-09-30,2,False,Otros ingresos de operación (*),228978,36,pdfplumber,OK
La Red,2021-09-30,data/raw/pdf/La Red/49905/2021110476849_2.pdf,acumulado9m,comparativo,2020-01-01,2020-09-30,2,False,Otros ingresos de operación (*),281400,36,pdfplumber,OK
La Red,2021-09-30,data/raw/pdf/La Red/49905/2021110476849_2.pdf,acumulado9m,actual,2021-01-01,2021-09-30,3,True,Totales,3360262,36,pdfplumber,OK
La Red,2021-09-30,data/raw/pdf/La Red/49905/2021110476849_2.pdf,acumulado9m,comparativo,2020-01-01,2020-09-30,3,True,Totales,2736238,36,pdfplumber,OK
La Red,2021-12-31,data/raw/pdf/La Red/50694/Estados Financieros.pdf,anual,actual,2021-01-01,2021-12-31,0,False,Ingresos de operación,4395565,38,ocr,OK
La Red,2021-12-31,data/raw/pdf/La Red/50694/Estados Financieros.pdf,anual,comparativo,2020-01-01,2020-12-31,0,False,Ingresos de operación,3627145,38,ocr,OK
La Red,2021-12-31,data/raw/pdf/La Red/50694/Estados Financieros.pdf,anual,actual,2021-01-01,2021-12-31,1,False,Ingresos de operación - canje,168162,38,ocr,OK
La Red,2021-12-31,data/raw/pdf/La Red/50694/Estados Financieros.pdf,anual,comparativo,2020-01-01,2020-12-31,1,False,Ingresos de operación - canje,56223,38,ocr,OK
La Red,2021-12-31,data/raw/pdf/La Red/50694/Estados Financieros.pdf,anual,actual,2021-01-01,2021-12-31,2,False,Otros ingresos de operación (*),296693,38,ocr,OK
La Red,2021-12-31,data/raw/pdf/La Red/50694/Estados Financieros.pdf,anual,comparativo,2020-01-01,2020-12-31,2,False,Otros ingresos de operación (*),355163,38,ocr,OK
La Red,2021-12-31,data/raw/pdf/La Red/50694/Estados Financieros.pdf,anual,actual,2021-01-01,2021-12-31,3,True,Totales,4860420,38,ocr,OK
La Red,2021-12-31,data/raw/pdf/La Red/50694/Estados Financieros.pdf,anual,comparativo,2020-01-01,2020-12-31,3,True,Totales,4038531,38,ocr,OK
La Red,2022-03-31,data/raw/pdf/La Red/51267/ESTADOS FINANCIEROS.pdf,trimestre,actual,2022-01-01,2022-03-31,0,False,Ingresos de operación,1054699,36,pdfplumber,OK
La Red,2022-03-31,data/raw/pdf/La Red/51267/ESTADOS FINANCIEROS.pdf,trimestre,comparativo,2021-01-01,2021-03-31,0,False,Ingresos de operación,697637,36,pdfplumber,OK
La Red,2022-03-31,data/raw/pdf/La Red/51267/ESTADOS FINANCIEROS.pdf,trimestre,actual,2022-01-01,2022-03-31,1,False,Ingresos de operación - canje,104440,36,pdfplumber,OK
La Red,2022-03-31,data/raw/pdf/La Red/51267/ESTADOS FINANCIEROS.pdf,trimestre,comparativo,2021-01-01,2021-03-31,1,False,Ingresos de operación - canje,25615,36,pdfplumber,OK
La Red,2022-03-31,data/raw/pdf/La Red/51267/ESTADOS FINANCIEROS.pdf,trimestre,actual,2022-01-01,2022-03-31,2,False,Otros ingresos de operación (*),70692,36,pdfplumber,OK
La Red,2022-03-31,data/raw/pdf/La Red/51267/ESTADOS FINANCIEROS.pdf,trimestre,comparativo,2021-01-01,2021-03-31,2,False,Otros ingresos de operación (*),89280,36,pdfplumber,OK
La Red,2022-03-31,data/raw/pdf/La Red/51267/ESTADOS FINANCIEROS.pdf,trimestre,actual,2022-01-01,2022-03-31,3,True,Totales,1229831,36,pdfplumber,OK
La Red,2022-03-31,data/raw/pdf/La Red/51267/ESTADOS FINANCIEROS.pdf,trimestre,comparativo,2021-01-01,2021-03-31,3,True,Totales,812532,36,pdfplumber,OK
La Red,2022-06-30,data/raw/pdf/La Red/53287/2022090358063_3.pdf,semestre,actual,2022-01-01,2022-06-30,0,False,Ingresos de operación,1975462,38,pdfplumber,OK
La Red,2022-06-30,data/raw/pdf/La Red/53287/2022090358063_3.pdf,semestre,comparativo,2021-01-01,2021-06-30,0,False,Ingresos de operación,1818135,38,pdfplumber,OK
La Red,2022-06-30,data/raw/pdf/La Red/53287/2022090358063_3.pdf,semestre,actual,2022-01-01,2022-06-30,1,False,Ingresos de operación - canje,149510,38,pdfplumber,OK
La Red,2022-06-30,data/raw/pdf/La Red/53287/2022090358063_3.pdf,semestre,comparativo,2021-01-01,2021-06-30,1,False,Ingresos de operación - canje,45698,38,pdfplumber,OK
La Red,2022-06-30,data/raw/pdf/La Red/53287/2022090358063_3.pdf,semestre,actual,2022-01-01,2022-06-30,2,False,Otros ingresos de operación (*),131045,38,pdfplumber,OK
La Red,2022-06-30,data/raw/pdf/La Red/53287/2022090358063_3.pdf,semestre,comparativo,2021-01-01,2021-06-30,2,False,Otros ingresos de operación (*),167062,38,pdfplumber,OK
La Red,2022-06-30,data/raw/pdf/La Red/53287/2022090358063_3.pdf,semestre,actual,2022-01-01,2022-06-30,3,True,Totales,2256017,38,pdfplumber,OK
La Red,2022-06-30,data/raw/pdf/La Red/53287/2022090358063_3.pdf,semestre,comparativo,2021-01-01,2021-06-30,3,True,Totales,2030895,38,pdfplumber,OK
La Red,2022-09-30,data/raw/pdf/La Red/57119/2022110454862_1.pdf,acumulado9m,actual,2022-01-01,2022-09-30,0,False,Ingresos de operación,2572837,37,pdfplumber,OK
La Red,2022-09-30,data/raw/pdf/La Red/57119/2022110454862_1.pdf,acumulado9m,comparativo,2021-01-01,2021-09-30,0,False,Ingresos de operación,3006778,37,pdfplumber,OK
La Red,2022-09-30,data/raw/pdf/La Red/57119/2022110454862_1.pdf,acumulado9m,actual,2022-01-01,2022-09-30,1,False,Ingresos de operación - canje,178893,37,pdfplumber,OK
La Red,2022-09-30,data/raw/pdf/La Red/57119/2022110454862_1.pdf,acumulado9m,comparativo,2021-01-01,2021-09-30,1,False,Ingresos de operación - canje,124506,37,pdfplumber,OK
La Red,2022-09-30,data/raw/pdf/La Red/57119/2022110454862_1.pdf,acumulado9m,actual,2022-01-01,2022-09-30,2,False,Otros ingresos de operación (*),191448,37,pdfplumber,OK
La Red,2022-09-30,data/raw/pdf/La Red/57119/2022110454862_1.pdf,acumulado9m,comparativo,2021-01-01,2021-09-30,2,False,Otros ingresos de operación (*),228978,37,pdfplumber,OK
La Red,2022-09-30,data/raw/pdf/La Red/57119/2022110454862_1.pdf,acumulado9m,actual,2022-01-01,2022-09-30,3,True,Totales,2943178,37,pdfplumber,OK
La Red,2022-09-30,data/raw/pdf/La Red/57119/2022110454862_1.pdf,acumulado9m,comparativo,2021-01-01,2021-09-30,3,True,Totales,3360262,37,pdfplumber,OK
La Red,2022-12-31,data/raw/pdf/La Red/72570/2023110499561_3.pdf,anual,actual,2022-01-01,2022-12-31,0,False,Ingresos de operación,3182481,40,pdfplumber,OK
La Red,2022-12-31,data/raw/pdf/La Red/72570/2023110499561_3.pdf,anual,comparativo,2021-01-01,2021-12-31,0,False,Ingresos de operación,4395565,40,pdfplumber,OK
La Red,2022-12-31,data/raw/pdf/La Red/72570/2023110499561_3.pdf,anual,actual,2022-01-01,2022-12-31,1,False,Ingresos de operación - canje,208137,40,pdfplumber,OK
La Red,2022-12-31,data/raw/pdf/La Red/72570/2023110499561_3.pdf,anual,comparativo,2021-01-01,2021-12-31,1,False,Ingresos de operación - canje,168162,40,pdfplumber,OK
La Red,2022-12-31,data/raw/pdf/La Red/72570/2023110499561_3.pdf,anual,actual,2022-01-01,2022-12-31,2,False,Otros ingresos de operación (*),247751,40,pdfplumber,OK
La Red,2022-12-31,data/raw/pdf/La Red/72570/2023110499561_3.pdf,anual,comparativo,2021-01-01,2021-12-31,2,False,Otros ingresos de operación (*),296693,40,pdfplumber,OK
La Red,2022-12-31,data/raw/pdf/La Red/72570/2023110499561_3.pdf,anual,actual,2022-01-01,2022-12-31,3,True,Totales,3638369,40,pdfplumber,OK
La Red,2022-12-31,data/raw/pdf/La Red/72570/2023110499561_3.pdf,anual,comparativo,2021-01-01,2021-12-31,3,True,Totales,4860420,40,pdfplumber,OK
La Red,2023-03-31,data/raw/pdf/La Red/76623/2023120563000_3 (1).pdf,trimestre,actual,2023-01-01,2023-03-31,0,False,Ingresos de operación,416765,37,pdfplumber,OK
La Red,2023-03-31,data/raw/pdf/La Red/76623/2023120563000_3 (1).pdf,trimestre,comparativo,2022-01-01,2022-03-31,0,False,Ingresos de operación,1054699,37,pdfplumber,OK
La Red,2023-03-31,data/raw/pdf/La Red/76623/2023120563000_3 (1).pdf,trimestre,actual,2023-01-01,2023-03-31,1,False,Ingresos de operación - canje,8264,37,pdfplumber,OK
La Red,2023-03-31,data/raw/pdf/La Red/76623/2023120563000_3 (1).pdf,trimestre,comparativo,2022-01-01,2022-03-31,1,False,Ingresos de operación - canje,104440,37,pdfplumber,OK
La Red,2023-03-31,data/raw/pdf/La Red/76623/2023120563000_3 (1).pdf,trimestre,actual,2023-01-01,2023-03-31,2,False,Otros ingresos de operación (*),53911,37,pdfplumber,OK
La Red,2023-03-31,data/raw/pdf/La Red/76623/2023120563000_3 (1).pdf,trimestre,comparativo,2022-01-01,2022-03-31,2,False,Otros ingresos de operación (*),70692,37,pdfplumber,OK
La Red,2023-03-31,data/raw/pdf/La Red/76623/2023120563000_3 (1).pdf,trimestre,actual,2023-01-01,2023-03-31,3,True,Totales,478940,37,pdfplumber,OK
La Red,2023-03-31,data/raw/pdf/La Red/76623/2023120563000_3 (1).pdf,trimestre,comparativo,2022-01-01,2022-03-31,3,True,Totales,1229831,37,pdfplumber,OK
La Red,2023-06-30,data/raw/pdf/La Red/78503/2024020089846_2.pdf,semestre,actual,2023-01-01,2023-06-30,0,False,Ingresos de operación,838860,39,pdfplumber,OK
La Red,2023-06-30,data/raw/pdf/La Red/78503/2024020089846_2.pdf,semestre,comparativo,2022-01-01,2022-06-30,0,False,Ingresos de operación,1975462,39,pdfplumber,OK
La Red,2023-06-30,data/raw/pdf/La Red/78503/2024020089846_2.pdf,semestre,actual,2023-01-01,2023-06-30,1,False,Ingresos de operación - canje,64764,39,pdfplumber,OK
La Red,2023-06-30,data/raw/pdf/La Red/78503/2024020089846_2.pdf,semestre,comparativo,2022-01-01,2022-06-30,1,False,Ingresos de operación - canje,149510,39,pdfplumber,OK
La Red,2023-06-30,data/raw/pdf/La Red/78503/2024020089846_2.pdf,semestre,actual,2023-01-01,2023-06-30,2,False,Otros ingresos de operación (*),112062,39,pdfplumber,OK
La Red,2023-06-30,data/raw/pdf/La Red/78503/2024020089846_2.pdf,semestre,comparativo,2022-01-01,2022-06-30,2,False,Otros ingresos de operación (*),131045,39,pdfplumber,OK
La Red,2023-06-30,data/raw/pdf/La Red/78503/2024020089846_2.pdf,semestre,actual,2023-01-01,2023-06-30,3,True,Totales,1015686,39,pdfplumber,OK
La Red,2023-06-30,data/raw/pdf/La Red/78503/2024020089846_2.pdf,semestre,comparativo,2022-01-01,2022-06-30,3,True,Totales,2256017,39,pdfplumber,OK
La Red,2023-09-30,data/raw/pdf/La Red/79938/2024030171021_1.pdf,acumulado9m,actual,2023-01-01,2023-09-30,0,False,Ingresos de operación,1392725,37,pdfplumber,OK
La Red,2023-09-30,data/raw/pdf/La Red/79938/2024030171021_1.pdf,acumulado9m,comparativo,2022-01-01,2022-09-30,0,False,Ingresos de operación,2572837,37,pdfplumber,OK
La Red,2023-09-30,data/raw/pdf/La Red/79938/2024030171021_1.pdf,acumulado9m,actual,2023-01-01,2023-09-30,1,False,Ingresos de operación - canje,137380,37,pdfplumber,OK
La Red,2023-09-30,data/raw/pdf/La Red/79938/2024030171021_1.pdf,acumulado9m,comparativo,2022-01-01,2022-09-30,1,False,Ingresos de operación - canje,178893,37,pdfplumber,OK
La Red,2023-09-30,data/raw/pdf/La Red/79938/2024030171021_1.pdf,acumulado9m,actual,2023-01-01,2023-09-30,2,False,Otros ingresos de operación (*),177205,37,pdfplumber,OK
La Red,2023-09-30,data/raw/pdf/La Red/79938/2024030171021_1.pdf,acumulado9m,comparativo,2022-01-01,2022-09-30,2,False,Otros ingresos de operación (*),191448,37,pdfplumber,OK
La Red,2023-09-30,data/raw/pdf/La Red/79938/2024030171021_1.pdf,acumulado9m,actual,2023-01-01,2023-09-30,3,True,Totales,1707310,37,pdfplumber,OK
La Red,2023-09-30,data/raw/pdf/La Red/79938/2024030171021_1.pdf,acumulado9m,comparativo,2022-01-01,2022-09-30,3,True,Totales,2943178,37,pdfplumber,OK
La Red,2023-12-31,data/raw/pdf/La Red/80608/Estados financieros.pdf,anual,actual,2023-01-01,2023-12-31,0,False,Ingresos de operación,1841660,40,pdfplumber,OK
La Red,2023-12-31,data/raw/pdf/La Red/80608/Estados financieros.pdf,anual,comparativo,2022-01-01,2022-12-31,0,False,Ingresos de operación,3182481,40,pdfplumber,OK
La Red,2023-12-31,data/raw/pdf/La Red/80608/Estados financieros.pdf,anual,actual,2023-01-01,2023-12-31,1,False,Ingresos de operación - canje,138607,40,pdfplumber,OK
La Red,2023-12-31,data/raw/pdf/La Red/80608/Estados financieros.pdf,anual,comparativo,2022-01-01,2022-12-31,1,False,Ingresos de operación - canje,208137,40,pdfplumber,OK
La Red,2023-12-31,data/raw/pdf/La Red/80608/Estados financieros.pdf,anual,actual,2023-01-01,2023-12-31,2,False,Otros ingresos de operación (*),217747,40,pdfplumber,OK
La Red,2023-12-31,data/raw/pdf/La Red/80608/Estados financieros.pdf,anual,comparativo,2022-01-01,2022-12-31,2,False,Otros ingresos de operación (*),247751,40,pdfplumber,OK
La Red,2023-12-31,data/raw/pdf/La Red/80608/Estados financieros.pdf,anual,actual,2023-01-01,2023-12-31,3,True,Totales,2198014,40,pdfplumber,OK
La Red,2023-12-31,data/raw/pdf/La Red/80608/Estados financieros.pdf,anual,comparativo,2022-01-01,2022-12-31,3,True,Totales,3638369,40,pdfplumber,OK
La Red,2024-03-31,data/raw/pdf/La Red/82004/2024060331482_3.pdf,trimestre,actual,2024-01-01,2024-03-31,0,False,Ingresos de operación,428323,37,pdfplumber,OK
La Red,2024-03-31,data/raw/pdf/La Red/82004/2024060331482_3.pdf,trimestre,comparativo,2023-01-01,2023-03-31,0,False,Ingresos de operación,416765,37,pdfplumber,OK
La Red,2024-03-31,data/raw/pdf/La Red/82004/2024060331482_3.pdf,trimestre,actual,2024-01-01,2024-03-31,1,False,Ingresos de operación - canje,0,37,pdfplumber,OK
La Red,2024-03-31,data/raw/pdf/La Red/82004/2024060331482_3.pdf,trimestre,comparativo,2023-01-01,2023-03-31,1,False,Ingresos de operación - canje,8264,37,pdfplumber,OK
La Red,2024-03-31,data/raw/pdf/La Red/82004/2024060331482_3.pdf,trimestre,actual,2024-01-01,2024-03-31,2,False,Otros ingresos de operación (*),25925,37,pdfplumber,OK
La Red,2024-03-31,data/raw/pdf/La Red/82004/2024060331482_3.pdf,trimestre,comparativo,2023-01-01,2023-03-31,2,False,Otros ingresos de operación (*),53911,37,pdfplumber,OK
La Red,2024-03-31,data/raw/pdf/La Red/82004/2024060331482_3.pdf,trimestre,actual,2024-01-01,2024-03-31,3,True,Totales,454248,37,pdfplumber,OK
La Red,2024-03-31,data/raw/pdf/La Red/82004/2024060331482_3.pdf,trimestre,comparativo,2023-01-01,2023-03-31,3,True,Totales,478940,37,pdfplumber,OK
La Red,2024-06-30,data/raw/pdf/La Red/85356/2024090481543_3.pdf,semestre,actual,2024-01-01,2024-06-30,0,False,Ingresos de operación,854365,39,pdfplumber,OK
La Red,2024-06-30,data/raw/pdf/La Red/85356/2024090481543_3.pdf,semestre,comparativo,2023-01-01,2023-06-30,0,False,Ingresos de operación,838860,39,pdfplumber,OK
La Red,2024-06-30,data/raw/pdf/La Red/85356/2024090481543_3.pdf,semestre,actual,2024-01-01,2024-06-30,1,False,Ingresos de operación - canje,0,39,pdfplumber,OK
La Red,2024-06-30,data/raw/pdf/La Red/85356/2024090481543_3.pdf,semestre,comparativo,2023-01-01,2023-06-30,1,False,Ingresos de operación - canje,64764,39,pdfplumber,OK
La Red,2024-06-30,data/raw/pdf/La Red/85356/2024090481543_3.pdf,semestre,actual,2024-01-01,2024-06-30,2,False,Otros ingresos de operación (*),25925,39,pdfplumber,OK
La Red,2024-06-30,data/raw/pdf/La Red/85356/2024090481543_3.pdf,semestre,comparativo,2023-01-01,2023-06-30,2,False,Otros ingresos de operación (*),112062,39,pdfplumber,OK
La Red,2024-06-30,data/raw/pdf/La Red/85356/2024090481543_3.pdf,semestre,actual,2024-01-01,2024-06-30,3,True,Totales,880290,39,pdfplumber,OK
La Red,2024-06-30,data/raw/pdf/La Red/85356/2024090481543_3.pdf,semestre,comparativo,2023-01-01,2023-06-30,3,True,Totales,1015686,39,pdfplumber,OK
La Red,2024-09-30,data/raw/pdf/La Red/88267/2024110658354_2.pdf,acumulado9m,actual,2024-01-01,2024-09-30,0,False,Ingresos de operación,1137756,37,pdfplumber,OK
La Red,2024-09-30,data/raw/pdf/La Red/88267/2024110658354_2.pdf,acumulado9m,comparativo,2023-01-01,2023-09-30,0,False,Ingresos de operación,1392725,37,pdfplumber,OK
La Red,2024-09-30,data/raw/pdf/La Red/88267/2024110658354_2.pdf,acumulado9m,actual,2024-01-01,2024-09-30,1,False,Ingresos de operación - canje,3960,37,pdfplumber,OK
La Red,2024-09-30,data/raw/pdf/La Red/88267/2024110658354_2.pdf,acumulado9m,comparativo,2023-01-01,2023-09-30,1,False,Ingresos de operación - canje,137380,37,pdfplumber,OK
La Red,2024-09-30,data/raw/pdf/La Red/88267/2024110658354_2.pdf,acumulado9m,actual,2024-01-01,2024-09-30,2,False,Otros ingresos de operación (*),80958,37,pdfplumber,OK
La Red,2024-09-30,data/raw/pdf/La Red/88267/2024110658354_2.pdf,acumulado9m,comparativo,2023-01-01,2023-09-30,2,False,Otros ingresos de operación (*),177205,37,pdfplumber,OK
La Red,2024-09-30,data/raw/pdf/La Red/88267/2024110658354_2.pdf,acumulado9m,actual,2024-01-01,2024-09-30,3,True,Totales,1222674,37,pdfplumber,OK
La Red,2024-09-30,data/raw/pdf/La Red/88267/2024110658354_2.pdf,acumulado9m,comparativo,2023-01-01,2023-09-30,3,True,Totales,1707310,37,pdfplumber,OK
La Red,2024-12-31,data/raw/pdf/La Red/93015/ESTADOS FINANCIEROS.pdf,anual,actual,2024-01-01,2024-12-31,0,False,Ingresos de operación,1442592,40,pdfplumber,OK
La Red,2024-12-31,data/raw/pdf/La Red/93015/ESTADOS FINANCIEROS.pdf,anual,comparativo,2023-01-01,2023-12-31,0,False,Ingresos de operación,1841660,40,pdfplumber,OK
La Red,2024-12-31,data/raw/pdf/La Red/93015/ESTADOS FINANCIEROS.pdf,anual,actual,2024-01-01,2024-12-31,1,False,Ingresos de operación - canje,12462,40,pdfplumber,OK
La Red,2024-12-31,data/raw/pdf/La Red/93015/ESTADOS FINANCIEROS.pdf,anual,comparativo,2023-01-01,2023-12-31,1,False,Ingresos de operación - canje,138607,40,pdfplumber,OK
La Red,2024-12-31,data/raw/pdf/La Red/93015/ESTADOS FINANCIEROS.pdf,anual,actual,2024-01-01,2024-12-31,2,False,Otros ingresos de operación (*),333081,40,pdfplumber,OK
La Red,2024-12-31,data/raw/pdf/La Red/93015/ESTADOS FINANCIEROS.pdf,anual,comparativo,2023-01-01,2023-12-31,2,False,Otros ingresos de operación (*),217747,40,pdfplumber,OK
La Red,2024-12-31,data/raw/pdf/La Red/93015/ESTADOS FINANCIEROS.pdf,anual,actual,2024-01-01,2024-12-31,3,True,Totales,1788135,40,pdfplumber,OK
La Red,2024-12-31,data/raw/pdf/La Red/93015/ESTADOS FINANCIEROS.pdf,anual,comparativo,2023-01-01,2023-12-31,3,True,Totales,2198014,40,pdfplumber,OK
La Red,2025-03-31,data/raw/pdf/La Red/95047/2025050380606_2.pdf,trimestre,actual,2025-01-01,2025-03-31,0,False,Ingresos de operación,264465,37,pdfplumber,OK
La Red,2025-03-31,data/raw/pdf/La Red/95047/2025050380606_2.pdf,trimestre,comparativo,2024-01-01,2024-03-31,0,False,Ingresos de operación,428323,37,pdfplumber,OK
La Red,2025-03-31,data/raw/pdf/La Red/95047/2025050380606_2.pdf,trimestre,actual,2025-01-01,2025-03-31,1,False,Otros ingresos de operación (*),47247,37,pdfplumber,OK
La Red,2025-03-31,data/raw/pdf/La Red/95047/2025050380606_2.pdf,trimestre,comparativo,2024-01-01,2024-03-31,1,False,Otros ingresos de operación (*),25925,37,pdfplumber,OK
La Red,2025-03-31,data/raw/pdf/La Red/95047/2025050380606_2.pdf,trimestre,actual,2025-01-01,2025-03-31,2,True,Totales,311712,37,pdfplumber,OK
La Red,2025-03-31,data/raw/pdf/La Red/95047/2025050380606_2.pdf,trimestre,comparativo,2024-01-01,2024-03-31,2,True,Totales,454248,37,pdfplumber,OK
La Red,2025-06-30,data/raw/pdf/La Red/98821/2025090626005_1.pdf,semestre,actual,2025-01-01,2025-06-30,0,False,Ingresos de operación,418192,40,pdfplumber,OK
La Red,2025-06-30,data/raw/pdf/La Red/98821/2025090626005_1.pdf,semestre,comparativo,2024-01-01,2024-06-30,0,False,Ingresos de operación,854365,40,pdfplumber,OK
La Red,2025-06-30,data/raw/pdf/La Red/98821/2025090626005_1.pdf,semestre,actual,2025-01-01,2025-06-30,1,False,Otros ingresos de operación (*),159904,40,pdfplumber,OK
La Red,2025-06-30,data/raw/pdf/La Red/98821/2025090626005_1.pdf,semestre,comparativo,2024-01-01,2024-06-30,1,False,Otros ingresos de operación (*),25925,40,pdfplumber,OK
La Red,2025-06-30,data/raw/pdf/La Red/98821/2025090626005_1.pdf,semestre,actual,2025-01-01,2025-06-30,2,True,Totales,578096,40,pdfplumber,OK
La Red,2025-06-30,data/raw/pdf/La Red/98821/2025090626005_1.pdf,semestre,comparativo,2024-01-01,2024-06-30,2,True,Totales,880290,40,pdfplumber,OK
La Red,2025-09-30,data/raw/pdf/La Red/101640/Estados financieros.pdf,acumulado9m,actual,2025-01-01,2025-09-30,0,False,Ingresos de operación,521685,37,pdfplumber,OK
La Red,2025-09-30,data/raw/pdf/La Red/101640/Estados financieros.pdf,acumulado9m,comparativo,2024-01-01,2024-09-30,0,False,Ingresos de operación,1137756,37,pdfplumber,OK
La Red,2025-09-30,data/raw/pdf/La Red/101640/Estados financieros.pdf,acumulado9m,actual,2025-01-01,2025-09-30,1,False,Ingresos de operación - canje,0,37,pdfplumber,OK
La Red,2025-09-30,data/raw/pdf/La Red/101640/Estados financieros.pdf,acumulado9m,comparativo,2024-01-01,2024-09-30,1,False,Ingresos de operación - canje,3960,37,pdfplumber,OK
La Red,2025-09-30,data/raw/pdf/La Red/101640/Estados financieros.pdf,acumulado9m,actual,2025-01-01,2025-09-30,2,False,Otros ingresos de operación (*),209281,37,pdfplumber,OK
La Red,2025-09-30,data/raw/pdf/La Red/101640/Estados financieros.pdf,acumulado9m,comparativo,2024-01-01,2024-09-30,2,False,Otros ingresos de operación (*),80958,37,pdfplumber,OK
La Red,2025-09-30,data/raw/pdf/La Red/101640/Estados financieros.pdf,acumulado9m,actual,2025-01-01,2025-09-30,3,True,Totales,730966,37,pdfplumber,OK
La Red,2025-09-30,data/raw/pdf/La Red/101640/Estados financieros.pdf,acumulado9m,comparativo,2024-01-01,2024-09-30,3,True,Totales,1222674,37,pdfplumber,OK
La Red,2025-12-31,data/raw/pdf/La Red/110595/2026050319078_1.pdf,anual,actual,2025-01-01,2025-12-31,0,False,Ingresos de operación,663985,40,pdfplumber,OK
La Red,2025-12-31,data/raw/pdf/La Red/110595/2026050319078_1.pdf,anual,comparativo,2024-01-01,2024-12-31,0,False,Ingresos de operación,1442592,40,pdfplumber,OK
La Red,2025-12-31,data/raw/pdf/La Red/110595/2026050319078_1.pdf,anual,actual,2025-01-01,2025-12-31,1,False,Ingresos de operación - canje,0,40,pdfplumber,OK
La Red,2025-12-31,data/raw/pdf/La Red/110595/2026050319078_1.pdf,anual,comparativo,2024-01-01,2024-12-31,1,False,Ingresos de operación - canje,12462,40,pdfplumber,OK
La Red,2025-12-31,data/raw/pdf/La Red/110595/2026050319078_1.pdf,anual,actual,2025-01-01,2025-12-31,2,False,Otros ingresos de operación (*),302721,40,pdfplumber,OK
La Red,2025-12-31,data/raw/pdf/La Red/110595/2026050319078_1.pdf,anual,comparativo,2024-01-01,2024-12-31,2,False,Otros ingresos de operación (*),333081,40,pdfplumber,OK
La Red,2025-12-31,data/raw/pdf/La Red/110595/2026050319078_1.pdf,anual,actual,2025-01-01,2025-12-31,3,True,Totales,966706,40,pdfplumber,OK
La Red,2025-12-31,data/raw/pdf/La Red/110595/2026050319078_1.pdf,anual,comparativo,2024-01-01,2024-12-31,3,True,Totales,1788135,40,pdfplumber,OK
La Red,2026-03-31,data/raw/pdf/La Red/113718/2026080530731-2.pdf,trimestre,actual,2026-01-01,2026-03-31,0,False,Ingresos de operación,117537,37,pdfplumber,OK
La Red,2026-03-31,data/raw/pdf/La Red/113718/2026080530731-2.pdf,trimestre,comparativo,2025-01-01,2025-03-31,0,False,Ingresos de operación,264465,37,pdfplumber,OK
La Red,2026-03-31,data/raw/pdf/La Red/113718/2026080530731-2.pdf,trimestre,actual,2026-01-01,2026-03-31,1,False,Otros ingresos de operación (*),41567,37,pdfplumber,OK
La Red,2026-03-31,data/raw/pdf/La Red/113718/2026080530731-2.pdf,trimestre,comparativo,2025-01-01,2025-03-31,1,False,Otros ingresos de operación (*),47247,37,pdfplumber,OK
La Red,2026-03-31,data/raw/pdf/La Red/113718/2026080530731-2.pdf,trimestre,actual,2026-01-01,2026-03-31,2,True,Totales,159104,37,pdfplumber,OK
La Red,2026-03-31,data/raw/pdf/La Red/113718/2026080530731-2.pdf,trimestre,comparativo,2025-01-01,2025-03-31,2,True,Totales,311712,37,pdfplumber,OK
La Red,2026-06-30,data/raw/pdf/La Red/113715/2026090587585-2.pdf,semestre,actual,2026-01-01,2026-06-30,0,False,Ingresos de operación,235922,41,pdfplumber,REVISAR
La Red,2026-06-30,data/raw/pdf/La Red/113715/2026090587585-2.pdf,semestre,comparativo,2025-01-01,2025-06-30,0,False,Ingresos de operación,418192,41,pdfplumber,REVISAR
La Red,2026-06-30,data/raw/pdf/La Red/113715/2026090587585-2.pdf,semestre,actual,2026-01-01,2026-06-30,1,False,Otros ingresos de operación (*),98735,41,pdfplumber,REVISAR
La Red,2026-06-30,data/raw/pdf/La Red/113715/2026090587585-2.pdf,semestre,comparativo,2025-01-01,2025-06-30,1,False,Otros ingresos de operación (*),159904,41,pdfplumber,REVISAR
La Red,2026-06-30,data/raw/pdf/La Red/113715/2026090587585-2.pdf,semestre,actual,2026-01-01,2026-06-30,2,True,Totales,334657,41,pdfplumber,REVISAR
La Red,2026-06-30,data/raw/pdf/La Red/113715/2026090587585-2.pdf,semestre,comparativo,2025-01-01,2025-06-30,2,True,Totales,578096,41,pdfplumber,REVISAR
Mega,2017-12-31,data/raw/pdf/Mega/29085/articles-29085_recurso_1.pdf,anual,actual,2017-01-01,2017-12-31,0,False,Ingresos por publicidad de Televisión e Internet,90277490,41,ocr400,OK
Mega,2017-12-31,data/raw/pdf/Mega/29085/articles-29085_recurso_1.pdf,anual,comparativo,2016-01-01,2016-12-31,0,False,Ingresos por publicidad de Televisión e Internet,90781529,41,ocr400,OK
Mega,2017-12-31,data/raw/pdf/Mega/29085/articles-29085_recurso_1.pdf,anual,actual,2017-01-01,2017-12-31,1,False,Ingresos por otros negocios,7042030,41,ocr400,OK
Mega,2017-12-31,data/raw/pdf/Mega/29085/articles-29085_recurso_1.pdf,anual,comparativo,2016-01-01,2016-12-31,1,False,Ingresos por otros negocios,3073438,41,ocr400,OK
Mega,2017-12-31,data/raw/pdf/Mega/29085/articles-29085_recurso_1.pdf,anual,actual,2017-01-01,2017-12-31,2,False,Ingresos radiales y otros,3647092,41,ocr400,OK
Mega,2017-12-31,data/raw/pdf/Mega/29085/articles-29085_recurso_1.pdf,anual,comparativo,2016-01-01,2016-12-31,2,False,Ingresos radiales y otros,1475087,41,ocr400,OK
Mega,2017-12-31,data/raw/pdf/Mega/29085/articles-29085_recurso_1.pdf,anual,actual,2017-01-01,2017-12-31,3,True,Total,100966612,41,ocr400,OK
Mega,2017-12-31,data/raw/pdf/Mega/29085/articles-29085_recurso_1.pdf,anual,comparativo,2016-01-01,2016-12-31,3,True,Total,95330054,41,ocr400,OK
Mega,2019-12-31,data/raw/pdf/Mega/28606/archivo_3.pdf,anual,actual,2019-01-01,2019-12-31,0,False,Ingresos por publicidad de televisión e internet,68389887,40,pdfplumber,OK
Mega,2019-12-31,data/raw/pdf/Mega/28606/archivo_3.pdf,anual,comparativo,2018-01-01,2018-12-31,0,False,Ingresos por publicidad de televisión e internet,78696520,40,pdfplumber,OK
Mega,2019-12-31,data/raw/pdf/Mega/28606/archivo_3.pdf,anual,actual,2019-01-01,2019-12-31,1,False,Ingresos por otros negocios,12365265,40,pdfplumber,OK
Mega,2019-12-31,data/raw/pdf/Mega/28606/archivo_3.pdf,anual,comparativo,2018-01-01,2018-12-31,1,False,Ingresos por otros negocios,10643895,40,pdfplumber,OK
Mega,2019-12-31,data/raw/pdf/Mega/28606/archivo_3.pdf,anual,actual,2019-01-01,2019-12-31,2,False,Ingresos propios de filiales,5857253,40,pdfplumber,OK
Mega,2019-12-31,data/raw/pdf/Mega/28606/archivo_3.pdf,anual,comparativo,2018-01-01,2018-12-31,2,False,Ingresos propios de filiales,6393720,40,pdfplumber,OK
Mega,2019-12-31,data/raw/pdf/Mega/28606/archivo_3.pdf,anual,actual,2019-01-01,2019-12-31,3,True,Ingreso total,86612405,40,pdfplumber,OK
Mega,2019-12-31,data/raw/pdf/Mega/28606/archivo_3.pdf,anual,comparativo,2018-01-01,2018-12-31,3,True,Ingreso total,95734135,40,pdfplumber,OK
Mega,2020-03-31,data/raw/pdf/Mega/29051/2020050177471_2.pdf,trimestre,actual,2020-01-01,2020-03-31,0,False,Ingresos por publicidad de televisión e internet,13231856,37,pdfplumber,OK
Mega,2020-03-31,data/raw/pdf/Mega/29051/2020050177471_2.pdf,trimestre,comparativo,2019-01-01,2019-03-31,0,False,Ingresos por publicidad de televisión e internet,16492978,37,pdfplumber,OK
Mega,2020-03-31,data/raw/pdf/Mega/29051/2020050177471_2.pdf,trimestre,actual,2020-01-01,2020-03-31,1,False,Ingresos por otros negocios,1740454,37,pdfplumber,OK
Mega,2020-03-31,data/raw/pdf/Mega/29051/2020050177471_2.pdf,trimestre,comparativo,2019-01-01,2019-03-31,1,False,Ingresos por otros negocios,2532857,37,pdfplumber,OK
Mega,2020-03-31,data/raw/pdf/Mega/29051/2020050177471_2.pdf,trimestre,actual,2020-01-01,2020-03-31,2,False,Ingresos propios de filiales,1348991,37,pdfplumber,OK
Mega,2020-03-31,data/raw/pdf/Mega/29051/2020050177471_2.pdf,trimestre,comparativo,2019-01-01,2019-03-31,2,False,Ingresos propios de filiales,1458683,37,pdfplumber,OK
Mega,2020-03-31,data/raw/pdf/Mega/29051/2020050177471_2.pdf,trimestre,actual,2020-01-01,2020-03-31,3,True,Ingreso total,16321301,37,pdfplumber,OK
Mega,2020-03-31,data/raw/pdf/Mega/29051/2020050177471_2.pdf,trimestre,comparativo,2019-01-01,2019-03-31,3,True,Ingreso total,20484518,37,pdfplumber,OK
Mega,2020-06-30,data/raw/pdf/Mega/29822/3.pdf,semestre,actual,2020-01-01,2020-06-30,0,False,Ingresos por publicidad de televisión e internet,25677342,38,pdfplumber,OK
Mega,2020-06-30,data/raw/pdf/Mega/29822/3.pdf,semestre,comparativo,2019-01-01,2019-06-30,0,False,Ingresos por publicidad de televisión e internet,36490843,38,pdfplumber,OK
Mega,2020-06-30,data/raw/pdf/Mega/29822/3.pdf,trimestre,actual,2020-04-01,2020-06-30,0,False,Ingresos por publicidad de televisión e internet,12445486,38,pdfplumber,OK
Mega,2020-06-30,data/raw/pdf/Mega/29822/3.pdf,trimestre,comparativo,2019-04-01,2019-06-30,0,False,Ingresos por publicidad de televisión e internet,19997865,38,pdfplumber,OK
Mega,2020-06-30,data/raw/pdf/Mega/29822/3.pdf,semestre,actual,2020-01-01,2020-06-30,1,False,Ingresos por otros negocios,2554946,38,pdfplumber,OK
Mega,2020-06-30,data/raw/pdf/Mega/29822/3.pdf,semestre,comparativo,2019-01-01,2019-06-30,1,False,Ingresos por otros negocios,7113311,38,pdfplumber,OK
Mega,2020-06-30,data/raw/pdf/Mega/29822/3.pdf,trimestre,actual,2020-04-01,2020-06-30,1,False,Ingresos por otros negocios,814492,38,pdfplumber,OK
Mega,2020-06-30,data/raw/pdf/Mega/29822/3.pdf,trimestre,comparativo,2019-04-01,2019-06-30,1,False,Ingresos por otros negocios,4580454,38,pdfplumber,OK
Mega,2020-06-30,data/raw/pdf/Mega/29822/3.pdf,semestre,actual,2020-01-01,2020-06-30,2,False,Ingresos propios de subsidiarias,2169806,38,pdfplumber,OK
Mega,2020-06-30,data/raw/pdf/Mega/29822/3.pdf,semestre,comparativo,2019-01-01,2019-06-30,2,False,Ingresos propios de subsidiarias,2875469,38,pdfplumber,OK
Mega,2020-06-30,data/raw/pdf/Mega/29822/3.pdf,trimestre,actual,2020-04-01,2020-06-30,2,False,Ingresos propios de subsidiarias,820815,38,pdfplumber,OK
Mega,2020-06-30,data/raw/pdf/Mega/29822/3.pdf,trimestre,comparativo,2019-04-01,2019-06-30,2,False,Ingresos propios de subsidiarias,1416786,38,pdfplumber,OK
Mega,2020-06-30,data/raw/pdf/Mega/29822/3.pdf,semestre,actual,2020-01-01,2020-06-30,3,True,Ingreso total,30402094,38,pdfplumber,OK
Mega,2020-06-30,data/raw/pdf/Mega/29822/3.pdf,semestre,comparativo,2019-01-01,2019-06-30,3,True,Ingreso total,46479623,38,pdfplumber,OK
Mega,2020-06-30,data/raw/pdf/Mega/29822/3.pdf,trimestre,actual,2020-04-01,2020-06-30,3,True,Ingreso total,14080793,38,pdfplumber,OK
Mega,2020-06-30,data/raw/pdf/Mega/29822/3.pdf,trimestre,comparativo,2019-04-01,2019-06-30,3,True,Ingreso total,25995105,38,pdfplumber,OK
Mega,2020-09-30,data/raw/pdf/Mega/38819/2020110485843_2.pdf,acumulado9m,actual,2020-01-01,2020-09-30,0,False,Ingresos por publicidad de televisión e internet,38520925,36,pdfplumber,OK
Mega,2020-09-30,data/raw/pdf/Mega/38819/2020110485843_2.pdf,acumulado9m,comparativo,2019-01-01,2019-09-30,0,False,Ingresos por publicidad de televisión e internet,54478841,36,pdfplumber,OK
Mega,2020-09-30,data/raw/pdf/Mega/38819/2020110485843_2.pdf,trimestre,actual,2020-07-01,2020-09-30,0,False,Ingresos por publicidad de televisión e internet,12843583,36,pdfplumber,OK
Mega,2020-09-30,data/raw/pdf/Mega/38819/2020110485843_2.pdf,trimestre,comparativo,2019-07-01,2019-09-30,0,False,Ingresos por publicidad de televisión e internet,17987998,36,pdfplumber,OK
Mega,2020-09-30,data/raw/pdf/Mega/38819/2020110485843_2.pdf,acumulado9m,actual,2020-01-01,2020-09-30,1,False,Ingresos por otros negocios,5231858,36,pdfplumber,OK
Mega,2020-09-30,data/raw/pdf/Mega/38819/2020110485843_2.pdf,acumulado9m,comparativo,2019-01-01,2019-09-30,1,False,Ingresos por otros negocios,10258167,36,pdfplumber,OK
Mega,2020-09-30,data/raw/pdf/Mega/38819/2020110485843_2.pdf,trimestre,actual,2020-07-01,2020-09-30,1,False,Ingresos por otros negocios,2676912,36,pdfplumber,OK
Mega,2020-09-30,data/raw/pdf/Mega/38819/2020110485843_2.pdf,trimestre,comparativo,2019-07-01,2019-09-30,1,False,Ingresos por otros negocios,3144856,36,pdfplumber,OK
Mega,2020-09-30,data/raw/pdf/Mega/38819/2020110485843_2.pdf,acumulado9m,actual,2020-01-01,2020-09-30,2,False,Ingresos propios de subsidiarias,3099079,36,pdfplumber,OK
Mega,2020-09-30,data/raw/pdf/Mega/38819/2020110485843_2.pdf,acumulado9m,comparativo,2019-01-01,2019-09-30,2,False,Ingresos propios de subsidiarias,4345672,36,pdfplumber,OK
Mega,2020-09-30,data/raw/pdf/Mega/38819/2020110485843_2.pdf,trimestre,actual,2020-07-01,2020-09-30,2,False,Ingresos propios de subsidiarias,929273,36,pdfplumber,OK
Mega,2020-09-30,data/raw/pdf/Mega/38819/2020110485843_2.pdf,trimestre,comparativo,2019-07-01,2019-09-30,2,False,Ingresos propios de subsidiarias,1470203,36,pdfplumber,OK
Mega,2020-09-30,data/raw/pdf/Mega/38819/2020110485843_2.pdf,acumulado9m,actual,2020-01-01,2020-09-30,3,True,Ingreso total,46851862,36,pdfplumber,OK
Mega,2020-09-30,data/raw/pdf/Mega/38819/2020110485843_2.pdf,acumulado9m,comparativo,2019-01-01,2019-09-30,3,True,Ingreso total,69082680,36,pdfplumber,OK
Mega,2020-09-30,data/raw/pdf/Mega/38819/2020110485843_2.pdf,trimestre,actual,2020-07-01,2020-09-30,3,True,Ingreso total,16449768,36,pdfplumber,OK
Mega,2020-09-30,data/raw/pdf/Mega/38819/2020110485843_2.pdf,trimestre,comparativo,2019-07-01,2019-09-30,3,True,Ingreso total,22603057,36,pdfplumber,OK
Mega,2020-12-31,data/raw/pdf/Mega/47352/2021030123006_1.pdf,anual,actual,2020-01-01,2020-12-31,0,False,Ingresos por publicidad de televisión e internet,57062075,41,pdfplumber,OK
Mega,2020-12-31,data/raw/pdf/Mega/47352/2021030123006_1.pdf,anual,comparativo,2019-01-01,2019-12-31,0,False,Ingresos por publicidad de televisión e internet,68389887,41,pdfplumber,OK
Mega,2020-12-31,data/raw/pdf/Mega/47352/2021030123006_1.pdf,anual,actual,2020-01-01,2020-12-31,1,False,Ingresos por otros negocios,8585218,41,pdfplumber,OK
Mega,2020-12-31,data/raw/pdf/Mega/47352/2021030123006_1.pdf,anual,comparativo,2019-01-01,2019-12-31,1,False,Ingresos por otros negocios,12365265,41,pdfplumber,OK
Mega,2020-12-31,data/raw/pdf/Mega/47352/2021030123006_1.pdf,anual,actual,2020-01-01,2020-12-31,2,False,Ingresos propios de subsidiarias,4573305,41,pdfplumber,OK
Mega,2020-12-31,data/raw/pdf/Mega/47352/2021030123006_1.pdf,anual,comparativo,2019-01-01,2019-12-31,2,False,Ingresos propios de subsidiarias,5857253,41,pdfplumber,OK
Mega,2020-12-31,data/raw/pdf/Mega/47352/2021030123006_1.pdf,anual,actual,2020-01-01,2020-12-31,3,True,Ingreso total,70220598,41,pdfplumber,OK
Mega,2020-12-31,data/raw/pdf/Mega/47352/2021030123006_1.pdf,anual,comparativo,2019-01-01,2019-12-31,3,True,Ingreso total,86612405,41,pdfplumber,OK
Mega,2021-03-31,data/raw/pdf/Mega/47717/2021050208939_1.pdf,trimestre,actual,2021-01-01,2021-03-31,0,False,Ingresos por publicidad de televisión e internet,13745506,38,pdfplumber,OK
Mega,2021-03-31,data/raw/pdf/Mega/47717/2021050208939_1.pdf,trimestre,comparativo,2020-01-01,2020-03-31,0,False,Ingresos por publicidad de televisión e internet,13231856,38,pdfplumber,OK
Mega,2021-03-31,data/raw/pdf/Mega/47717/2021050208939_1.pdf,trimestre,actual,2021-01-01,2021-03-31,1,False,Ingresos por otros negocios,2005289,38,pdfplumber,OK
Mega,2021-03-31,data/raw/pdf/Mega/47717/2021050208939_1.pdf,trimestre,comparativo,2020-01-01,2020-03-31,1,False,Ingresos por otros negocios,1740454,38,pdfplumber,OK
Mega,2021-03-31,data/raw/pdf/Mega/47717/2021050208939_1.pdf,trimestre,actual,2021-01-01,2021-03-31,2,False,Ingresos propios de subsidiarias,1301522,38,pdfplumber,OK
Mega,2021-03-31,data/raw/pdf/Mega/47717/2021050208939_1.pdf,trimestre,comparativo,2020-01-01,2020-03-31,2,False,Ingresos propios de subsidiarias,1348991,38,pdfplumber,OK
Mega,2021-03-31,data/raw/pdf/Mega/47717/2021050208939_1.pdf,trimestre,actual,2021-01-01,2021-03-31,3,True,Ingreso total,17052317,38,pdfplumber,OK
Mega,2021-03-31,data/raw/pdf/Mega/47717/2021050208939_1.pdf,trimestre,comparativo,2020-01-01,2020-03-31,3,True,Ingreso total,16321301,38,pdfplumber,OK
Mega,2021-06-30,data/raw/pdf/Mega/49403/2021090374840_0 (1).pdf,semestre,actual,2021-01-01,2021-06-30,0,False,Ingresos por publicidad de televisión e internet,32142035,41,pdfplumber,OK
Mega,2021-06-30,data/raw/pdf/Mega/49403/2021090374840_0 (1).pdf,semestre,comparativo,2020-01-01,2020-06-30,0,False,Ingresos por publicidad de televisión e internet,25677342,41,pdfplumber,OK
Mega,2021-06-30,data/raw/pdf/Mega/49403/2021090374840_0 (1).pdf,trimestre,actual,2021-04-01,2021-06-30,0,False,Ingresos por publicidad de televisión e internet,18396529,41,pdfplumber,OK
Mega,2021-06-30,data/raw/pdf/Mega/49403/2021090374840_0 (1).pdf,trimestre,comparativo,2020-04-01,2020-06-30,0,False,Ingresos por publicidad de televisión e internet,12445486,41,pdfplumber,OK
Mega,2021-06-30,data/raw/pdf/Mega/49403/2021090374840_0 (1).pdf,semestre,actual,2021-01-01,2021-06-30,1,False,Ingresos por otros negocios,4978017,41,pdfplumber,OK
Mega,2021-06-30,data/raw/pdf/Mega/49403/2021090374840_0 (1).pdf,semestre,comparativo,2020-01-01,2020-06-30,1,False,Ingresos por otros negocios,2554946,41,pdfplumber,OK
Mega,2021-06-30,data/raw/pdf/Mega/49403/2021090374840_0 (1).pdf,trimestre,actual,2021-04-01,2021-06-30,1,False,Ingresos por otros negocios,2972728,41,pdfplumber,OK
Mega,2021-06-30,data/raw/pdf/Mega/49403/2021090374840_0 (1).pdf,trimestre,comparativo,2020-04-01,2020-06-30,1,False,Ingresos por otros negocios,814492,41,pdfplumber,OK
Mega,2021-06-30,data/raw/pdf/Mega/49403/2021090374840_0 (1).pdf,semestre,actual,2021-01-01,2021-06-30,2,False,Ingresos propios de subsidiarias,2576926,41,pdfplumber,OK
Mega,2021-06-30,data/raw/pdf/Mega/49403/2021090374840_0 (1).pdf,semestre,comparativo,2020-01-01,2020-06-30,2,False,Ingresos propios de subsidiarias,2169806,41,pdfplumber,OK
Mega,2021-06-30,data/raw/pdf/Mega/49403/2021090374840_0 (1).pdf,trimestre,actual,2021-04-01,2021-06-30,2,False,Ingresos propios de subsidiarias,1275404,41,pdfplumber,OK
Mega,2021-06-30,data/raw/pdf/Mega/49403/2021090374840_0 (1).pdf,trimestre,comparativo,2020-04-01,2020-06-30,2,False,Ingresos propios de subsidiarias,820815,41,pdfplumber,OK
Mega,2021-06-30,data/raw/pdf/Mega/49403/2021090374840_0 (1).pdf,semestre,actual,2021-01-01,2021-06-30,3,True,Ingreso total,39696978,41,pdfplumber,OK
Mega,2021-06-30,data/raw/pdf/Mega/49403/2021090374840_0 (1).pdf,semestre,comparativo,2020-01-01,2020-06-30,3,True,Ingreso total,30402094,41,pdfplumber,OK
Mega,2021-06-30,data/raw/pdf/Mega/49403/2021090374840_0 (1).pdf,trimestre,actual,2021-04-01,2021-06-30,3,True,Ingreso total,22644661,41,pdfplumber,OK
Mega,2021-06-30,data/raw/pdf/Mega/49403/2021090374840_0 (1).pdf,trimestre,comparativo,2020-04-01,2020-06-30,3,True,Ingreso total,14080793,41,pdfplumber,OK
Mega,2021-09-30,data/raw/pdf/Mega/49907/2021110471982_1.pdf,acumulado9m,actual,2021-01-01,2021-09-30,0,False,Ingresos por publicidad de televisión e internet,54319806,38,pdfplumber,OK
Mega,2021-09-30,data/raw/pdf/Mega/49907/2021110471982_1.pdf,acumulado9m,comparativo,2020-01-01,2020-09-30,0,False,Ingresos por publicidad de televisión e internet,38520925,38,pdfplumber,OK
Mega,2021-09-30,data/raw/pdf/Mega/49907/2021110471982_1.pdf,trimestre,actual,2021-07-01,2021-09-30,0,False,Ingresos por publicidad de televisión e internet,22177771,38,pdfplumber,OK
Mega,2021-09-30,data/raw/pdf/Mega/49907/2021110471982_1.pdf,trimestre,comparativo,2020-07-01,2020-09-30,0,False,Ingresos por publicidad de televisión e internet,12843583,38,pdfplumber,OK
Mega,2021-09-30,data/raw/pdf/Mega/49907/2021110471982_1.pdf,acumulado9m,actual,2021-01-01,2021-09-30,1,False,Ingresos por otros negocios,7176914,38,pdfplumber,OK
Mega,2021-09-30,data/raw/pdf/Mega/49907/2021110471982_1.pdf,acumulado9m,comparativo,2020-01-01,2020-09-30,1,False,Ingresos por otros negocios,5231858,38,pdfplumber,OK
Mega,2021-09-30,data/raw/pdf/Mega/49907/2021110471982_1.pdf,trimestre,actual,2021-07-01,2021-09-30,1,False,Ingresos por otros negocios,2198897,38,pdfplumber,OK
Mega,2021-09-30,data/raw/pdf/Mega/49907/2021110471982_1.pdf,trimestre,comparativo,2020-07-01,2020-09-30,1,False,Ingresos por otros negocios,2676912,38,pdfplumber,OK
Mega,2021-09-30,data/raw/pdf/Mega/49907/2021110471982_1.pdf,acumulado9m,actual,2021-01-01,2021-09-30,2,False,Ingresos propios de subsidiarias,3945502,38,pdfplumber,OK
Mega,2021-09-30,data/raw/pdf/Mega/49907/2021110471982_1.pdf,acumulado9m,comparativo,2020-01-01,2020-09-30,2,False,Ingresos propios de subsidiarias,3099079,38,pdfplumber,OK
Mega,2021-09-30,data/raw/pdf/Mega/49907/2021110471982_1.pdf,trimestre,actual,2021-07-01,2021-09-30,2,False,Ingresos propios de subsidiarias,1368576,38,pdfplumber,OK
Mega,2021-09-30,data/raw/pdf/Mega/49907/2021110471982_1.pdf,trimestre,comparativo,2020-07-01,2020-09-30,2,False,Ingresos propios de subsidiarias,929273,38,pdfplumber,OK
Mega,2021-09-30,data/raw/pdf/Mega/49907/2021110471982_1.pdf,acumulado9m,actual,2021-01-01,2021-09-30,3,True,Ingreso total,65442222,38,pdfplumber,OK
Mega,2021-09-30,data/raw/pdf/Mega/49907/2021110471982_1.pdf,acumulado9m,comparativo,2020-01-01,2020-09-30,3,True,Ingreso total,46851862,38,pdfplumber,OK
Mega,2021-09-30,data/raw/pdf/Mega/49907/2021110471982_1.pdf,trimestre,actual,2021-07-01,2021-09-30,3,True,Ingreso total,25745244,38,pdfplumber,OK
Mega,2021-09-30,data/raw/pdf/Mega/49907/2021110471982_1.pdf,trimestre,comparativo,2020-07-01,2020-09-30,3,True,Ingreso total,16449768,38,pdfplumber,OK
Mega,2021-12-31,data/raw/pdf/Mega/50699/EEFF.pdf,anual,actual,2021-01-01,2021-12-31,0,False,Ingresos por publicidad de televisión e internet,78846593,41,ocr,OK
Mega,2021-12-31,data/raw/pdf/Mega/50699/EEFF.pdf,anual,comparativo,2020-01-01,2020-12-31,0,False,Ingresos por publicidad de televisión e internet,57062075,41,ocr,OK
Mega,2021-12-31,data/raw/pdf/Mega/50699/EEFF.pdf,anual,actual,2021-01-01,2021-12-31,1,False,Ingresos por otros negocios,13531386,41,ocr,OK
Mega,2021-12-31,data/raw/pdf/Mega/50699/EEFF.pdf,anual,comparativo,2020-01-01,2020-12-31,1,False,Ingresos por otros negocios,8585218,41,ocr,OK
Mega,2021-12-31,data/raw/pdf/Mega/50699/EEFF.pdf,anual,actual,2021-01-01,2021-12-31,2,False,Ingresos propios de subsidiarias,6080692,41,ocr,OK
Mega,2021-12-31,data/raw/pdf/Mega/50699/EEFF.pdf,anual,comparativo,2020-01-01,2020-12-31,2,False,Ingresos propios de subsidiarias,4573305,41,ocr,OK
Mega,2021-12-31,data/raw/pdf/Mega/50699/EEFF.pdf,anual,actual,2021-01-01,2021-12-31,3,True,Ingreso total |,98458671,41,ocr,OK
Mega,2021-12-31,data/raw/pdf/Mega/50699/EEFF.pdf,anual,comparativo,2020-01-01,2020-12-31,3,True,Ingreso total |,70220598,41,ocr,OK
Mega,2022-03-31,data/raw/pdf/Mega/51272/Ficha y Notas Megamedia S.A. 31.03.2022.pdf,trimestre,actual,2022-01-01,2022-03-31,0,False,Ingresos por publicidad de televisión e internet,18550584,37,pdfplumber,OK
Mega,2022-03-31,data/raw/pdf/Mega/51272/Ficha y Notas Megamedia S.A. 31.03.2022.pdf,trimestre,comparativo,2021-01-01,2021-03-31,0,False,Ingresos por publicidad de televisión e internet,13745506,37,pdfplumber,OK
Mega,2022-03-31,data/raw/pdf/Mega/51272/Ficha y Notas Megamedia S.A. 31.03.2022.pdf,trimestre,actual,2022-01-01,2022-03-31,1,False,Ingresos por otros negocios,3232021,37,pdfplumber,OK
Mega,2022-03-31,data/raw/pdf/Mega/51272/Ficha y Notas Megamedia S.A. 31.03.2022.pdf,trimestre,comparativo,2021-01-01,2021-03-31,1,False,Ingresos por otros negocios,2005289,37,pdfplumber,OK
Mega,2022-03-31,data/raw/pdf/Mega/51272/Ficha y Notas Megamedia S.A. 31.03.2022.pdf,trimestre,actual,2022-01-01,2022-03-31,2,False,Ingresos propios de subsidiarias,1623557,37,pdfplumber,OK
Mega,2022-03-31,data/raw/pdf/Mega/51272/Ficha y Notas Megamedia S.A. 31.03.2022.pdf,trimestre,comparativo,2021-01-01,2021-03-31,2,False,Ingresos propios de subsidiarias,1301522,37,pdfplumber,OK
Mega,2022-03-31,data/raw/pdf/Mega/51272/Ficha y Notas Megamedia S.A. 31.03.2022.pdf,trimestre,actual,2022-01-01,2022-03-31,3,True,Ingreso total,23406162,37,pdfplumber,OK
Mega,2022-03-31,data/raw/pdf/Mega/51272/Ficha y Notas Megamedia S.A. 31.03.2022.pdf,trimestre,comparativo,2021-01-01,2021-03-31,3,True,Ingreso total,17052317,37,pdfplumber,OK
Mega,2022-06-30,data/raw/pdf/Mega/53293/2022090356584_1.pdf,semestre,actual,2022-01-01,2022-06-30,0,False,Ingresos por publicidad de televisión e internet,39693110,40,pdfplumber,OK
Mega,2022-06-30,data/raw/pdf/Mega/53293/2022090356584_1.pdf,semestre,comparativo,2021-01-01,2021-06-30,0,False,Ingresos por publicidad de televisión e internet,32142035,40,pdfplumber,OK
Mega,2022-06-30,data/raw/pdf/Mega/53293/2022090356584_1.pdf,trimestre,actual,2022-04-01,2022-06-30,0,False,Ingresos por publicidad de televisión e internet,21142526,40,pdfplumber,OK
Mega,2022-06-30,data/raw/pdf/Mega/53293/2022090356584_1.pdf,trimestre,comparativo,2021-04-01,2021-06-30,0,False,Ingresos por publicidad de televisión e internet,18396529,40,pdfplumber,OK
Mega,2022-06-30,data/raw/pdf/Mega/53293/2022090356584_1.pdf,semestre,actual,2022-01-01,2022-06-30,1,False,Ingresos por otros negocios,6647598,40,pdfplumber,OK
Mega,2022-06-30,data/raw/pdf/Mega/53293/2022090356584_1.pdf,semestre,comparativo,2021-01-01,2021-06-30,1,False,Ingresos por otros negocios,4978017,40,pdfplumber,OK
Mega,2022-06-30,data/raw/pdf/Mega/53293/2022090356584_1.pdf,trimestre,actual,2022-04-01,2022-06-30,1,False,Ingresos por otros negocios,3415577,40,pdfplumber,OK
Mega,2022-06-30,data/raw/pdf/Mega/53293/2022090356584_1.pdf,trimestre,comparativo,2021-04-01,2021-06-30,1,False,Ingresos por otros negocios,2972728,40,pdfplumber,OK
Mega,2022-06-30,data/raw/pdf/Mega/53293/2022090356584_1.pdf,semestre,actual,2022-01-01,2022-06-30,2,False,Ingresos propios de subsidiarias,3245582,40,pdfplumber,OK
Mega,2022-06-30,data/raw/pdf/Mega/53293/2022090356584_1.pdf,semestre,comparativo,2021-01-01,2021-06-30,2,False,Ingresos propios de subsidiarias,2576926,40,pdfplumber,OK
Mega,2022-06-30,data/raw/pdf/Mega/53293/2022090356584_1.pdf,trimestre,actual,2022-04-01,2022-06-30,2,False,Ingresos propios de subsidiarias,1622025,40,pdfplumber,OK
Mega,2022-06-30,data/raw/pdf/Mega/53293/2022090356584_1.pdf,trimestre,comparativo,2021-04-01,2021-06-30,2,False,Ingresos propios de subsidiarias,1275404,40,pdfplumber,OK
Mega,2022-06-30,data/raw/pdf/Mega/53293/2022090356584_1.pdf,semestre,actual,2022-01-01,2022-06-30,3,True,Ingreso total,49586290,40,pdfplumber,OK
Mega,2022-06-30,data/raw/pdf/Mega/53293/2022090356584_1.pdf,semestre,comparativo,2021-01-01,2021-06-30,3,True,Ingreso total,39696978,40,pdfplumber,OK
Mega,2022-06-30,data/raw/pdf/Mega/53293/2022090356584_1.pdf,trimestre,actual,2022-04-01,2022-06-30,3,True,Ingreso total,26180128,40,pdfplumber,OK
Mega,2022-06-30,data/raw/pdf/Mega/53293/2022090356584_1.pdf,trimestre,comparativo,2021-04-01,2021-06-30,3,True,Ingreso total,22644661,40,pdfplumber,OK
Mega,2022-09-30,data/raw/pdf/Mega/57125/2022110448272_0.pdf,acumulado9m,actual,2022-01-01,2022-09-30,0,False,Ingresos por publicidad de televisión e internet,59563452,37,pdfplumber,OK
Mega,2022-09-30,data/raw/pdf/Mega/57125/2022110448272_0.pdf,acumulado9m,comparativo,2021-01-01,2021-09-30,0,False,Ingresos por publicidad de televisión e internet,54319806,37,pdfplumber,OK
Mega,2022-09-30,data/raw/pdf/Mega/57125/2022110448272_0.pdf,trimestre,actual,2022-07-01,2022-09-30,0,False,Ingresos por publicidad de televisión e internet,19870342,37,pdfplumber,OK
Mega,2022-09-30,data/raw/pdf/Mega/57125/2022110448272_0.pdf,trimestre,comparativo,2021-07-01,2021-09-30,0,False,Ingresos por publicidad de televisión e internet,22177771,37,pdfplumber,OK
Mega,2022-09-30,data/raw/pdf/Mega/57125/2022110448272_0.pdf,acumulado9m,actual,2022-01-01,2022-09-30,1,False,Ingresos por otros negocios,9875788,37,pdfplumber,OK
Mega,2022-09-30,data/raw/pdf/Mega/57125/2022110448272_0.pdf,acumulado9m,comparativo,2021-01-01,2021-09-30,1,False,Ingresos por otros negocios,7176914,37,pdfplumber,OK
Mega,2022-09-30,data/raw/pdf/Mega/57125/2022110448272_0.pdf,trimestre,actual,2022-07-01,2022-09-30,1,False,Ingresos por otros negocios,3228190,37,pdfplumber,OK
Mega,2022-09-30,data/raw/pdf/Mega/57125/2022110448272_0.pdf,trimestre,comparativo,2021-07-01,2021-09-30,1,False,Ingresos por otros negocios,2198897,37,pdfplumber,OK
Mega,2022-09-30,data/raw/pdf/Mega/57125/2022110448272_0.pdf,acumulado9m,actual,2022-01-01,2022-09-30,2,False,Ingresos propios de subsidiarias,5005768,37,pdfplumber,OK
Mega,2022-09-30,data/raw/pdf/Mega/57125/2022110448272_0.pdf,acumulado9m,comparativo,2021-01-01,2021-09-30,2,False,Ingresos propios de subsidiarias,3945502,37,pdfplumber,OK
Mega,2022-09-30,data/raw/pdf/Mega/57125/2022110448272_0.pdf,trimestre,actual,2022-07-01,2022-09-30,2,False,Ingresos propios de subsidiarias,1760186,37,pdfplumber,OK
Mega,2022-09-30,data/raw/pdf/Mega/57125/2022110448272_0.pdf,trimestre,comparativo,2021-07-01,2021-09-30,2,False,Ingresos propios de subsidiarias,1368576,37,pdfplumber,OK
Mega,2022-09-30,data/raw/pdf/Mega/57125/2022110448272_0.pdf,acumulado9m,actual,2022-01-01,2022-09-30,3,True,Ingreso total,74445008,37,pdfplumber,OK
Mega,2022-09-30,data/raw/pdf/Mega/57125/2022110448272_0.pdf,acumulado9m,comparativo,2021-01-01,2021-09-30,3,True,Ingreso total,65442222,37,pdfplumber,OK
Mega,2022-09-30,data/raw/pdf/Mega/57125/2022110448272_0.pdf,trimestre,actual,2022-07-01,2022-09-30,3,True,Ingreso total,24858718,37,pdfplumber,OK
Mega,2022-09-30,data/raw/pdf/Mega/57125/2022110448272_0.pdf,trimestre,comparativo,2021-07-01,2021-09-30,3,True,Ingreso total,25745244,37,pdfplumber,OK
Mega,2022-12-31,data/raw/pdf/Mega/68984/2023030137794_1.pdf,anual,actual,2022-01-01,2022-12-31,0,False,Ingresos por publicidad de televisión e internet,82409718,40,pdfplumber,OK
Mega,2022-12-31,data/raw/pdf/Mega/68984/2023030137794_1.pdf,anual,comparativo,2021-01-01,2021-12-31,0,False,Ingresos por publicidad de televisión e internet,78846593,40,pdfplumber,OK
Mega,2022-12-31,data/raw/pdf/Mega/68984/2023030137794_1.pdf,anual,actual,2022-01-01,2022-12-31,1,False,Ingresos por otros negocios,12751051,40,pdfplumber,OK
Mega,2022-12-31,data/raw/pdf/Mega/68984/2023030137794_1.pdf,anual,comparativo,2021-01-01,2021-12-31,1,False,Ingresos por otros negocios,13531386,40,pdfplumber,OK
Mega,2022-12-31,data/raw/pdf/Mega/68984/2023030137794_1.pdf,anual,actual,2022-01-01,2022-12-31,2,False,Ingresos propios de subsidiarias,7404888,40,pdfplumber,OK
Mega,2022-12-31,data/raw/pdf/Mega/68984/2023030137794_1.pdf,anual,comparativo,2021-01-01,2021-12-31,2,False,Ingresos propios de subsidiarias,6080692,40,pdfplumber,OK
Mega,2022-12-31,data/raw/pdf/Mega/68984/2023030137794_1.pdf,anual,actual,2022-01-01,2022-12-31,3,True,Ingreso total,102565657,40,pdfplumber,OK
Mega,2022-12-31,data/raw/pdf/Mega/68984/2023030137794_1.pdf,anual,comparativo,2021-01-01,2021-12-31,3,True,Ingreso total,98458671,40,pdfplumber,OK
Mega,2023-03-31,data/raw/pdf/Mega/70646/2023050231873_1.pdf,trimestre,actual,2023-01-01,2023-03-31,0,False,Ingresos por publicidad de televisión e internet,15519956,37,pdfplumber,OK
Mega,2023-03-31,data/raw/pdf/Mega/70646/2023050231873_1.pdf,trimestre,comparativo,2022-01-01,2022-03-31,0,False,Ingresos por publicidad de televisión e internet,18550584,37,pdfplumber,OK
Mega,2023-03-31,data/raw/pdf/Mega/70646/2023050231873_1.pdf,trimestre,actual,2023-01-01,2023-03-31,1,False,Ingresos por otros negocios,3360883,37,pdfplumber,OK
Mega,2023-03-31,data/raw/pdf/Mega/70646/2023050231873_1.pdf,trimestre,comparativo,2022-01-01,2022-03-31,1,False,Ingresos por otros negocios,3232021,37,pdfplumber,OK
Mega,2023-03-31,data/raw/pdf/Mega/70646/2023050231873_1.pdf,trimestre,actual,2023-01-01,2023-03-31,2,False,Ingresos propios de subsidiarias,1597597,37,pdfplumber,OK
Mega,2023-03-31,data/raw/pdf/Mega/70646/2023050231873_1.pdf,trimestre,comparativo,2022-01-01,2022-03-31,2,False,Ingresos propios de subsidiarias,1623557,37,pdfplumber,OK
Mega,2023-03-31,data/raw/pdf/Mega/70646/2023050231873_1.pdf,trimestre,actual,2023-01-01,2023-03-31,3,True,Ingreso total,20478436,37,pdfplumber,OK
Mega,2023-03-31,data/raw/pdf/Mega/70646/2023050231873_1.pdf,trimestre,comparativo,2022-01-01,2022-03-31,3,True,Ingreso total,23406162,37,pdfplumber,OK
Mega,2023-06-30,data/raw/pdf/Mega/73702/2023090392195-2 Megamedia S.A. Ficha y notas al 30.06.2023.pdf,semestre,actual,2023-01-01,2023-06-30,0,False,Ingresos por publicidad de televisión e internet,34628833,39,pdfplumber,OK
Mega,2023-06-30,data/raw/pdf/Mega/73702/2023090392195-2 Megamedia S.A. Ficha y notas al 30.06.2023.pdf,semestre,comparativo,2022-01-01,2022-06-30,0,False,Ingresos por publicidad de televisión e internet,39693110,39,pdfplumber,OK
Mega,2023-06-30,data/raw/pdf/Mega/73702/2023090392195-2 Megamedia S.A. Ficha y notas al 30.06.2023.pdf,trimestre,actual,2023-04-01,2023-06-30,0,False,Ingresos por publicidad de televisión e internet,19108877,39,pdfplumber,OK
Mega,2023-06-30,data/raw/pdf/Mega/73702/2023090392195-2 Megamedia S.A. Ficha y notas al 30.06.2023.pdf,trimestre,comparativo,2022-04-01,2022-06-30,0,False,Ingresos por publicidad de televisión e internet,21142526,39,pdfplumber,OK
Mega,2023-06-30,data/raw/pdf/Mega/73702/2023090392195-2 Megamedia S.A. Ficha y notas al 30.06.2023.pdf,semestre,actual,2023-01-01,2023-06-30,1,False,Ingresos por otros negocios,7373292,39,pdfplumber,OK
Mega,2023-06-30,data/raw/pdf/Mega/73702/2023090392195-2 Megamedia S.A. Ficha y notas al 30.06.2023.pdf,semestre,comparativo,2022-01-01,2022-06-30,1,False,Ingresos por otros negocios,6647598,39,pdfplumber,OK
Mega,2023-06-30,data/raw/pdf/Mega/73702/2023090392195-2 Megamedia S.A. Ficha y notas al 30.06.2023.pdf,trimestre,actual,2023-04-01,2023-06-30,1,False,Ingresos por otros negocios,4012409,39,pdfplumber,OK
Mega,2023-06-30,data/raw/pdf/Mega/73702/2023090392195-2 Megamedia S.A. Ficha y notas al 30.06.2023.pdf,trimestre,comparativo,2022-04-01,2022-06-30,1,False,Ingresos por otros negocios,3415577,39,pdfplumber,OK
Mega,2023-06-30,data/raw/pdf/Mega/73702/2023090392195-2 Megamedia S.A. Ficha y notas al 30.06.2023.pdf,semestre,actual,2023-01-01,2023-06-30,2,False,Ingresos propios de subsidiarias,3271658,39,pdfplumber,OK
Mega,2023-06-30,data/raw/pdf/Mega/73702/2023090392195-2 Megamedia S.A. Ficha y notas al 30.06.2023.pdf,semestre,comparativo,2022-01-01,2022-06-30,2,False,Ingresos propios de subsidiarias,3245582,39,pdfplumber,OK
Mega,2023-06-30,data/raw/pdf/Mega/73702/2023090392195-2 Megamedia S.A. Ficha y notas al 30.06.2023.pdf,trimestre,actual,2023-04-01,2023-06-30,2,False,Ingresos propios de subsidiarias,1674061,39,pdfplumber,OK
Mega,2023-06-30,data/raw/pdf/Mega/73702/2023090392195-2 Megamedia S.A. Ficha y notas al 30.06.2023.pdf,trimestre,comparativo,2022-04-01,2022-06-30,2,False,Ingresos propios de subsidiarias,1622025,39,pdfplumber,OK
Mega,2023-06-30,data/raw/pdf/Mega/73702/2023090392195-2 Megamedia S.A. Ficha y notas al 30.06.2023.pdf,semestre,actual,2023-01-01,2023-06-30,3,True,Ingreso total,45273783,39,pdfplumber,OK
Mega,2023-06-30,data/raw/pdf/Mega/73702/2023090392195-2 Megamedia S.A. Ficha y notas al 30.06.2023.pdf,semestre,comparativo,2022-01-01,2022-06-30,3,True,Ingreso total,49586290,39,pdfplumber,OK
Mega,2023-06-30,data/raw/pdf/Mega/73702/2023090392195-2 Megamedia S.A. Ficha y notas al 30.06.2023.pdf,trimestre,actual,2023-04-01,2023-06-30,3,True,Ingreso total,24795347,39,pdfplumber,OK
Mega,2023-06-30,data/raw/pdf/Mega/73702/2023090392195-2 Megamedia S.A. Ficha y notas al 30.06.2023.pdf,trimestre,comparativo,2022-04-01,2022-06-30,3,True,Ingreso total,26180128,39,pdfplumber,OK
Mega,2023-09-30,data/raw/pdf/Mega/75893/2023110516283_2.pdf,acumulado9m,actual,2023-01-01,2023-09-30,0,False,Ingresos por publicidad de televisión e internet,52378940,37,pdfplumber,OK
Mega,2023-09-30,data/raw/pdf/Mega/75893/2023110516283_2.pdf,acumulado9m,comparativo,2022-01-01,2022-09-30,0,False,Ingresos por publicidad de televisión e internet,59563452,37,pdfplumber,OK
Mega,2023-09-30,data/raw/pdf/Mega/75893/2023110516283_2.pdf,trimestre,actual,2023-07-01,2023-09-30,0,False,Ingresos por publicidad de televisión e internet,17750107,37,pdfplumber,OK
Mega,2023-09-30,data/raw/pdf/Mega/75893/2023110516283_2.pdf,trimestre,comparativo,2022-07-01,2022-09-30,0,False,Ingresos por publicidad de televisión e internet,19870342,37,pdfplumber,OK
Mega,2023-09-30,data/raw/pdf/Mega/75893/2023110516283_2.pdf,acumulado9m,actual,2023-01-01,2023-09-30,1,False,Ingresos por otros negocios,12678511,37,pdfplumber,OK
Mega,2023-09-30,data/raw/pdf/Mega/75893/2023110516283_2.pdf,acumulado9m,comparativo,2022-01-01,2022-09-30,1,False,Ingresos por otros negocios,9875788,37,pdfplumber,OK
Mega,2023-09-30,data/raw/pdf/Mega/75893/2023110516283_2.pdf,trimestre,actual,2023-07-01,2023-09-30,1,False,Ingresos por otros negocios,5305219,37,pdfplumber,OK
Mega,2023-09-30,data/raw/pdf/Mega/75893/2023110516283_2.pdf,trimestre,comparativo,2022-07-01,2022-09-30,1,False,Ingresos por otros negocios,3228190,37,pdfplumber,OK
Mega,2023-09-30,data/raw/pdf/Mega/75893/2023110516283_2.pdf,acumulado9m,actual,2023-01-01,2023-09-30,2,False,Ingresos propios de subsidiarias,4966379,37,pdfplumber,OK
Mega,2023-09-30,data/raw/pdf/Mega/75893/2023110516283_2.pdf,acumulado9m,comparativo,2022-01-01,2022-09-30,2,False,Ingresos propios de subsidiarias,5005768,37,pdfplumber,OK
Mega,2023-09-30,data/raw/pdf/Mega/75893/2023110516283_2.pdf,trimestre,actual,2023-07-01,2023-09-30,2,False,Ingresos propios de subsidiarias,1694721,37,pdfplumber,OK
Mega,2023-09-30,data/raw/pdf/Mega/75893/2023110516283_2.pdf,trimestre,comparativo,2022-07-01,2022-09-30,2,False,Ingresos propios de subsidiarias,1760186,37,pdfplumber,OK
Mega,2023-09-30,data/raw/pdf/Mega/75893/2023110516283_2.pdf,acumulado9m,actual,2023-01-01,2023-09-30,3,True,Ingreso total,70023830,37,pdfplumber,OK
Mega,2023-09-30,data/raw/pdf/Mega/75893/2023110516283_2.pdf,acumulado9m,comparativo,2022-01-01,2022-09-30,3,True,Ingreso total,74445008,37,pdfplumber,OK
Mega,2023-09-30,data/raw/pdf/Mega/75893/2023110516283_2.pdf,trimestre,actual,2023-07-01,2023-09-30,3,True,Ingreso total,24750047,37,pdfplumber,OK
Mega,2023-09-30,data/raw/pdf/Mega/75893/2023110516283_2.pdf,trimestre,comparativo,2022-07-01,2022-09-30,3,True,Ingreso total,24858718,37,pdfplumber,OK
Mega,2023-09-30,data/raw/pdf/Mega/75893/2023110516283_3.pdf,acumulado9m,actual,2023-01-01,2023-09-30,0,False,Ingresos por publicidad de televisión e internet,52378940,37,pdfplumber,OK
Mega,2023-09-30,data/raw/pdf/Mega/75893/2023110516283_3.pdf,acumulado9m,comparativo,2022-01-01,2022-09-30,0,False,Ingresos por publicidad de televisión e internet,59563452,37,pdfplumber,OK
Mega,2023-09-30,data/raw/pdf/Mega/75893/2023110516283_3.pdf,trimestre,actual,2023-07-01,2023-09-30,0,False,Ingresos por publicidad de televisión e internet,17750107,37,pdfplumber,OK
Mega,2023-09-30,data/raw/pdf/Mega/75893/2023110516283_3.pdf,trimestre,comparativo,2022-07-01,2022-09-30,0,False,Ingresos por publicidad de televisión e internet,19870342,37,pdfplumber,OK
Mega,2023-09-30,data/raw/pdf/Mega/75893/2023110516283_3.pdf,acumulado9m,actual,2023-01-01,2023-09-30,1,False,Ingresos por otros negocios,12678511,37,pdfplumber,OK
Mega,2023-09-30,data/raw/pdf/Mega/75893/2023110516283_3.pdf,acumulado9m,comparativo,2022-01-01,2022-09-30,1,False,Ingresos por otros negocios,9875788,37,pdfplumber,OK
Mega,2023-09-30,data/raw/pdf/Mega/75893/2023110516283_3.pdf,trimestre,actual,2023-07-01,2023-09-30,1,False,Ingresos por otros negocios,5305219,37,pdfplumber,OK
Mega,2023-09-30,data/raw/pdf/Mega/75893/2023110516283_3.pdf,trimestre,comparativo,2022-07-01,2022-09-30,1,False,Ingresos por otros negocios,3228190,37,pdfplumber,OK
Mega,2023-09-30,data/raw/pdf/Mega/75893/2023110516283_3.pdf,acumulado9m,actual,2023-01-01,2023-09-30,2,False,Ingresos propios de subsidiarias,4966379,37,pdfplumber,OK
Mega,2023-09-30,data/raw/pdf/Mega/75893/2023110516283_3.pdf,acumulado9m,comparativo,2022-01-01,2022-09-30,2,False,Ingresos propios de subsidiarias,5005768,37,pdfplumber,OK
Mega,2023-09-30,data/raw/pdf/Mega/75893/2023110516283_3.pdf,trimestre,actual,2023-07-01,2023-09-30,2,False,Ingresos propios de subsidiarias,1694721,37,pdfplumber,OK
Mega,2023-09-30,data/raw/pdf/Mega/75893/2023110516283_3.pdf,trimestre,comparativo,2022-07-01,2022-09-30,2,False,Ingresos propios de subsidiarias,1760186,37,pdfplumber,OK
Mega,2023-09-30,data/raw/pdf/Mega/75893/2023110516283_3.pdf,acumulado9m,actual,2023-01-01,2023-09-30,3,True,Ingreso total,70023830,37,pdfplumber,OK
Mega,2023-09-30,data/raw/pdf/Mega/75893/2023110516283_3.pdf,acumulado9m,comparativo,2022-01-01,2022-09-30,3,True,Ingreso total,74445008,37,pdfplumber,OK
Mega,2023-09-30,data/raw/pdf/Mega/75893/2023110516283_3.pdf,trimestre,actual,2023-07-01,2023-09-30,3,True,Ingreso total,24750047,37,pdfplumber,OK
Mega,2023-09-30,data/raw/pdf/Mega/75893/2023110516283_3.pdf,trimestre,comparativo,2022-07-01,2022-09-30,3,True,Ingreso total,24858718,37,pdfplumber,OK
Mega,2023-12-31,data/raw/pdf/Mega/79942/2024030188005_2.pdf,anual,actual,2023-01-01,2023-12-31,0,False,Ingresos por publicidad de televisión e internet,73261527,42,pdfplumber,OK
Mega,2023-12-31,data/raw/pdf/Mega/79942/2024030188005_2.pdf,anual,comparativo,2022-01-01,2022-12-31,0,False,Ingresos por publicidad de televisión e internet,82409718,42,pdfplumber,OK
Mega,2023-12-31,data/raw/pdf/Mega/79942/2024030188005_2.pdf,anual,actual,2023-01-01,2023-12-31,1,False,Ingresos por otros negocios,17439342,42,pdfplumber,OK
Mega,2023-12-31,data/raw/pdf/Mega/79942/2024030188005_2.pdf,anual,comparativo,2022-01-01,2022-12-31,1,False,Ingresos por otros negocios,12751051,42,pdfplumber,OK
Mega,2023-12-31,data/raw/pdf/Mega/79942/2024030188005_2.pdf,anual,actual,2023-01-01,2023-12-31,2,False,Ingresos propios de subsidiarias,7116952,42,pdfplumber,OK
Mega,2023-12-31,data/raw/pdf/Mega/79942/2024030188005_2.pdf,anual,comparativo,2022-01-01,2022-12-31,2,False,Ingresos propios de subsidiarias,7404888,42,pdfplumber,OK
Mega,2023-12-31,data/raw/pdf/Mega/79942/2024030188005_2.pdf,anual,actual,2023-01-01,2023-12-31,3,True,Ingreso total,97817821,42,pdfplumber,OK
Mega,2023-12-31,data/raw/pdf/Mega/79942/2024030188005_2.pdf,anual,comparativo,2022-01-01,2022-12-31,3,True,Ingreso total,102565657,42,pdfplumber,OK
Mega,2024-06-30,data/raw/pdf/Mega/85360/2024090483478_2.pdf,semestre,actual,2024-01-01,2024-06-30,0,False,Ingresos por publicidad de televisión e internet,33711186,42,pdfplumber,OK
Mega,2024-06-30,data/raw/pdf/Mega/85360/2024090483478_2.pdf,semestre,comparativo,2023-01-01,2023-06-30,0,False,Ingresos por publicidad de televisión e internet,34628833,42,pdfplumber,OK
Mega,2024-06-30,data/raw/pdf/Mega/85360/2024090483478_2.pdf,trimestre,actual,2024-04-01,2024-06-30,0,False,Ingresos por publicidad de televisión e internet,18592620,42,pdfplumber,OK
Mega,2024-06-30,data/raw/pdf/Mega/85360/2024090483478_2.pdf,trimestre,comparativo,2023-04-01,2023-06-30,0,False,Ingresos por publicidad de televisión e internet,19108877,42,pdfplumber,OK
Mega,2024-06-30,data/raw/pdf/Mega/85360/2024090483478_2.pdf,semestre,actual,2024-01-01,2024-06-30,1,False,Ingresos por otros negocios,12682776,42,pdfplumber,OK
Mega,2024-06-30,data/raw/pdf/Mega/85360/2024090483478_2.pdf,semestre,comparativo,2023-01-01,2023-06-30,1,False,Ingresos por otros negocios,7373292,42,pdfplumber,OK
Mega,2024-06-30,data/raw/pdf/Mega/85360/2024090483478_2.pdf,trimestre,actual,2024-04-01,2024-06-30,1,False,Ingresos por otros negocios,8280888,42,pdfplumber,OK
Mega,2024-06-30,data/raw/pdf/Mega/85360/2024090483478_2.pdf,trimestre,comparativo,2023-04-01,2023-06-30,1,False,Ingresos por otros negocios,4012409,42,pdfplumber,OK
Mega,2024-06-30,data/raw/pdf/Mega/85360/2024090483478_2.pdf,semestre,actual,2024-01-01,2024-06-30,2,False,Ingresos propios de subsidiarias,3583170,42,pdfplumber,OK
Mega,2024-06-30,data/raw/pdf/Mega/85360/2024090483478_2.pdf,semestre,comparativo,2023-01-01,2023-06-30,2,False,Ingresos propios de subsidiarias,3271658,42,pdfplumber,OK
Mega,2024-06-30,data/raw/pdf/Mega/85360/2024090483478_2.pdf,trimestre,actual,2024-04-01,2024-06-30,2,False,Ingresos propios de subsidiarias,1865165,42,pdfplumber,OK
Mega,2024-06-30,data/raw/pdf/Mega/85360/2024090483478_2.pdf,trimestre,comparativo,2023-04-01,2023-06-30,2,False,Ingresos propios de subsidiarias,1674061,42,pdfplumber,OK
Mega,2024-06-30,data/raw/pdf/Mega/85360/2024090483478_2.pdf,semestre,actual,2024-01-01,2024-06-30,3,True,Ingreso total,49977132,42,pdfplumber,OK
Mega,2024-06-30,data/raw/pdf/Mega/85360/2024090483478_2.pdf,semestre,comparativo,2023-01-01,2023-06-30,3,True,Ingreso total,45273783,42,pdfplumber,OK
Mega,2024-06-30,data/raw/pdf/Mega/85360/2024090483478_2.pdf,trimestre,actual,2024-04-01,2024-06-30,3,True,Ingreso total,28738673,42,pdfplumber,OK
Mega,2024-06-30,data/raw/pdf/Mega/85360/2024090483478_2.pdf,trimestre,comparativo,2023-04-01,2023-06-30,3,True,Ingreso total,24795347,42,pdfplumber,OK
Mega,2024-09-30,data/raw/pdf/Mega/88269/2024110652109_2.pdf,acumulado9m,actual,2024-01-01,2024-09-30,0,False,Ingresos por publicidad de televisión e internet,50071178,39,pdfplumber,OK
Mega,2024-09-30,data/raw/pdf/Mega/88269/2024110652109_2.pdf,acumulado9m,comparativo,2023-01-01,2023-09-30,0,False,Ingresos por publicidad de televisión e internet,52378940,39,pdfplumber,OK
Mega,2024-09-30,data/raw/pdf/Mega/88269/2024110652109_2.pdf,trimestre,actual,2024-07-01,2024-09-30,0,False,Ingresos por publicidad de televisión e internet,16359992,39,pdfplumber,OK
Mega,2024-09-30,data/raw/pdf/Mega/88269/2024110652109_2.pdf,trimestre,comparativo,2023-07-01,2023-09-30,0,False,Ingresos por publicidad de televisión e internet,17750107,39,pdfplumber,OK
Mega,2024-09-30,data/raw/pdf/Mega/88269/2024110652109_2.pdf,acumulado9m,actual,2024-01-01,2024-09-30,1,False,Ingresos por otros negocios,19777350,39,pdfplumber,OK
Mega,2024-09-30,data/raw/pdf/Mega/88269/2024110652109_2.pdf,acumulado9m,comparativo,2023-01-01,2023-09-30,1,False,Ingresos por otros negocios,12678511,39,pdfplumber,OK
Mega,2024-09-30,data/raw/pdf/Mega/88269/2024110652109_2.pdf,trimestre,actual,2024-07-01,2024-09-30,1,False,Ingresos por otros negocios,7094574,39,pdfplumber,OK
Mega,2024-09-30,data/raw/pdf/Mega/88269/2024110652109_2.pdf,trimestre,comparativo,2023-07-01,2023-09-30,1,False,Ingresos por otros negocios,5305219,39,pdfplumber,OK
Mega,2024-09-30,data/raw/pdf/Mega/88269/2024110652109_2.pdf,acumulado9m,actual,2024-01-01,2024-09-30,2,False,Ingresos propios de subsidiarias,5377866,39,pdfplumber,OK
Mega,2024-09-30,data/raw/pdf/Mega/88269/2024110652109_2.pdf,acumulado9m,comparativo,2023-01-01,2023-09-30,2,False,Ingresos propios de subsidiarias,4966379,39,pdfplumber,OK
Mega,2024-09-30,data/raw/pdf/Mega/88269/2024110652109_2.pdf,trimestre,actual,2024-07-01,2024-09-30,2,False,Ingresos propios de subsidiarias,1794696,39,pdfplumber,OK
Mega,2024-09-30,data/raw/pdf/Mega/88269/2024110652109_2.pdf,trimestre,comparativo,2023-07-01,2023-09-30,2,False,Ingresos propios de subsidiarias,1694721,39,pdfplumber,OK
Mega,2024-09-30,data/raw/pdf/Mega/88269/2024110652109_2.pdf,acumulado9m,actual,2024-01-01,2024-09-30,3,True,Ingreso total,75226394,39,pdfplumber,OK
Mega,2024-09-30,data/raw/pdf/Mega/88269/2024110652109_2.pdf,acumulado9m,comparativo,2023-01-01,2023-09-30,3,True,Ingreso total,70023830,39,pdfplumber,OK
Mega,2024-09-30,data/raw/pdf/Mega/88269/2024110652109_2.pdf,trimestre,actual,2024-07-01,2024-09-30,3,True,Ingreso total,25249262,39,pdfplumber,OK
Mega,2024-09-30,data/raw/pdf/Mega/88269/2024110652109_2.pdf,trimestre,comparativo,2023-07-01,2023-09-30,3,True,Ingreso total,24750047,39,pdfplumber,OK
Mega,2024-12-31,data/raw/pdf/Mega/93019/ESTADOS FINANCIEROS.pdf,anual,actual,2024-01-01,2024-12-31,0,False,Ingresos por publicidad de televisión e internet,70257656,41,pdfplumber,OK
Mega,2024-12-31,data/raw/pdf/Mega/93019/ESTADOS FINANCIEROS.pdf,anual,comparativo,2023-01-01,2023-12-31,0,False,Ingresos por publicidad de televisión e internet,73261527,41,pdfplumber,OK
Mega,2024-12-31,data/raw/pdf/Mega/93019/ESTADOS FINANCIEROS.pdf,anual,actual,2024-01-01,2024-12-31,1,False,Ingresos por otros negocios,25014746,41,pdfplumber,OK
Mega,2024-12-31,data/raw/pdf/Mega/93019/ESTADOS FINANCIEROS.pdf,anual,comparativo,2023-01-01,2023-12-31,1,False,Ingresos por otros negocios,17439342,41,pdfplumber,OK
Mega,2024-12-31,data/raw/pdf/Mega/93019/ESTADOS FINANCIEROS.pdf,anual,actual,2024-01-01,2024-12-31,2,False,Ingresos propios de subsidiarias,7647449,41,pdfplumber,OK
Mega,2024-12-31,data/raw/pdf/Mega/93019/ESTADOS FINANCIEROS.pdf,anual,comparativo,2023-01-01,2023-12-31,2,False,Ingresos propios de subsidiarias,7116952,41,pdfplumber,OK
Mega,2024-12-31,data/raw/pdf/Mega/93019/ESTADOS FINANCIEROS.pdf,anual,actual,2024-01-01,2024-12-31,3,True,Ingreso total,102919851,41,pdfplumber,OK
Mega,2024-12-31,data/raw/pdf/Mega/93019/ESTADOS FINANCIEROS.pdf,anual,comparativo,2023-01-01,2023-12-31,3,True,Ingreso total,97817821,41,pdfplumber,OK
Mega,2025-03-31,data/raw/pdf/Mega/95052/2025050382210_1 (1).pdf,trimestre,actual,2025-01-01,2025-03-31,0,False,Ingresos por publicidad de televisión e internet,18794478,38,pdfplumber,OK
Mega,2025-03-31,data/raw/pdf/Mega/95052/2025050382210_1 (1).pdf,trimestre,comparativo,2024-01-01,2024-03-31,0,False,Ingresos por publicidad de televisión e internet,15118566,38,pdfplumber,OK
Mega,2025-03-31,data/raw/pdf/Mega/95052/2025050382210_1 (1).pdf,trimestre,actual,2025-01-01,2025-03-31,1,False,Ingresos por otros negocios,8198311,38,pdfplumber,OK
Mega,2025-03-31,data/raw/pdf/Mega/95052/2025050382210_1 (1).pdf,trimestre,comparativo,2024-01-01,2024-03-31,1,False,Ingresos por otros negocios,4401888,38,pdfplumber,OK
Mega,2025-03-31,data/raw/pdf/Mega/95052/2025050382210_1 (1).pdf,trimestre,actual,2025-01-01,2025-03-31,2,False,Ingresos propios de subsidiarias,1722261,38,pdfplumber,OK
Mega,2025-03-31,data/raw/pdf/Mega/95052/2025050382210_1 (1).pdf,trimestre,comparativo,2024-01-01,2024-03-31,2,False,Ingresos propios de subsidiarias,1718005,38,pdfplumber,OK
Mega,2025-03-31,data/raw/pdf/Mega/95052/2025050382210_1 (1).pdf,trimestre,actual,2025-01-01,2025-03-31,3,True,Ingreso total,28715050,38,pdfplumber,OK
Mega,2025-03-31,data/raw/pdf/Mega/95052/2025050382210_1 (1).pdf,trimestre,comparativo,2024-01-01,2024-03-31,3,True,Ingreso total,21238459,38,pdfplumber,OK
Mega,2025-06-30,data/raw/pdf/Mega/98823/2025090625950_1.pdf,semestre,actual,2025-01-01,2025-06-30,0,False,Ingresos por publicidad de televisión e internet,36244158,38,pdfplumber,OK
Mega,2025-06-30,data/raw/pdf/Mega/98823/2025090625950_1.pdf,semestre,comparativo,2024-01-01,2024-06-30,0,False,Ingresos por publicidad de televisión e internet,33711186,38,pdfplumber,OK
Mega,2025-06-30,data/raw/pdf/Mega/98823/2025090625950_1.pdf,trimestre,actual,2025-04-01,2025-06-30,0,False,Ingresos por publicidad de televisión e internet,17449680,38,pdfplumber,OK
Mega,2025-06-30,data/raw/pdf/Mega/98823/2025090625950_1.pdf,trimestre,comparativo,2024-04-01,2024-06-30,0,False,Ingresos por publicidad de televisión e internet,18592620,38,pdfplumber,OK
Mega,2025-06-30,data/raw/pdf/Mega/98823/2025090625950_1.pdf,semestre,actual,2025-01-01,2025-06-30,1,False,Ingresos por otros negocios,14954549,38,pdfplumber,OK
Mega,2025-06-30,data/raw/pdf/Mega/98823/2025090625950_1.pdf,semestre,comparativo,2024-01-01,2024-06-30,1,False,Ingresos por otros negocios,12682776,38,pdfplumber,OK
Mega,2025-06-30,data/raw/pdf/Mega/98823/2025090625950_1.pdf,trimestre,actual,2025-04-01,2025-06-30,1,False,Ingresos por otros negocios,6756238,38,pdfplumber,OK
Mega,2025-06-30,data/raw/pdf/Mega/98823/2025090625950_1.pdf,trimestre,comparativo,2024-04-01,2024-06-30,1,False,Ingresos por otros negocios,8280888,38,pdfplumber,OK
Mega,2025-06-30,data/raw/pdf/Mega/98823/2025090625950_1.pdf,semestre,actual,2025-01-01,2025-06-30,2,False,Ingresos por publicidad propios de subsidiarias,3350704,38,pdfplumber,OK
Mega,2025-06-30,data/raw/pdf/Mega/98823/2025090625950_1.pdf,semestre,comparativo,2024-01-01,2024-06-30,2,False,Ingresos por publicidad propios de subsidiarias,3583170,38,pdfplumber,OK
Mega,2025-06-30,data/raw/pdf/Mega/98823/2025090625950_1.pdf,trimestre,actual,2025-04-01,2025-06-30,2,False,Ingresos por publicidad propios de subsidiarias,1628443,38,pdfplumber,OK
Mega,2025-06-30,data/raw/pdf/Mega/98823/2025090625950_1.pdf,trimestre,comparativo,2024-04-01,2024-06-30,2,False,Ingresos por publicidad propios de subsidiarias,1865165,38,pdfplumber,OK
Mega,2025-06-30,data/raw/pdf/Mega/98823/2025090625950_1.pdf,semestre,actual,2025-01-01,2025-06-30,3,True,Ingreso total,54549411,38,pdfplumber,OK
Mega,2025-06-30,data/raw/pdf/Mega/98823/2025090625950_1.pdf,semestre,comparativo,2024-01-01,2024-06-30,3,True,Ingreso total,49977132,38,pdfplumber,OK
Mega,2025-06-30,data/raw/pdf/Mega/98823/2025090625950_1.pdf,trimestre,actual,2025-04-01,2025-06-30,3,True,Ingreso total,25834361,38,pdfplumber,OK
Mega,2025-06-30,data/raw/pdf/Mega/98823/2025090625950_1.pdf,trimestre,comparativo,2024-04-01,2024-06-30,3,True,Ingreso total,28738673,38,pdfplumber,OK
Mega,2025-09-30,data/raw/pdf/Mega/101641/Estados financieros.pdf,acumulado9m,actual,2025-01-01,2025-09-30,0,False,Ingresos por publicidad de televisión e internet (1),53625368,37,pdfplumber,OK
Mega,2025-09-30,data/raw/pdf/Mega/101641/Estados financieros.pdf,acumulado9m,comparativo,2024-01-01,2024-09-30,0,False,Ingresos por publicidad de televisión e internet (1),50071178,37,pdfplumber,OK
Mega,2025-09-30,data/raw/pdf/Mega/101641/Estados financieros.pdf,trimestre,actual,2025-07-01,2025-09-30,0,False,Ingresos por publicidad de televisión e internet (1),17381210,37,pdfplumber,OK
Mega,2025-09-30,data/raw/pdf/Mega/101641/Estados financieros.pdf,trimestre,comparativo,2024-07-01,2024-09-30,0,False,Ingresos por publicidad de televisión e internet (1),16359992,37,pdfplumber,OK
Mega,2025-09-30,data/raw/pdf/Mega/101641/Estados financieros.pdf,acumulado9m,actual,2025-01-01,2025-09-30,1,False,Ingresos por otros negocios (2),19985156,37,pdfplumber,OK
Mega,2025-09-30,data/raw/pdf/Mega/101641/Estados financieros.pdf,acumulado9m,comparativo,2024-01-01,2024-09-30,1,False,Ingresos por otros negocios (2),19777350,37,pdfplumber,OK
Mega,2025-09-30,data/raw/pdf/Mega/101641/Estados financieros.pdf,trimestre,actual,2025-07-01,2025-09-30,1,False,Ingresos por otros negocios (2),5030607,37,pdfplumber,OK
Mega,2025-09-30,data/raw/pdf/Mega/101641/Estados financieros.pdf,trimestre,comparativo,2024-07-01,2024-09-30,1,False,Ingresos por otros negocios (2),7094574,37,pdfplumber,OK
Mega,2025-09-30,data/raw/pdf/Mega/101641/Estados financieros.pdf,acumulado9m,actual,2025-01-01,2025-09-30,2,False,Ingresos por publicidad propios de subsidiarias (3),5248100,37,pdfplumber,OK
Mega,2025-09-30,data/raw/pdf/Mega/101641/Estados financieros.pdf,acumulado9m,comparativo,2024-01-01,2024-09-30,2,False,Ingresos por publicidad propios de subsidiarias (3),5377866,37,pdfplumber,OK
Mega,2025-09-30,data/raw/pdf/Mega/101641/Estados financieros.pdf,trimestre,actual,2025-07-01,2025-09-30,2,False,Ingresos por publicidad propios de subsidiarias (3),1897396,37,pdfplumber,OK
Mega,2025-09-30,data/raw/pdf/Mega/101641/Estados financieros.pdf,trimestre,comparativo,2024-07-01,2024-09-30,2,False,Ingresos por publicidad propios de subsidiarias (3),1794696,37,pdfplumber,OK
Mega,2025-09-30,data/raw/pdf/Mega/101641/Estados financieros.pdf,acumulado9m,actual,2025-01-01,2025-09-30,3,True,Ingreso total,78858624,37,pdfplumber,OK
Mega,2025-09-30,data/raw/pdf/Mega/101641/Estados financieros.pdf,acumulado9m,comparativo,2024-01-01,2024-09-30,3,True,Ingreso total,75226394,37,pdfplumber,OK
Mega,2025-09-30,data/raw/pdf/Mega/101641/Estados financieros.pdf,trimestre,actual,2025-07-01,2025-09-30,3,True,Ingreso total,24309213,37,pdfplumber,OK
Mega,2025-09-30,data/raw/pdf/Mega/101641/Estados financieros.pdf,trimestre,comparativo,2024-07-01,2024-09-30,3,True,Ingreso total,25249262,37,pdfplumber,OK
Mega,2025-12-31,data/raw/pdf/Mega/109207/2026030222620_1.pdf,anual,actual,2025-01-01,2025-12-31,0,False,Ingresos por publicidad de televisión e internet (1),75154259,39,pdfplumber,OK
Mega,2025-12-31,data/raw/pdf/Mega/109207/2026030222620_1.pdf,anual,comparativo,2024-01-01,2024-12-31,0,False,Ingresos por publicidad de televisión e internet (1),70257656,39,pdfplumber,OK
Mega,2025-12-31,data/raw/pdf/Mega/109207/2026030222620_1.pdf,anual,actual,2025-01-01,2025-12-31,1,False,Ingresos por ventas en plataformas y contenidos (2),22126761,39,pdfplumber,OK
Mega,2025-12-31,data/raw/pdf/Mega/109207/2026030222620_1.pdf,anual,comparativo,2024-01-01,2024-12-31,1,False,Ingresos por ventas en plataformas y contenidos (2),25014746,39,pdfplumber,OK
Mega,2025-12-31,data/raw/pdf/Mega/109207/2026030222620_1.pdf,anual,actual,2025-01-01,2025-12-31,2,False,Ingresos por publicidad radial y cable (3),7559044,39,pdfplumber,OK
Mega,2025-12-31,data/raw/pdf/Mega/109207/2026030222620_1.pdf,anual,comparativo,2024-01-01,2024-12-31,2,False,Ingresos por publicidad radial y cable (3),7647449,39,pdfplumber,OK
Mega,2025-12-31,data/raw/pdf/Mega/109207/2026030222620_1.pdf,anual,actual,2025-01-01,2025-12-31,3,True,Ingreso total,104840064,39,pdfplumber,OK
Mega,2025-12-31,data/raw/pdf/Mega/109207/2026030222620_1.pdf,anual,comparativo,2024-01-01,2024-12-31,3,True,Ingreso total,102919851,39,pdfplumber,OK
Mega,2026-03-31,data/raw/pdf/Mega/111125/2026050359100_1.pdf,trimestre,actual,2026-01-01,2026-03-31,0,False,Ingresos por publicidad de televisión e internet (1),22647735,37,pdfplumber,OK
Mega,2026-03-31,data/raw/pdf/Mega/111125/2026050359100_1.pdf,trimestre,comparativo,2025-01-01,2025-03-31,0,False,Ingresos por publicidad de televisión e internet (1),18794478,37,pdfplumber,OK
Mega,2026-03-31,data/raw/pdf/Mega/111125/2026050359100_1.pdf,trimestre,actual,2026-01-01,2026-03-31,1,False,Ingresos por ventas en plataformas y contenidos (2),5509634,37,pdfplumber,OK
Mega,2026-03-31,data/raw/pdf/Mega/111125/2026050359100_1.pdf,trimestre,comparativo,2025-01-01,2025-03-31,1,False,Ingresos por ventas en plataformas y contenidos (2),8198311,37,pdfplumber,OK
Mega,2026-03-31,data/raw/pdf/Mega/111125/2026050359100_1.pdf,trimestre,actual,2026-01-01,2026-03-31,2,False,Ingresos por publicidad radial y cable (3),2197367,37,pdfplumber,OK
Mega,2026-03-31,data/raw/pdf/Mega/111125/2026050359100_1.pdf,trimestre,comparativo,2025-01-01,2025-03-31,2,False,Ingresos por publicidad radial y cable (3),1722261,37,pdfplumber,OK
Mega,2026-03-31,data/raw/pdf/Mega/111125/2026050359100_1.pdf,trimestre,actual,2026-01-01,2026-03-31,3,True,Ingreso total,30354736,37,pdfplumber,OK
Mega,2026-03-31,data/raw/pdf/Mega/111125/2026050359100_1.pdf,trimestre,comparativo,2025-01-01,2025-03-31,3,True,Ingreso total,28715050,37,pdfplumber,OK
Mega,2026-06-30,data/raw/pdf/Mega/113710/2026090594478-1.pdf,semestre,actual,2026-01-01,2026-06-30,0,False,Ingresos por publicidad de televisión e internet (1),42107628,39,pdfplumber,OK
Mega,2026-06-30,data/raw/pdf/Mega/113710/2026090594478-1.pdf,semestre,comparativo,2025-01-01,2025-06-30,0,False,Ingresos por publicidad de televisión e internet (1),36244158,39,pdfplumber,OK
Mega,2026-06-30,data/raw/pdf/Mega/113710/2026090594478-1.pdf,trimestre,actual,2026-04-01,2026-06-30,0,False,Ingresos por publicidad de televisión e internet (1),19459893,39,pdfplumber,OK
Mega,2026-06-30,data/raw/pdf/Mega/113710/2026090594478-1.pdf,trimestre,comparativo,2025-04-01,2025-06-30,0,False,Ingresos por publicidad de televisión e internet (1),17449680,39,pdfplumber,OK
Mega,2026-06-30,data/raw/pdf/Mega/113710/2026090594478-1.pdf,semestre,actual,2026-01-01,2026-06-30,1,False,Ingresos por ventas en plataformas y contenidos (2),10103933,39,pdfplumber,OK
Mega,2026-06-30,data/raw/pdf/Mega/113710/2026090594478-1.pdf,semestre,comparativo,2025-01-01,2025-06-30,1,False,Ingresos por ventas en plataformas y contenidos (2),14954549,39,pdfplumber,OK
Mega,2026-06-30,data/raw/pdf/Mega/113710/2026090594478-1.pdf,trimestre,actual,2026-04-01,2026-06-30,1,False,Ingresos por ventas en plataformas y contenidos (2),4594299,39,pdfplumber,OK
Mega,2026-06-30,data/raw/pdf/Mega/113710/2026090594478-1.pdf,trimestre,comparativo,2025-04-01,2025-06-30,1,False,Ingresos por ventas en plataformas y contenidos (2),6756238,39,pdfplumber,OK
Mega,2026-06-30,data/raw/pdf/Mega/113710/2026090594478-1.pdf,semestre,actual,2026-01-01,2026-06-30,2,False,Ingresos por publicidad radial y cable (3),4223409,39,pdfplumber,OK
Mega,2026-06-30,data/raw/pdf/Mega/113710/2026090594478-1.pdf,semestre,comparativo,2025-01-01,2025-06-30,2,False,Ingresos por publicidad radial y cable (3),3350704,39,pdfplumber,OK
Mega,2026-06-30,data/raw/pdf/Mega/113710/2026090594478-1.pdf,trimestre,actual,2026-04-01,2026-06-30,2,False,Ingresos por publicidad radial y cable (3),2026042,39,pdfplumber,OK
Mega,2026-06-30,data/raw/pdf/Mega/113710/2026090594478-1.pdf,trimestre,comparativo,2025-04-01,2025-06-30,2,False,Ingresos por publicidad radial y cable (3),1628443,39,pdfplumber,OK
Mega,2026-06-30,data/raw/pdf/Mega/113710/2026090594478-1.pdf,semestre,actual,2026-01-01,2026-06-30,3,True,Ingreso total,56434970,39,pdfplumber,OK
Mega,2026-06-30,data/raw/pdf/Mega/113710/2026090594478-1.pdf,semestre,comparativo,2025-01-01,2025-06-30,3,True,Ingreso total,54549411,39,pdfplumber,OK
Mega,2026-06-30,data/raw/pdf/Mega/113710/2026090594478-1.pdf,trimestre,actual,2026-04-01,2026-06-30,3,True,Ingreso total,26080234,39,pdfplumber,OK
Mega,2026-06-30,data/raw/pdf/Mega/113710/2026090594478-1.pdf,trimestre,comparativo,2025-04-01,2025-06-30,3,True,Ingreso total,25834361,39,pdfplumber,OK
TV+,2017-12-31,data/raw/pdf/TV+/29081/articles-29081_recurso_1.pdf,anual,actual,2017-01-01,2017-12-31,0,False,Ventas Televisión,1843830,37,ocr,OK
TV+,2017-12-31,data/raw/pdf/TV+/29081/articles-29081_recurso_1.pdf,anual,actual,2017-01-01,2017-12-31,1,True,Total ingresos ordinarios,1843830,37,ocr,OK
TV+,2019-12-31,data/raw/pdf/TV+/28568/archivo(2).pdf,anual,actual,2019-01-01,2019-12-31,0,False,Ventas de publicidad,1709357,38,pdfplumber,OK
TV+,2019-12-31,data/raw/pdf/TV+/28568/archivo(2).pdf,anual,comparativo,2018-01-01,2018-12-31,0,False,Ventas de publicidad,2016088,38,pdfplumber,OK
TV+,2019-12-31,data/raw/pdf/TV+/28568/archivo(2).pdf,anual,actual,2019-01-01,2019-12-31,1,False,Venta infomerciales,1729769,38,pdfplumber,OK
TV+,2019-12-31,data/raw/pdf/TV+/28568/archivo(2).pdf,anual,comparativo,2018-01-01,2018-12-31,1,False,Venta infomerciales,2017847,38,pdfplumber,OK
TV+,2019-12-31,data/raw/pdf/TV+/28568/archivo(2).pdf,anual,actual,2019-01-01,2019-12-31,2,False,Espacio de transmisión,40228,38,pdfplumber,OK
TV+,2019-12-31,data/raw/pdf/TV+/28568/archivo(2).pdf,anual,comparativo,2018-01-01,2018-12-31,2,False,Espacio de transmisión,34950,38,pdfplumber,OK
TV+,2019-12-31,data/raw/pdf/TV+/28568/archivo(2).pdf,anual,actual,2019-01-01,2019-12-31,3,False,Otros negocios,1947,38,pdfplumber,OK
TV+,2019-12-31,data/raw/pdf/TV+/28568/archivo(2).pdf,anual,comparativo,2018-01-01,2018-12-31,3,False,Otros negocios,587,38,pdfplumber,OK
TV+,2019-12-31,data/raw/pdf/TV+/28568/archivo(2).pdf,anual,actual,2019-01-01,2019-12-31,4,False,Arriendo de estudios,35112,38,pdfplumber,OK
TV+,2019-12-31,data/raw/pdf/TV+/28568/archivo(2).pdf,anual,comparativo,2018-01-01,2018-12-31,4,False,Arriendo de estudios,0,38,pdfplumber,OK
TV+,2019-12-31,data/raw/pdf/TV+/28568/archivo(2).pdf,anual,actual,2019-01-01,2019-12-31,5,False,Servicio de administración,5228,38,pdfplumber,OK
TV+,2019-12-31,data/raw/pdf/TV+/28568/archivo(2).pdf,anual,comparativo,2018-01-01,2018-12-31,5,False,Servicio de administración,0,38,pdfplumber,OK
TV+,2019-12-31,data/raw/pdf/TV+/28568/archivo(2).pdf,anual,actual,2019-01-01,2019-12-31,6,True,Total ingresos ordinarios,3521641,38,pdfplumber,OK
TV+,2019-12-31,data/raw/pdf/TV+/28568/archivo(2).pdf,anual,comparativo,2018-01-01,2018-12-31,6,True,Total ingresos ordinarios,4069472,38,pdfplumber,OK
TV+,2020-03-31,data/raw/pdf/TV+/29053/2020050177519_0.pdf,trimestre,actual,2020-01-01,2020-03-31,0,False,Ventas de publicidad,568270,35,pdfplumber,OK
TV+,2020-03-31,data/raw/pdf/TV+/29053/2020050177519_0.pdf,trimestre,comparativo,2019-01-01,2019-03-31,0,False,Ventas de publicidad,0,35,pdfplumber,OK
TV+,2020-03-31,data/raw/pdf/TV+/29053/2020050177519_0.pdf,trimestre,actual,2020-01-01,2020-03-31,1,False,Ventas de infomerciales,353099,35,pdfplumber,OK
TV+,2020-03-31,data/raw/pdf/TV+/29053/2020050177519_0.pdf,trimestre,comparativo,2019-01-01,2019-03-31,1,False,Ventas de infomerciales,0,35,pdfplumber,OK
TV+,2020-03-31,data/raw/pdf/TV+/29053/2020050177519_0.pdf,trimestre,actual,2020-01-01,2020-03-31,2,False,Espacio de transmisión,0,35,pdfplumber,OK
TV+,2020-03-31,data/raw/pdf/TV+/29053/2020050177519_0.pdf,trimestre,comparativo,2019-01-01,2019-03-31,2,False,Espacio de transmisión,763497,35,pdfplumber,OK
TV+,2020-03-31,data/raw/pdf/TV+/29053/2020050177519_0.pdf,trimestre,actual,2020-01-01,2020-03-31,3,False,Otros negocios,11663,35,pdfplumber,OK
TV+,2020-03-31,data/raw/pdf/TV+/29053/2020050177519_0.pdf,trimestre,comparativo,2019-01-01,2019-03-31,3,False,Otros negocios,0,35,pdfplumber,OK
TV+,2020-03-31,data/raw/pdf/TV+/29053/2020050177519_0.pdf,trimestre,actual,2020-01-01,2020-03-31,4,False,Servicios de administración,11400,35,pdfplumber,OK
TV+,2020-03-31,data/raw/pdf/TV+/29053/2020050177519_0.pdf,trimestre,comparativo,2019-01-01,2019-03-31,4,False,Servicios de administración,0,35,pdfplumber,OK
TV+,2020-03-31,data/raw/pdf/TV+/29053/2020050177519_0.pdf,trimestre,actual,2020-01-01,2020-03-31,5,True,Total ingresos ordinarios,944432,35,pdfplumber,OK
TV+,2020-03-31,data/raw/pdf/TV+/29053/2020050177519_0.pdf,trimestre,comparativo,2019-01-01,2019-03-31,5,True,Total ingresos ordinarios,763497,35,pdfplumber,OK
TV+,2020-06-30,data/raw/pdf/TV+/29825/4.pdf,semestre,actual,2020-01-01,2020-06-30,0,False,Ventas de publicidad,1156937,38,pdfplumber,OK
TV+,2020-06-30,data/raw/pdf/TV+/29825/4.pdf,semestre,comparativo,2019-01-01,2019-06-30,0,False,Ventas de publicidad,753398,38,pdfplumber,OK
TV+,2020-06-30,data/raw/pdf/TV+/29825/4.pdf,trimestre,actual,2020-04-01,2020-06-30,0,False,Ventas de publicidad,602711,38,pdfplumber,OK
TV+,2020-06-30,data/raw/pdf/TV+/29825/4.pdf,trimestre,comparativo,2019-04-01,2019-06-30,0,False,Ventas de publicidad,468350,38,pdfplumber,OK
TV+,2020-06-30,data/raw/pdf/TV+/29825/4.pdf,semestre,actual,2020-01-01,2020-06-30,1,False,Venta de infomerciales,631711,38,pdfplumber,OK
TV+,2020-06-30,data/raw/pdf/TV+/29825/4.pdf,semestre,comparativo,2019-01-01,2019-06-30,1,False,Venta de infomerciales,883155,38,pdfplumber,OK
TV+,2020-06-30,data/raw/pdf/TV+/29825/4.pdf,trimestre,actual,2020-04-01,2020-06-30,1,False,Venta de infomerciales,278612,38,pdfplumber,OK
TV+,2020-06-30,data/raw/pdf/TV+/29825/4.pdf,trimestre,comparativo,2019-04-01,2019-06-30,1,False,Venta de infomerciales,438961,38,pdfplumber,OK
TV+,2020-06-30,data/raw/pdf/TV+/29825/4.pdf,semestre,actual,2020-01-01,2020-06-30,2,False,Espacio de transmisión,43480,38,pdfplumber,OK
TV+,2020-06-30,data/raw/pdf/TV+/29825/4.pdf,semestre,comparativo,2019-01-01,2019-06-30,2,False,Espacio de transmisión,51531,38,pdfplumber,OK
TV+,2020-06-30,data/raw/pdf/TV+/29825/4.pdf,trimestre,actual,2020-04-01,2020-06-30,2,False,Espacio de transmisión,20301,38,pdfplumber,OK
TV+,2020-06-30,data/raw/pdf/TV+/29825/4.pdf,trimestre,comparativo,2019-04-01,2019-06-30,2,False,Espacio de transmisión,20302,38,pdfplumber,OK
TV+,2020-06-30,data/raw/pdf/TV+/29825/4.pdf,semestre,actual,2020-01-01,2020-06-30,3,False,Otros negocios,3051,38,pdfplumber,OK
TV+,2020-06-30,data/raw/pdf/TV+/29825/4.pdf,semestre,comparativo,2019-01-01,2019-06-30,3,False,Otros negocios,15915,38,pdfplumber,OK
TV+,2020-06-30,data/raw/pdf/TV+/29825/4.pdf,trimestre,actual,2020-04-01,2020-06-30,3,False,Otros negocios,523,38,pdfplumber,OK
TV+,2020-06-30,data/raw/pdf/TV+/29825/4.pdf,trimestre,comparativo,2019-04-01,2019-06-30,3,False,Otros negocios,12889,38,pdfplumber,OK
TV+,2020-06-30,data/raw/pdf/TV+/29825/4.pdf,semestre,actual,2020-01-01,2020-06-30,4,False,Arriendo de estudios,13680,38,pdfplumber,OK
TV+,2020-06-30,data/raw/pdf/TV+/29825/4.pdf,semestre,comparativo,2019-01-01,2019-06-30,4,False,Arriendo de estudios,0,38,pdfplumber,OK
TV+,2020-06-30,data/raw/pdf/TV+/29825/4.pdf,trimestre,actual,2020-04-01,2020-06-30,4,False,Arriendo de estudios,2280,38,pdfplumber,OK
TV+,2020-06-30,data/raw/pdf/TV+/29825/4.pdf,trimestre,comparativo,2019-04-01,2019-06-30,4,False,Arriendo de estudios,0,38,pdfplumber,OK
TV+,2020-06-30,data/raw/pdf/TV+/29825/4.pdf,semestre,actual,2020-01-01,2020-06-30,5,True,Total,1848859,38,pdfplumber,OK
TV+,2020-06-30,data/raw/pdf/TV+/29825/4.pdf,semestre,comparativo,2019-01-01,2019-06-30,5,True,Total,1703999,38,pdfplumber,OK
TV+,2020-06-30,data/raw/pdf/TV+/29825/4.pdf,trimestre,actual,2020-04-01,2020-06-30,5,True,Total,904427,38,pdfplumber,OK
TV+,2020-06-30,data/raw/pdf/TV+/29825/4.pdf,trimestre,comparativo,2019-04-01,2019-06-30,5,True,Total,940502,38,pdfplumber,OK
TV+,2020-09-30,data/raw/pdf/TV+/38817/2020110477430_3.pdf,acumulado9m,actual,2020-01-01,2020-09-30,0,False,Ventas de tv,1715229,37,pdfplumber,OK
TV+,2020-09-30,data/raw/pdf/TV+/38817/2020110477430_3.pdf,acumulado9m,comparativo,2019-01-01,2019-09-30,0,False,Ventas de tv,1275582,37,pdfplumber,OK
TV+,2020-09-30,data/raw/pdf/TV+/38817/2020110477430_3.pdf,acumulado9m,actual,2020-01-01,2020-09-30,1,False,Ventas de infomerciales,963270,37,pdfplumber,OK
TV+,2020-09-30,data/raw/pdf/TV+/38817/2020110477430_3.pdf,acumulado9m,comparativo,2019-01-01,2019-09-30,1,False,Ventas de infomerciales,1308056,37,pdfplumber,OK
TV+,2020-09-30,data/raw/pdf/TV+/38817/2020110477430_3.pdf,acumulado9m,actual,2020-01-01,2020-09-30,2,False,Espacio de transmisión,19805,37,pdfplumber,OK
TV+,2020-09-30,data/raw/pdf/TV+/38817/2020110477430_3.pdf,acumulado9m,comparativo,2019-01-01,2019-09-30,2,False,Espacio de transmisión,46045,37,pdfplumber,OK
TV+,2020-09-30,data/raw/pdf/TV+/38817/2020110477430_3.pdf,acumulado9m,actual,2020-01-01,2020-09-30,3,False,Otros negocios,6824,37,pdfplumber,OK
TV+,2020-09-30,data/raw/pdf/TV+/38817/2020110477430_3.pdf,acumulado9m,comparativo,2019-01-01,2019-09-30,3,False,Otros negocios,7033,37,pdfplumber,OK
TV+,2020-09-30,data/raw/pdf/TV+/38817/2020110477430_3.pdf,acumulado9m,actual,2020-01-01,2020-09-30,4,False,Arriendo de estudios,18280,37,pdfplumber,OK
TV+,2020-09-30,data/raw/pdf/TV+/38817/2020110477430_3.pdf,acumulado9m,comparativo,2019-01-01,2019-09-30,4,False,Arriendo de estudios,0,37,pdfplumber,OK
TV+,2020-09-30,data/raw/pdf/TV+/38817/2020110477430_3.pdf,acumulado9m,actual,2020-01-01,2020-09-30,5,False,Cuentas Canje,230657,37,pdfplumber,OK
TV+,2020-09-30,data/raw/pdf/TV+/38817/2020110477430_3.pdf,acumulado9m,comparativo,2019-01-01,2019-09-30,5,False,Cuentas Canje,0,37,pdfplumber,OK
TV+,2020-09-30,data/raw/pdf/TV+/38817/2020110477430_3.pdf,acumulado9m,actual,2020-01-01,2020-09-30,6,True,Total ingresos ordinarios,2954065,37,pdfplumber,OK
TV+,2020-09-30,data/raw/pdf/TV+/38817/2020110477430_3.pdf,acumulado9m,comparativo,2019-01-01,2019-09-30,6,True,Total ingresos ordinarios,2636716,37,pdfplumber,OK
TV+,2020-12-31,data/raw/pdf/TV+/47354/2021030116956_1.pdf,anual,actual,2020-01-01,2020-12-31,0,False,Ventas de publicidad,3042986,37,pdfplumber,OK
TV+,2020-12-31,data/raw/pdf/TV+/47354/2021030116956_1.pdf,anual,comparativo,2019-01-01,2019-12-31,0,False,Ventas de publicidad,1709357,37,pdfplumber,OK
TV+,2020-12-31,data/raw/pdf/TV+/47354/2021030116956_1.pdf,anual,actual,2020-01-01,2020-12-31,1,False,Venta infomerciales,1272044,37,pdfplumber,OK
TV+,2020-12-31,data/raw/pdf/TV+/47354/2021030116956_1.pdf,anual,comparativo,2019-01-01,2019-12-31,1,False,Venta infomerciales,1729769,37,pdfplumber,OK
TV+,2020-12-31,data/raw/pdf/TV+/47354/2021030116956_1.pdf,anual,actual,2020-01-01,2020-12-31,2,False,Espacio de transmisión,63305,37,pdfplumber,OK
TV+,2020-12-31,data/raw/pdf/TV+/47354/2021030116956_1.pdf,anual,comparativo,2019-01-01,2019-12-31,2,False,Espacio de transmisión,40228,37,pdfplumber,OK
TV+,2020-12-31,data/raw/pdf/TV+/47354/2021030116956_1.pdf,anual,actual,2020-01-01,2020-12-31,3,False,Otros negocios,21145,37,pdfplumber,OK
TV+,2020-12-31,data/raw/pdf/TV+/47354/2021030116956_1.pdf,anual,comparativo,2019-01-01,2019-12-31,3,False,Otros negocios,1947,37,pdfplumber,OK
TV+,2020-12-31,data/raw/pdf/TV+/47354/2021030116956_1.pdf,anual,actual,2020-01-01,2020-12-31,4,False,Arriendo de estudios,25365,37,pdfplumber,OK
TV+,2020-12-31,data/raw/pdf/TV+/47354/2021030116956_1.pdf,anual,comparativo,2019-01-01,2019-12-31,4,False,Arriendo de estudios,35112,37,pdfplumber,OK
TV+,2020-12-31,data/raw/pdf/TV+/47354/2021030116956_1.pdf,anual,actual,2020-01-01,2020-12-31,5,False,Servicio de administración,37362,37,pdfplumber,OK
TV+,2020-12-31,data/raw/pdf/TV+/47354/2021030116956_1.pdf,anual,comparativo,2019-01-01,2019-12-31,5,False,Servicio de administración,5228,37,pdfplumber,OK
TV+,2020-12-31,data/raw/pdf/TV+/47354/2021030116956_1.pdf,anual,actual,2020-01-01,2020-12-31,6,True,Total ingresos ordinarios,4462207,37,pdfplumber,OK
TV+,2020-12-31,data/raw/pdf/TV+/47354/2021030116956_1.pdf,anual,comparativo,2019-01-01,2019-12-31,6,True,Total ingresos ordinarios,3521641,37,pdfplumber,OK
TV+,2021-03-31,data/raw/pdf/TV+/47719/2021050209482_4.pdf,trimestre,actual,2021-01-01,2021-03-31,0,False,Venta canje VTR,50437,34,pdfplumber-columnas,OK
TV+,2021-03-31,data/raw/pdf/TV+/47719/2021050209482_4.pdf,trimestre,comparativo,2020-01-01,2020-03-31,0,False,Venta canje VTR,0,34,pdfplumber-columnas,OK
TV+,2021-03-31,data/raw/pdf/TV+/47719/2021050209482_4.pdf,trimestre,actual,2021-01-01,2021-03-31,1,False,Ventas de publicidad,719901,34,pdfplumber-columnas,OK
TV+,2021-03-31,data/raw/pdf/TV+/47719/2021050209482_4.pdf,trimestre,comparativo,2020-01-01,2020-03-31,1,False,Ventas de publicidad,568270,34,pdfplumber-columnas,OK
TV+,2021-03-31,data/raw/pdf/TV+/47719/2021050209482_4.pdf,trimestre,actual,2021-01-01,2021-03-31,2,False,Venta infomerciales,210000,34,pdfplumber-columnas,OK
TV+,2021-03-31,data/raw/pdf/TV+/47719/2021050209482_4.pdf,trimestre,comparativo,2020-01-01,2020-03-31,2,False,Venta infomerciales,353099,34,pdfplumber-columnas,OK
TV+,2021-03-31,data/raw/pdf/TV+/47719/2021050209482_4.pdf,trimestre,actual,2021-01-01,2021-03-31,3,False,Espacio de transmisión,11000,34,pdfplumber-columnas,OK
TV+,2021-03-31,data/raw/pdf/TV+/47719/2021050209482_4.pdf,trimestre,comparativo,2020-01-01,2020-03-31,3,False,Espacio de transmisión,0,34,pdfplumber-columnas,OK
TV+,2021-03-31,data/raw/pdf/TV+/47719/2021050209482_4.pdf,trimestre,actual,2021-01-01,2021-03-31,4,False,Otros negocios,10840,34,pdfplumber-columnas,OK
TV+,2021-03-31,data/raw/pdf/TV+/47719/2021050209482_4.pdf,trimestre,comparativo,2020-01-01,2020-03-31,4,False,Otros negocios,11663,34,pdfplumber-columnas,OK
TV+,2021-03-31,data/raw/pdf/TV+/47719/2021050209482_4.pdf,trimestre,actual,2021-01-01,2021-03-31,5,False,Arriendo de estudios,21705,34,pdfplumber-columnas,OK
TV+,2021-03-31,data/raw/pdf/TV+/47719/2021050209482_4.pdf,trimestre,comparativo,2020-01-01,2020-03-31,5,False,Arriendo de estudios,0,34,pdfplumber-columnas,OK
TV+,2021-03-31,data/raw/pdf/TV+/47719/2021050209482_4.pdf,trimestre,actual,2021-01-01,2021-03-31,6,False,Servicio de administración,3010,34,pdfplumber-columnas,OK
TV+,2021-03-31,data/raw/pdf/TV+/47719/2021050209482_4.pdf,trimestre,comparativo,2020-01-01,2020-03-31,6,False,Servicio de administración,11400,34,pdfplumber-columnas,OK
TV+,2021-03-31,data/raw/pdf/TV+/47719/2021050209482_4.pdf,trimestre,actual,2021-01-01,2021-03-31,7,False,Venta canje,8200,34,pdfplumber-columnas,OK
TV+,2021-03-31,data/raw/pdf/TV+/47719/2021050209482_4.pdf,trimestre,comparativo,2020-01-01,2020-03-31,7,False,Venta canje,0,34,pdfplumber-columnas,OK
TV+,2021-03-31,data/raw/pdf/TV+/47719/2021050209482_4.pdf,trimestre,actual,2021-01-01,2021-03-31,8,True,Total ingresos ordinarios,1035093,34,pdfplumber-columnas,OK
TV+,2021-03-31,data/raw/pdf/TV+/47719/2021050209482_4.pdf,trimestre,comparativo,2020-01-01,2020-03-31,8,True,Total ingresos ordinarios,944432,34,pdfplumber-columnas,OK
TV+,2021-06-30,data/raw/pdf/TV+/49400/2021090374499_2 (1).pdf,semestre,actual,2021-01-01,2021-06-30,0,False,Ventas de publicidad,1760241,37,pdfplumber,OK
TV+,2021-06-30,data/raw/pdf/TV+/49400/2021090374499_2 (1).pdf,semestre,comparativo,2020-01-01,2020-06-30,0,False,Ventas de publicidad,1156937,37,pdfplumber,OK
TV+,2021-06-30,data/raw/pdf/TV+/49400/2021090374499_2 (1).pdf,trimestre,actual,2021-04-01,2021-06-30,0,False,Ventas de publicidad,989221,37,pdfplumber,OK
TV+,2021-06-30,data/raw/pdf/TV+/49400/2021090374499_2 (1).pdf,trimestre,comparativo,2020-04-01,2020-06-30,0,False,Ventas de publicidad,602711,37,pdfplumber,OK
TV+,2021-06-30,data/raw/pdf/TV+/49400/2021090374499_2 (1).pdf,semestre,actual,2021-01-01,2021-06-30,1,False,Venta infomerciales,420000,37,pdfplumber,OK
TV+,2021-06-30,data/raw/pdf/TV+/49400/2021090374499_2 (1).pdf,semestre,comparativo,2020-01-01,2020-06-30,1,False,Venta infomerciales,631711,37,pdfplumber,OK
TV+,2021-06-30,data/raw/pdf/TV+/49400/2021090374499_2 (1).pdf,trimestre,actual,2021-04-01,2021-06-30,1,False,Venta infomerciales,210000,37,pdfplumber,OK
TV+,2021-06-30,data/raw/pdf/TV+/49400/2021090374499_2 (1).pdf,trimestre,comparativo,2020-04-01,2020-06-30,1,False,Venta infomerciales,278612,37,pdfplumber,OK
TV+,2021-06-30,data/raw/pdf/TV+/49400/2021090374499_2 (1).pdf,semestre,actual,2021-01-01,2021-06-30,2,False,Espacio de transmisión,84005,37,pdfplumber,OK
TV+,2021-06-30,data/raw/pdf/TV+/49400/2021090374499_2 (1).pdf,semestre,comparativo,2020-01-01,2020-06-30,2,False,Espacio de transmisión,43480,37,pdfplumber,OK
TV+,2021-06-30,data/raw/pdf/TV+/49400/2021090374499_2 (1).pdf,trimestre,actual,2021-04-01,2021-06-30,2,False,Espacio de transmisión,46100,37,pdfplumber,OK
TV+,2021-06-30,data/raw/pdf/TV+/49400/2021090374499_2 (1).pdf,trimestre,comparativo,2020-04-01,2020-06-30,2,False,Espacio de transmisión,20301,37,pdfplumber,OK
TV+,2021-06-30,data/raw/pdf/TV+/49400/2021090374499_2 (1).pdf,semestre,actual,2021-01-01,2021-06-30,3,False,Otros negocios,20053,37,pdfplumber,OK
TV+,2021-06-30,data/raw/pdf/TV+/49400/2021090374499_2 (1).pdf,semestre,comparativo,2020-01-01,2020-06-30,3,False,Otros negocios,3051,37,pdfplumber,OK
TV+,2021-06-30,data/raw/pdf/TV+/49400/2021090374499_2 (1).pdf,trimestre,actual,2021-04-01,2021-06-30,3,False,Otros negocios,9213,37,pdfplumber,OK
TV+,2021-06-30,data/raw/pdf/TV+/49400/2021090374499_2 (1).pdf,trimestre,comparativo,2020-04-01,2020-06-30,3,False,Otros negocios,523,37,pdfplumber,OK
TV+,2021-06-30,data/raw/pdf/TV+/49400/2021090374499_2 (1).pdf,semestre,actual,2021-01-01,2021-06-30,4,False,Arriendo de estudios,9010,37,pdfplumber,OK
TV+,2021-06-30,data/raw/pdf/TV+/49400/2021090374499_2 (1).pdf,semestre,comparativo,2020-01-01,2020-06-30,4,False,Arriendo de estudios,13680,37,pdfplumber,OK
TV+,2021-06-30,data/raw/pdf/TV+/49400/2021090374499_2 (1).pdf,trimestre,actual,2021-04-01,2021-06-30,4,False,Arriendo de estudios,3682,37,pdfplumber,OK
TV+,2021-06-30,data/raw/pdf/TV+/49400/2021090374499_2 (1).pdf,trimestre,comparativo,2020-04-01,2020-06-30,4,False,Arriendo de estudios,2280,37,pdfplumber,OK
TV+,2021-06-30,data/raw/pdf/TV+/49400/2021090374499_2 (1).pdf,semestre,actual,2021-01-01,2021-06-30,5,True,Total ingresos ordinarios,2293309,37,pdfplumber,OK
TV+,2021-06-30,data/raw/pdf/TV+/49400/2021090374499_2 (1).pdf,semestre,comparativo,2020-01-01,2020-06-30,5,True,Total ingresos ordinarios,1848859,37,pdfplumber,OK
TV+,2021-06-30,data/raw/pdf/TV+/49400/2021090374499_2 (1).pdf,trimestre,actual,2021-04-01,2021-06-30,5,True,Total ingresos ordinarios,1258216,37,pdfplumber,OK
TV+,2021-06-30,data/raw/pdf/TV+/49400/2021090374499_2 (1).pdf,trimestre,comparativo,2020-04-01,2020-06-30,5,True,Total ingresos ordinarios,904427,37,pdfplumber,OK
TV+,2021-09-30,data/raw/pdf/TV+/49909/2021110473098_2 (1).pdf,acumulado9m,actual,2021-01-01,2021-09-30,0,False,Ventas de TV,2746500,32,pdfplumber,OK
TV+,2021-09-30,data/raw/pdf/TV+/49909/2021110473098_2 (1).pdf,acumulado9m,comparativo,2020-01-01,2020-09-30,0,False,Ventas de TV,1715229,32,pdfplumber,OK
TV+,2021-09-30,data/raw/pdf/TV+/49909/2021110473098_2 (1).pdf,acumulado9m,actual,2021-01-01,2021-09-30,1,False,Ventas de infomerciales,630000,32,pdfplumber,OK
TV+,2021-09-30,data/raw/pdf/TV+/49909/2021110473098_2 (1).pdf,acumulado9m,comparativo,2020-01-01,2020-09-30,1,False,Ventas de infomerciales,963270,32,pdfplumber,OK
TV+,2021-09-30,data/raw/pdf/TV+/49909/2021110473098_2 (1).pdf,acumulado9m,actual,2021-01-01,2021-09-30,2,False,Espacio de transmisión,211818,32,pdfplumber,OK
TV+,2021-09-30,data/raw/pdf/TV+/49909/2021110473098_2 (1).pdf,acumulado9m,comparativo,2020-01-01,2020-09-30,2,False,Espacio de transmisión,19805,32,pdfplumber,OK
TV+,2021-09-30,data/raw/pdf/TV+/49909/2021110473098_2 (1).pdf,acumulado9m,actual,2021-01-01,2021-09-30,3,False,Otros negocios,30230,32,pdfplumber,OK
TV+,2021-09-30,data/raw/pdf/TV+/49909/2021110473098_2 (1).pdf,acumulado9m,comparativo,2020-01-01,2020-09-30,3,False,Otros negocios,6824,32,pdfplumber,OK
TV+,2021-09-30,data/raw/pdf/TV+/49909/2021110473098_2 (1).pdf,acumulado9m,actual,2021-01-01,2021-09-30,4,False,Arriendo de estudios,27525,32,pdfplumber,OK
TV+,2021-09-30,data/raw/pdf/TV+/49909/2021110473098_2 (1).pdf,acumulado9m,comparativo,2020-01-01,2020-09-30,4,False,Arriendo de estudios,18280,32,pdfplumber,OK
TV+,2021-09-30,data/raw/pdf/TV+/49909/2021110473098_2 (1).pdf,acumulado9m,actual,2021-01-01,2021-09-30,5,False,Cuentas canje,183289,32,pdfplumber,OK
TV+,2021-09-30,data/raw/pdf/TV+/49909/2021110473098_2 (1).pdf,acumulado9m,comparativo,2020-01-01,2020-09-30,5,False,Cuentas canje,230657,32,pdfplumber,OK
TV+,2021-09-30,data/raw/pdf/TV+/49909/2021110473098_2 (1).pdf,acumulado9m,actual,2021-01-01,2021-09-30,6,True,Total ingresos ordinarios,3829362,32,pdfplumber,OK
TV+,2021-09-30,data/raw/pdf/TV+/49909/2021110473098_2 (1).pdf,acumulado9m,comparativo,2020-01-01,2020-09-30,6,True,Total ingresos ordinarios,2954065,32,pdfplumber,OK
TV+,2021-12-31,data/raw/pdf/TV+/50696/Fecu.pdf,anual,actual,2021-01-01,2021-12-31,0,False,Ventasdepublicidad,4283508,37,pdfplumber,OK
TV+,2021-12-31,data/raw/pdf/TV+/50696/Fecu.pdf,anual,comparativo,2020-01-01,2020-12-31,0,False,Ventasdepublicidad,3042986,37,pdfplumber,OK
TV+,2021-12-31,data/raw/pdf/TV+/50696/Fecu.pdf,anual,actual,2021-01-01,2021-12-31,1,False,Ventainfomerciales,1080808,37,pdfplumber,OK
TV+,2021-12-31,data/raw/pdf/TV+/50696/Fecu.pdf,anual,comparativo,2020-01-01,2020-12-31,1,False,Ventainfomerciales,1272044,37,pdfplumber,OK
TV+,2021-12-31,data/raw/pdf/TV+/50696/Fecu.pdf,anual,actual,2021-01-01,2021-12-31,2,False,Espaciodetransmisión,84988,37,pdfplumber,OK
TV+,2021-12-31,data/raw/pdf/TV+/50696/Fecu.pdf,anual,comparativo,2020-01-01,2020-12-31,2,False,Espaciodetransmisión,63305,37,pdfplumber,OK
TV+,2021-12-31,data/raw/pdf/TV+/50696/Fecu.pdf,anual,actual,2021-01-01,2021-12-31,3,False,Otrosnegocios,68155,37,pdfplumber,OK
TV+,2021-12-31,data/raw/pdf/TV+/50696/Fecu.pdf,anual,comparativo,2020-01-01,2020-12-31,3,False,Otrosnegocios,21145,37,pdfplumber,OK
TV+,2021-12-31,data/raw/pdf/TV+/50696/Fecu.pdf,anual,actual,2021-01-01,2021-12-31,4,False,Arriendodeestudios,32056,37,pdfplumber,OK
TV+,2021-12-31,data/raw/pdf/TV+/50696/Fecu.pdf,anual,comparativo,2020-01-01,2020-12-31,4,False,Arriendodeestudios,25365,37,pdfplumber,OK
TV+,2021-12-31,data/raw/pdf/TV+/50696/Fecu.pdf,anual,actual,2021-01-01,2021-12-31,5,False,Serviciodeadministración,0,37,pdfplumber,OK
TV+,2021-12-31,data/raw/pdf/TV+/50696/Fecu.pdf,anual,comparativo,2020-01-01,2020-12-31,5,False,Serviciodeadministración,37362,37,pdfplumber,OK
TV+,2021-12-31,data/raw/pdf/TV+/50696/Fecu.pdf,anual,actual,2021-01-01,2021-12-31,6,True,Totalingresosordinarios,5549515,37,pdfplumber,OK
TV+,2021-12-31,data/raw/pdf/TV+/50696/Fecu.pdf,anual,comparativo,2020-01-01,2020-12-31,6,True,Totalingresosordinarios,4462207,37,pdfplumber,OK
TV+,2022-03-31,data/raw/pdf/TV+/51269/Fecu Marzo 2022.pdf,trimestre,actual,2022-01-01,2022-03-31,0,False,Ventas de VTR,43892,33,pdfplumber,OK
TV+,2022-03-31,data/raw/pdf/TV+/51269/Fecu Marzo 2022.pdf,trimestre,comparativo,2021-01-01,2021-03-31,0,False,Ventas de VTR,50437,33,pdfplumber,OK
TV+,2022-03-31,data/raw/pdf/TV+/51269/Fecu Marzo 2022.pdf,trimestre,actual,2022-01-01,2022-03-31,1,False,Ventas de publicidad,823574,33,pdfplumber,OK
TV+,2022-03-31,data/raw/pdf/TV+/51269/Fecu Marzo 2022.pdf,trimestre,comparativo,2021-01-01,2021-03-31,1,False,Ventas de publicidad,719901,33,pdfplumber,OK
TV+,2022-03-31,data/raw/pdf/TV+/51269/Fecu Marzo 2022.pdf,trimestre,actual,2022-01-01,2022-03-31,2,False,Venta infomerciales,210000,33,pdfplumber,OK
TV+,2022-03-31,data/raw/pdf/TV+/51269/Fecu Marzo 2022.pdf,trimestre,comparativo,2021-01-01,2021-03-31,2,False,Venta infomerciales,210000,33,pdfplumber,OK
TV+,2022-03-31,data/raw/pdf/TV+/51269/Fecu Marzo 2022.pdf,trimestre,actual,2022-01-01,2022-03-31,3,False,Espacio de transmisión,65870,33,pdfplumber,OK
TV+,2022-03-31,data/raw/pdf/TV+/51269/Fecu Marzo 2022.pdf,trimestre,comparativo,2021-01-01,2021-03-31,3,False,Espacio de transmisión,11000,33,pdfplumber,OK
TV+,2022-03-31,data/raw/pdf/TV+/51269/Fecu Marzo 2022.pdf,trimestre,actual,2022-01-01,2022-03-31,4,False,Otros negocios,14916,33,pdfplumber,OK
TV+,2022-03-31,data/raw/pdf/TV+/51269/Fecu Marzo 2022.pdf,trimestre,comparativo,2021-01-01,2021-03-31,4,False,Otros negocios,10840,33,pdfplumber,OK
TV+,2022-03-31,data/raw/pdf/TV+/51269/Fecu Marzo 2022.pdf,trimestre,actual,2022-01-01,2022-03-31,5,False,Arriendo de estudios,0,33,pdfplumber,OK
TV+,2022-03-31,data/raw/pdf/TV+/51269/Fecu Marzo 2022.pdf,trimestre,comparativo,2021-01-01,2021-03-31,5,False,Arriendo de estudios,21705,33,pdfplumber,OK
TV+,2022-03-31,data/raw/pdf/TV+/51269/Fecu Marzo 2022.pdf,trimestre,actual,2022-01-01,2022-03-31,6,False,Servicio de administración,0,33,pdfplumber,OK
TV+,2022-03-31,data/raw/pdf/TV+/51269/Fecu Marzo 2022.pdf,trimestre,comparativo,2021-01-01,2021-03-31,6,False,Servicio de administración,3010,33,pdfplumber,OK
TV+,2022-03-31,data/raw/pdf/TV+/51269/Fecu Marzo 2022.pdf,trimestre,actual,2022-01-01,2022-03-31,7,False,Venta canje,23916,33,pdfplumber,OK
TV+,2022-03-31,data/raw/pdf/TV+/51269/Fecu Marzo 2022.pdf,trimestre,comparativo,2021-01-01,2021-03-31,7,False,Venta canje,8200,33,pdfplumber,OK
TV+,2022-03-31,data/raw/pdf/TV+/51269/Fecu Marzo 2022.pdf,trimestre,actual,2022-01-01,2022-03-31,8,True,Total ingresos ordinarios,1182169,33,pdfplumber,OK
TV+,2022-03-31,data/raw/pdf/TV+/51269/Fecu Marzo 2022.pdf,trimestre,comparativo,2021-01-01,2021-03-31,8,True,Total ingresos ordinarios,1035093,33,pdfplumber,OK
TV+,2022-06-30,data/raw/pdf/TV+/53289/2022090352724_2.pdf,semestre,actual,2022-01-01,2022-06-30,0,False,Ventas de publicidad,2110744,36,pdfplumber,OK
TV+,2022-06-30,data/raw/pdf/TV+/53289/2022090352724_2.pdf,semestre,comparativo,2021-01-01,2021-06-30,0,False,Ventas de publicidad,1760241,36,pdfplumber,OK
TV+,2022-06-30,data/raw/pdf/TV+/53289/2022090352724_2.pdf,trimestre,actual,2022-04-01,2022-06-30,0,False,Ventas de publicidad,1217316,36,pdfplumber,OK
TV+,2022-06-30,data/raw/pdf/TV+/53289/2022090352724_2.pdf,trimestre,comparativo,2021-04-01,2021-06-30,0,False,Ventas de publicidad,989221,36,pdfplumber,OK
TV+,2022-06-30,data/raw/pdf/TV+/53289/2022090352724_2.pdf,semestre,actual,2022-01-01,2022-06-30,1,False,Arriendoinfomerciales,428400,36,pdfplumber,OK
TV+,2022-06-30,data/raw/pdf/TV+/53289/2022090352724_2.pdf,semestre,comparativo,2021-01-01,2021-06-30,1,False,Arriendoinfomerciales,420000,36,pdfplumber,OK
TV+,2022-06-30,data/raw/pdf/TV+/53289/2022090352724_2.pdf,trimestre,actual,2022-04-01,2022-06-30,1,False,Arriendoinfomerciales,218400,36,pdfplumber,OK
TV+,2022-06-30,data/raw/pdf/TV+/53289/2022090352724_2.pdf,trimestre,comparativo,2021-04-01,2021-06-30,1,False,Arriendoinfomerciales,210000,36,pdfplumber,OK
TV+,2022-06-30,data/raw/pdf/TV+/53289/2022090352724_2.pdf,semestre,actual,2022-01-01,2022-06-30,2,False,Espacio de transmisión,141173,36,pdfplumber,OK
TV+,2022-06-30,data/raw/pdf/TV+/53289/2022090352724_2.pdf,semestre,comparativo,2021-01-01,2021-06-30,2,False,Espacio de transmisión,84005,36,pdfplumber,OK
TV+,2022-06-30,data/raw/pdf/TV+/53289/2022090352724_2.pdf,trimestre,actual,2022-04-01,2022-06-30,2,False,Espacio de transmisión,75303,36,pdfplumber,OK
TV+,2022-06-30,data/raw/pdf/TV+/53289/2022090352724_2.pdf,trimestre,comparativo,2021-04-01,2021-06-30,2,False,Espacio de transmisión,46100,36,pdfplumber,OK
TV+,2022-06-30,data/raw/pdf/TV+/53289/2022090352724_2.pdf,semestre,actual,2022-01-01,2022-06-30,3,False,Otros negocios,41132,36,pdfplumber,OK
TV+,2022-06-30,data/raw/pdf/TV+/53289/2022090352724_2.pdf,semestre,comparativo,2021-01-01,2021-06-30,3,False,Otros negocios,20053,36,pdfplumber,OK
TV+,2022-06-30,data/raw/pdf/TV+/53289/2022090352724_2.pdf,trimestre,actual,2022-04-01,2022-06-30,3,False,Otros negocios,26216,36,pdfplumber,OK
TV+,2022-06-30,data/raw/pdf/TV+/53289/2022090352724_2.pdf,trimestre,comparativo,2021-04-01,2021-06-30,3,False,Otros negocios,9213,36,pdfplumber,OK
TV+,2022-06-30,data/raw/pdf/TV+/53289/2022090352724_2.pdf,semestre,actual,2022-01-01,2022-06-30,4,False,Arriendo de estudios,0,36,pdfplumber,OK
TV+,2022-06-30,data/raw/pdf/TV+/53289/2022090352724_2.pdf,semestre,comparativo,2021-01-01,2021-06-30,4,False,Arriendo de estudios,9010,36,pdfplumber,OK
TV+,2022-06-30,data/raw/pdf/TV+/53289/2022090352724_2.pdf,trimestre,actual,2022-04-01,2022-06-30,4,False,Arriendo de estudios,0,36,pdfplumber,OK
TV+,2022-06-30,data/raw/pdf/TV+/53289/2022090352724_2.pdf,trimestre,comparativo,2021-04-01,2021-06-30,4,False,Arriendo de estudios,3682,36,pdfplumber,OK
TV+,2022-06-30,data/raw/pdf/TV+/53289/2022090352724_2.pdf,semestre,actual,2022-01-01,2022-06-30,5,True,"Total,ingresos ordinarios",2721449,36,pdfplumber,OK
TV+,2022-06-30,data/raw/pdf/TV+/53289/2022090352724_2.pdf,semestre,comparativo,2021-01-01,2021-06-30,5,True,"Total,ingresos ordinarios",2293309,36,pdfplumber,OK
TV+,2022-06-30,data/raw/pdf/TV+/53289/2022090352724_2.pdf,trimestre,actual,2022-04-01,2022-06-30,5,True,"Total,ingresos ordinarios",1537235,36,pdfplumber,OK
TV+,2022-06-30,data/raw/pdf/TV+/53289/2022090352724_2.pdf,trimestre,comparativo,2021-04-01,2021-06-30,5,True,"Total,ingresos ordinarios",1258216,36,pdfplumber,OK
TV+,2022-09-30,data/raw/pdf/TV+/57121/2022110443552_1.pdf,acumulado9m,actual,2022-01-01,2022-09-30,0,False,Ventas de TV,3016756,32,pdfplumber,OK
TV+,2022-09-30,data/raw/pdf/TV+/57121/2022110443552_1.pdf,acumulado9m,comparativo,2021-01-01,2021-09-30,0,False,Ventas de TV,2746500,32,pdfplumber,OK
TV+,2022-09-30,data/raw/pdf/TV+/57121/2022110443552_1.pdf,acumulado9m,actual,2022-01-01,2022-09-30,1,False,Arriendo infomerciales,651000,32,pdfplumber,OK
TV+,2022-09-30,data/raw/pdf/TV+/57121/2022110443552_1.pdf,acumulado9m,comparativo,2021-01-01,2021-09-30,1,False,Arriendo infomerciales,630000,32,pdfplumber,OK
TV+,2022-09-30,data/raw/pdf/TV+/57121/2022110443552_1.pdf,acumulado9m,actual,2022-01-01,2022-09-30,2,False,Espacio de transmisión,219996,32,pdfplumber,OK
TV+,2022-09-30,data/raw/pdf/TV+/57121/2022110443552_1.pdf,acumulado9m,comparativo,2021-01-01,2021-09-30,2,False,Espacio de transmisión,211818,32,pdfplumber,OK
TV+,2022-09-30,data/raw/pdf/TV+/57121/2022110443552_1.pdf,acumulado9m,actual,2022-01-01,2022-09-30,3,False,Otros negocios,97744,32,pdfplumber,OK
TV+,2022-09-30,data/raw/pdf/TV+/57121/2022110443552_1.pdf,acumulado9m,comparativo,2021-01-01,2021-09-30,3,False,Otros negocios,30230,32,pdfplumber,OK
TV+,2022-09-30,data/raw/pdf/TV+/57121/2022110443552_1.pdf,acumulado9m,actual,2022-01-01,2022-09-30,4,False,Arriendo de estudios,535,32,pdfplumber,OK
TV+,2022-09-30,data/raw/pdf/TV+/57121/2022110443552_1.pdf,acumulado9m,comparativo,2021-01-01,2021-09-30,4,False,Arriendo de estudios,27525,32,pdfplumber,OK
TV+,2022-09-30,data/raw/pdf/TV+/57121/2022110443552_1.pdf,acumulado9m,actual,2022-01-01,2022-09-30,5,False,Cuentas canjes,236524,32,pdfplumber,OK
TV+,2022-09-30,data/raw/pdf/TV+/57121/2022110443552_1.pdf,acumulado9m,comparativo,2021-01-01,2021-09-30,5,False,Cuentas canjes,183289,32,pdfplumber,OK
TV+,2022-09-30,data/raw/pdf/TV+/57121/2022110443552_1.pdf,acumulado9m,actual,2022-01-01,2022-09-30,6,True,"Total, ingresos ordinarios",4222555,32,pdfplumber,OK
TV+,2022-09-30,data/raw/pdf/TV+/57121/2022110443552_1.pdf,acumulado9m,comparativo,2021-01-01,2021-09-30,6,True,"Total, ingresos ordinarios",3829362,32,pdfplumber,OK
TV+,2022-12-31,data/raw/pdf/TV+/68980/2023030131118_2.pdf,anual,actual,2022-01-01,2022-12-31,0,False,Ventas de publicidad,4372952,39,pdfplumber,OK
TV+,2022-12-31,data/raw/pdf/TV+/68980/2023030131118_2.pdf,anual,comparativo,2021-01-01,2021-12-31,0,False,Ventas de publicidad,4283508,39,pdfplumber,OK
TV+,2022-12-31,data/raw/pdf/TV+/68980/2023030131118_2.pdf,anual,actual,2022-01-01,2022-12-31,1,False,Venta infomerciales,873600,39,pdfplumber,OK
TV+,2022-12-31,data/raw/pdf/TV+/68980/2023030131118_2.pdf,anual,comparativo,2021-01-01,2021-12-31,1,False,Venta infomerciales,1080808,39,pdfplumber,OK
TV+,2022-12-31,data/raw/pdf/TV+/68980/2023030131118_2.pdf,anual,actual,2022-01-01,2022-12-31,2,False,Espacio de transmisión,305297,39,pdfplumber,OK
TV+,2022-12-31,data/raw/pdf/TV+/68980/2023030131118_2.pdf,anual,comparativo,2021-01-01,2021-12-31,2,False,Espacio de transmisión,84988,39,pdfplumber,OK
TV+,2022-12-31,data/raw/pdf/TV+/68980/2023030131118_2.pdf,anual,actual,2022-01-01,2022-12-31,3,False,Otros negocios,109928,39,pdfplumber,OK
TV+,2022-12-31,data/raw/pdf/TV+/68980/2023030131118_2.pdf,anual,comparativo,2021-01-01,2021-12-31,3,False,Otros negocios,68155,39,pdfplumber,OK
TV+,2022-12-31,data/raw/pdf/TV+/68980/2023030131118_2.pdf,anual,actual,2022-01-01,2022-12-31,4,False,Arriendo de estudios,535,39,pdfplumber,OK
TV+,2022-12-31,data/raw/pdf/TV+/68980/2023030131118_2.pdf,anual,comparativo,2021-01-01,2021-12-31,4,False,Arriendo de estudios,32056,39,pdfplumber,OK
TV+,2022-12-31,data/raw/pdf/TV+/68980/2023030131118_2.pdf,anual,actual,2022-01-01,2022-12-31,5,True,Total ingresos ordinarios,5662312,39,pdfplumber,OK
TV+,2022-12-31,data/raw/pdf/TV+/68980/2023030131118_2.pdf,anual,comparativo,2021-01-01,2021-12-31,5,True,Total ingresos ordinarios,5549515,39,pdfplumber,OK
TV+,2023-03-31,data/raw/pdf/TV+/70649/2023050230846_2.pdf,trimestre,actual,2023-01-01,2023-03-31,0,False,Ventas de VTR,3178,34,pdfplumber,OK
TV+,2023-03-31,data/raw/pdf/TV+/70649/2023050230846_2.pdf,trimestre,comparativo,2022-01-01,2022-03-31,0,False,Ventas de VTR,43892,34,pdfplumber,OK
TV+,2023-03-31,data/raw/pdf/TV+/70649/2023050230846_2.pdf,trimestre,actual,2023-01-01,2023-03-31,1,False,Venta publicidad,725639,34,pdfplumber,OK
TV+,2023-03-31,data/raw/pdf/TV+/70649/2023050230846_2.pdf,trimestre,comparativo,2022-01-01,2022-03-31,1,False,Venta publicidad,823574,34,pdfplumber,OK
TV+,2023-03-31,data/raw/pdf/TV+/70649/2023050230846_2.pdf,trimestre,actual,2023-01-01,2023-03-31,2,False,Venta de infomerciales,222600,34,pdfplumber,OK
TV+,2023-03-31,data/raw/pdf/TV+/70649/2023050230846_2.pdf,trimestre,comparativo,2022-01-01,2022-03-31,2,False,Venta de infomerciales,210000,34,pdfplumber,OK
TV+,2023-03-31,data/raw/pdf/TV+/70649/2023050230846_2.pdf,trimestre,actual,2023-01-01,2023-03-31,3,False,Espacio de transmisión,66385,34,pdfplumber,OK
TV+,2023-03-31,data/raw/pdf/TV+/70649/2023050230846_2.pdf,trimestre,comparativo,2022-01-01,2022-03-31,3,False,Espacio de transmisión,65870,34,pdfplumber,OK
TV+,2023-03-31,data/raw/pdf/TV+/70649/2023050230846_2.pdf,trimestre,actual,2023-01-01,2023-03-31,4,False,Otros negocios,47532,34,pdfplumber,OK
TV+,2023-03-31,data/raw/pdf/TV+/70649/2023050230846_2.pdf,trimestre,comparativo,2022-01-01,2022-03-31,4,False,Otros negocios,14916,34,pdfplumber,OK
TV+,2023-03-31,data/raw/pdf/TV+/70649/2023050230846_2.pdf,trimestre,actual,2023-01-01,2023-03-31,5,False,Venta de canje,38610,34,pdfplumber,OK
TV+,2023-03-31,data/raw/pdf/TV+/70649/2023050230846_2.pdf,trimestre,comparativo,2022-01-01,2022-03-31,5,False,Venta de canje,23916,34,pdfplumber,OK
TV+,2023-03-31,data/raw/pdf/TV+/70649/2023050230846_2.pdf,trimestre,actual,2023-01-01,2023-03-31,6,True,Total ingresos ordinarios,1103944,34,pdfplumber,OK
TV+,2023-03-31,data/raw/pdf/TV+/70649/2023050230846_2.pdf,trimestre,comparativo,2022-01-01,2022-03-31,6,True,Total ingresos ordinarios,1182169,34,pdfplumber,OK
TV+,2023-06-30,data/raw/pdf/TV+/73704/2023090382166-0 FECU JUNIO 2023.pdf,semestre,actual,2023-01-01,2023-06-30,0,False,Ventas de publicidad,1549682,37,pdfplumber,OK
TV+,2023-06-30,data/raw/pdf/TV+/73704/2023090382166-0 FECU JUNIO 2023.pdf,semestre,comparativo,2022-01-01,2022-06-30,0,False,Ventas de publicidad,2110744,37,pdfplumber,OK
TV+,2023-06-30,data/raw/pdf/TV+/73704/2023090382166-0 FECU JUNIO 2023.pdf,trimestre,actual,2023-04-01,2023-06-30,0,False,Ventas de publicidad,827954,37,pdfplumber,OK
TV+,2023-06-30,data/raw/pdf/TV+/73704/2023090382166-0 FECU JUNIO 2023.pdf,trimestre,comparativo,2022-04-01,2022-06-30,0,False,Ventas de publicidad,1217316,37,pdfplumber,OK
TV+,2023-06-30,data/raw/pdf/TV+/73704/2023090382166-0 FECU JUNIO 2023.pdf,semestre,actual,2023-01-01,2023-06-30,1,False,Arriendo infomerciales,445200,37,pdfplumber,OK
TV+,2023-06-30,data/raw/pdf/TV+/73704/2023090382166-0 FECU JUNIO 2023.pdf,semestre,comparativo,2022-01-01,2022-06-30,1,False,Arriendo infomerciales,428400,37,pdfplumber,OK
TV+,2023-06-30,data/raw/pdf/TV+/73704/2023090382166-0 FECU JUNIO 2023.pdf,trimestre,actual,2023-04-01,2023-06-30,1,False,Arriendo infomerciales,222600,37,pdfplumber,OK
TV+,2023-06-30,data/raw/pdf/TV+/73704/2023090382166-0 FECU JUNIO 2023.pdf,trimestre,comparativo,2022-04-01,2022-06-30,1,False,Arriendo infomerciales,218400,37,pdfplumber,OK
TV+,2023-06-30,data/raw/pdf/TV+/73704/2023090382166-0 FECU JUNIO 2023.pdf,semestre,actual,2023-01-01,2023-06-30,2,False,Espacio de transmisión,123340,37,pdfplumber,OK
TV+,2023-06-30,data/raw/pdf/TV+/73704/2023090382166-0 FECU JUNIO 2023.pdf,semestre,comparativo,2022-01-01,2022-06-30,2,False,Espacio de transmisión,141173,37,pdfplumber,OK
TV+,2023-06-30,data/raw/pdf/TV+/73704/2023090382166-0 FECU JUNIO 2023.pdf,trimestre,actual,2023-04-01,2023-06-30,2,False,Espacio de transmisión,56955,37,pdfplumber,OK
TV+,2023-06-30,data/raw/pdf/TV+/73704/2023090382166-0 FECU JUNIO 2023.pdf,trimestre,comparativo,2022-04-01,2022-06-30,2,False,Espacio de transmisión,75303,37,pdfplumber,OK
TV+,2023-06-30,data/raw/pdf/TV+/73704/2023090382166-0 FECU JUNIO 2023.pdf,semestre,actual,2023-01-01,2023-06-30,3,False,Otros negocios,109675,37,pdfplumber,OK
TV+,2023-06-30,data/raw/pdf/TV+/73704/2023090382166-0 FECU JUNIO 2023.pdf,semestre,comparativo,2022-01-01,2022-06-30,3,False,Otros negocios,41132,37,pdfplumber,OK
TV+,2023-06-30,data/raw/pdf/TV+/73704/2023090382166-0 FECU JUNIO 2023.pdf,trimestre,actual,2023-04-01,2023-06-30,3,False,Otros negocios,58233,37,pdfplumber,OK
TV+,2023-06-30,data/raw/pdf/TV+/73704/2023090382166-0 FECU JUNIO 2023.pdf,trimestre,comparativo,2022-04-01,2022-06-30,3,False,Otros negocios,26216,37,pdfplumber,OK
TV+,2023-06-30,data/raw/pdf/TV+/73704/2023090382166-0 FECU JUNIO 2023.pdf,semestre,actual,2023-01-01,2023-06-30,4,False,Venta canje,157017,37,pdfplumber,OK
TV+,2023-06-30,data/raw/pdf/TV+/73704/2023090382166-0 FECU JUNIO 2023.pdf,semestre,comparativo,2022-01-01,2022-06-30,4,False,Venta canje,0,37,pdfplumber,OK
TV+,2023-06-30,data/raw/pdf/TV+/73704/2023090382166-0 FECU JUNIO 2023.pdf,trimestre,actual,2023-04-01,2023-06-30,4,False,Venta canje,117629,37,pdfplumber,OK
TV+,2023-06-30,data/raw/pdf/TV+/73704/2023090382166-0 FECU JUNIO 2023.pdf,trimestre,comparativo,2022-04-01,2022-06-30,4,False,Venta canje,0,37,pdfplumber,OK
TV+,2023-06-30,data/raw/pdf/TV+/73704/2023090382166-0 FECU JUNIO 2023.pdf,semestre,actual,2023-01-01,2023-06-30,5,True,"Total, ingresos ordinarios",2384914,37,pdfplumber,OK
TV+,2023-06-30,data/raw/pdf/TV+/73704/2023090382166-0 FECU JUNIO 2023.pdf,semestre,comparativo,2022-01-01,2022-06-30,5,True,"Total, ingresos ordinarios",2721449,37,pdfplumber,OK
TV+,2023-06-30,data/raw/pdf/TV+/73704/2023090382166-0 FECU JUNIO 2023.pdf,trimestre,actual,2023-04-01,2023-06-30,5,True,"Total, ingresos ordinarios",1283371,37,pdfplumber,OK
TV+,2023-06-30,data/raw/pdf/TV+/73704/2023090382166-0 FECU JUNIO 2023.pdf,trimestre,comparativo,2022-04-01,2022-06-30,5,True,"Total, ingresos ordinarios",1537235,37,pdfplumber,OK
TV+,2023-09-30,data/raw/pdf/TV+/75787/2023110504810_1.pdf,acumulado9m,actual,2023-01-01,2023-09-30,0,False,Ventas de TV,2274637,32,pdfplumber,OK
TV+,2023-09-30,data/raw/pdf/TV+/75787/2023110504810_1.pdf,acumulado9m,comparativo,2022-01-01,2022-09-30,0,False,Ventas de TV,3016756,32,pdfplumber,OK
TV+,2023-09-30,data/raw/pdf/TV+/75787/2023110504810_1.pdf,acumulado9m,actual,2023-01-01,2023-09-30,1,False,Arriendo infomerciales,860450,32,pdfplumber,OK
TV+,2023-09-30,data/raw/pdf/TV+/75787/2023110504810_1.pdf,acumulado9m,comparativo,2022-01-01,2022-09-30,1,False,Arriendo infomerciales,651000,32,pdfplumber,OK
TV+,2023-09-30,data/raw/pdf/TV+/75787/2023110504810_1.pdf,acumulado9m,actual,2023-01-01,2023-09-30,2,False,Espacios de transmisión,0,32,pdfplumber,OK
TV+,2023-09-30,data/raw/pdf/TV+/75787/2023110504810_1.pdf,acumulado9m,comparativo,2022-01-01,2022-09-30,2,False,Espacios de transmisión,219996,32,pdfplumber,OK
TV+,2023-09-30,data/raw/pdf/TV+/75787/2023110504810_1.pdf,acumulado9m,actual,2023-01-01,2023-09-30,3,False,Otros negocios,154964,32,pdfplumber,OK
TV+,2023-09-30,data/raw/pdf/TV+/75787/2023110504810_1.pdf,acumulado9m,comparativo,2022-01-01,2022-09-30,3,False,Otros negocios,97744,32,pdfplumber,OK
TV+,2023-09-30,data/raw/pdf/TV+/75787/2023110504810_1.pdf,acumulado9m,actual,2023-01-01,2023-09-30,4,False,Arriendo de estudios,0,32,pdfplumber,OK
TV+,2023-09-30,data/raw/pdf/TV+/75787/2023110504810_1.pdf,acumulado9m,comparativo,2022-01-01,2022-09-30,4,False,Arriendo de estudios,535,32,pdfplumber,OK
TV+,2023-09-30,data/raw/pdf/TV+/75787/2023110504810_1.pdf,acumulado9m,actual,2023-01-01,2023-09-30,5,False,Cuentas canjes,266306,32,pdfplumber,OK
TV+,2023-09-30,data/raw/pdf/TV+/75787/2023110504810_1.pdf,acumulado9m,comparativo,2022-01-01,2022-09-30,5,False,Cuentas canjes,236524,32,pdfplumber,OK
TV+,2023-09-30,data/raw/pdf/TV+/75787/2023110504810_1.pdf,acumulado9m,actual,2023-01-01,2023-09-30,6,True,Total ingresos ordinarios,3556357,32,pdfplumber,OK
TV+,2023-09-30,data/raw/pdf/TV+/75787/2023110504810_1.pdf,acumulado9m,comparativo,2022-01-01,2022-09-30,6,True,Total ingresos ordinarios,4222555,32,pdfplumber,OK
TV+,2023-12-31,data/raw/pdf/TV+/79943/2024030188019_4.pdf,anual,actual,2023-01-01,2023-12-31,0,False,Ventas de publicidad,3372430,37,pdfplumber,OK
TV+,2023-12-31,data/raw/pdf/TV+/79943/2024030188019_4.pdf,anual,comparativo,2022-01-01,2022-12-31,0,False,Ventas de publicidad,4372952,37,pdfplumber,OK
TV+,2023-12-31,data/raw/pdf/TV+/79943/2024030188019_4.pdf,anual,actual,2023-01-01,2023-12-31,1,False,Arriendo espacio de transmisión,1133192,37,pdfplumber,OK
TV+,2023-12-31,data/raw/pdf/TV+/79943/2024030188019_4.pdf,anual,comparativo,2022-01-01,2022-12-31,1,False,Arriendo espacio de transmisión,1178897,37,pdfplumber,OK
TV+,2023-12-31,data/raw/pdf/TV+/79943/2024030188019_4.pdf,anual,actual,2023-01-01,2023-12-31,2,False,Otros negocios,200547,37,pdfplumber,OK
TV+,2023-12-31,data/raw/pdf/TV+/79943/2024030188019_4.pdf,anual,comparativo,2022-01-01,2022-12-31,2,False,Otros negocios,109928,37,pdfplumber,OK
TV+,2023-12-31,data/raw/pdf/TV+/79943/2024030188019_4.pdf,anual,actual,2023-01-01,2023-12-31,3,False,Arriendo de estudios,0,37,pdfplumber,OK
TV+,2023-12-31,data/raw/pdf/TV+/79943/2024030188019_4.pdf,anual,comparativo,2022-01-01,2022-12-31,3,False,Arriendo de estudios,535,37,pdfplumber,OK
TV+,2023-12-31,data/raw/pdf/TV+/79943/2024030188019_4.pdf,anual,actual,2023-01-01,2023-12-31,4,True,Total ingresos ordinarios,4706169,37,pdfplumber,OK
TV+,2023-12-31,data/raw/pdf/TV+/79943/2024030188019_4.pdf,anual,comparativo,2022-01-01,2022-12-31,4,True,Total ingresos ordinarios,5662312,37,pdfplumber,OK
TV+,2024-03-31,data/raw/pdf/TV+/82009/Estados financieros_0.pdf,trimestre,actual,2024-01-01,2024-03-31,0,False,Venta de publicidad,519777,34,pdfplumber,OK
TV+,2024-03-31,data/raw/pdf/TV+/82009/Estados financieros_0.pdf,trimestre,comparativo,2023-01-01,2023-03-31,0,False,Venta de publicidad,767427,34,pdfplumber,OK
TV+,2024-03-31,data/raw/pdf/TV+/82009/Estados financieros_0.pdf,trimestre,actual,2024-01-01,2024-03-31,1,False,Espacio de transmisión,268265,34,pdfplumber,OK
TV+,2024-03-31,data/raw/pdf/TV+/82009/Estados financieros_0.pdf,trimestre,comparativo,2023-01-01,2023-03-31,1,False,Espacio de transmisión,288985,34,pdfplumber,OK
TV+,2024-03-31,data/raw/pdf/TV+/82009/Estados financieros_0.pdf,trimestre,actual,2024-01-01,2024-03-31,2,False,Otros negocios,57310,34,pdfplumber,OK
TV+,2024-03-31,data/raw/pdf/TV+/82009/Estados financieros_0.pdf,trimestre,comparativo,2023-01-01,2023-03-31,2,False,Otros negocios,47532,34,pdfplumber,OK
TV+,2024-03-31,data/raw/pdf/TV+/82009/Estados financieros_0.pdf,trimestre,actual,2024-01-01,2024-03-31,3,True,Total ingresos ordinarios,845352,34,pdfplumber,OK
TV+,2024-03-31,data/raw/pdf/TV+/82009/Estados financieros_0.pdf,trimestre,comparativo,2023-01-01,2023-03-31,3,True,Total ingresos ordinarios,1103944,34,pdfplumber,OK
TV+,2024-06-30,data/raw/pdf/TV+/85362/2024090475132_3.pdf,semestre,actual,2024-01-01,2024-06-30,0,False,Ventas de publicidad,1286741,35,pdfplumber,OK
TV+,2024-06-30,data/raw/pdf/TV+/85362/2024090475132_3.pdf,semestre,comparativo,2023-01-01,2023-06-30,0,False,Ventas de publicidad,1706699,35,pdfplumber,OK
TV+,2024-06-30,data/raw/pdf/TV+/85362/2024090475132_3.pdf,trimestre,actual,2024-04-01,2024-06-30,0,False,Ventas de publicidad,766964,35,pdfplumber,OK
TV+,2024-06-30,data/raw/pdf/TV+/85362/2024090475132_3.pdf,trimestre,comparativo,2023-04-01,2023-06-30,0,False,Ventas de publicidad,945583,35,pdfplumber,OK
TV+,2024-06-30,data/raw/pdf/TV+/85362/2024090475132_3.pdf,semestre,actual,2024-01-01,2024-06-30,1,False,Arriendo infomerciales,383500,35,pdfplumber,OK
TV+,2024-06-30,data/raw/pdf/TV+/85362/2024090475132_3.pdf,semestre,comparativo,2023-01-01,2023-06-30,1,False,Arriendo infomerciales,445200,35,pdfplumber,OK
TV+,2024-06-30,data/raw/pdf/TV+/85362/2024090475132_3.pdf,trimestre,actual,2024-04-01,2024-06-30,1,False,Arriendo infomerciales,185500,35,pdfplumber,OK
TV+,2024-06-30,data/raw/pdf/TV+/85362/2024090475132_3.pdf,trimestre,comparativo,2023-04-01,2023-06-30,1,False,Arriendo infomerciales,222600,35,pdfplumber,OK
TV+,2024-06-30,data/raw/pdf/TV+/85362/2024090475132_3.pdf,semestre,actual,2024-01-01,2024-06-30,2,False,Espacio de transmisión,169144,35,pdfplumber,OK
TV+,2024-06-30,data/raw/pdf/TV+/85362/2024090475132_3.pdf,semestre,comparativo,2023-01-01,2023-06-30,2,False,Espacio de transmisión,123340,35,pdfplumber,OK
TV+,2024-06-30,data/raw/pdf/TV+/85362/2024090475132_3.pdf,trimestre,actual,2024-04-01,2024-06-30,2,False,Espacio de transmisión,98879,35,pdfplumber,OK
TV+,2024-06-30,data/raw/pdf/TV+/85362/2024090475132_3.pdf,trimestre,comparativo,2023-04-01,2023-06-30,2,False,Espacio de transmisión,56955,35,pdfplumber,OK
TV+,2024-06-30,data/raw/pdf/TV+/85362/2024090475132_3.pdf,semestre,actual,2024-01-01,2024-06-30,3,False,Otros negocios,128741,35,pdfplumber,OK
TV+,2024-06-30,data/raw/pdf/TV+/85362/2024090475132_3.pdf,semestre,comparativo,2023-01-01,2023-06-30,3,False,Otros negocios,109675,35,pdfplumber,OK
TV+,2024-06-30,data/raw/pdf/TV+/85362/2024090475132_3.pdf,trimestre,actual,2024-04-01,2024-06-30,3,False,Otros negocios,71431,35,pdfplumber,OK
TV+,2024-06-30,data/raw/pdf/TV+/85362/2024090475132_3.pdf,trimestre,comparativo,2023-04-01,2023-06-30,3,False,Otros negocios,58233,35,pdfplumber,OK
TV+,2024-06-30,data/raw/pdf/TV+/85362/2024090475132_3.pdf,semestre,actual,2024-01-01,2024-06-30,4,True,"Total, ingresos ordinarios",1968126,35,pdfplumber,OK
TV+,2024-06-30,data/raw/pdf/TV+/85362/2024090475132_3.pdf,semestre,comparativo,2023-01-01,2023-06-30,4,True,"Total, ingresos ordinarios",2384914,35,pdfplumber,OK
TV+,2024-06-30,data/raw/pdf/TV+/85362/2024090475132_3.pdf,trimestre,actual,2024-04-01,2024-06-30,4,True,"Total, ingresos ordinarios",1122774,35,pdfplumber,OK
TV+,2024-06-30,data/raw/pdf/TV+/85362/2024090475132_3.pdf,trimestre,comparativo,2023-04-01,2023-06-30,4,True,"Total, ingresos ordinarios",1283371,35,pdfplumber,OK
TV+,2024-09-30,data/raw/pdf/TV+/88272/2024110658811_2.pdf,acumulado9m,actual,2024-01-01,2024-09-30,0,False,Venta de publicidad,2106100,34,pdfplumber,OK
TV+,2024-09-30,data/raw/pdf/TV+/88272/2024110658811_2.pdf,acumulado9m,comparativo,2023-01-01,2023-09-30,0,False,Venta de publicidad,3401393,34,pdfplumber,OK
TV+,2024-09-30,data/raw/pdf/TV+/88272/2024110658811_2.pdf,acumulado9m,actual,2024-01-01,2024-09-30,1,False,Espacio de transmisión,837882,34,pdfplumber,OK
TV+,2024-09-30,data/raw/pdf/TV+/88272/2024110658811_2.pdf,acumulado9m,comparativo,2023-01-01,2023-09-30,1,False,Espacio de transmisión,0,34,pdfplumber,OK
TV+,2024-09-30,data/raw/pdf/TV+/88272/2024110658811_2.pdf,acumulado9m,actual,2024-01-01,2024-09-30,2,False,Otros negocios,189324,34,pdfplumber,OK
TV+,2024-09-30,data/raw/pdf/TV+/88272/2024110658811_2.pdf,acumulado9m,comparativo,2023-01-01,2023-09-30,2,False,Otros negocios,154964,34,pdfplumber,OK
TV+,2024-09-30,data/raw/pdf/TV+/88272/2024110658811_2.pdf,acumulado9m,actual,2024-01-01,2024-09-30,3,True,Total ingresos ordinarios,3133306,34,pdfplumber,OK
TV+,2024-09-30,data/raw/pdf/TV+/88272/2024110658811_2.pdf,acumulado9m,comparativo,2023-01-01,2023-09-30,3,True,Total ingresos ordinarios,3556357,34,pdfplumber,OK
TV+,2024-12-31,data/raw/pdf/TV+/93021/ESTADOS FINACIONEROS.pdf,anual,actual,2024-01-01,2024-12-31,0,False,Ventas de publicidad,2947077,38,pdfplumber,OK
TV+,2024-12-31,data/raw/pdf/TV+/93021/ESTADOS FINACIONEROS.pdf,anual,comparativo,2023-01-01,2023-12-31,0,False,Ventas de publicidad,3372430,38,pdfplumber,OK
TV+,2024-12-31,data/raw/pdf/TV+/93021/ESTADOS FINACIONEROS.pdf,anual,actual,2024-01-01,2024-12-31,1,False,Arriendo espacio de transmisión,1103828,38,pdfplumber,OK
TV+,2024-12-31,data/raw/pdf/TV+/93021/ESTADOS FINACIONEROS.pdf,anual,comparativo,2023-01-01,2023-12-31,1,False,Arriendo espacio de transmisión,1133192,38,pdfplumber,OK
TV+,2024-12-31,data/raw/pdf/TV+/93021/ESTADOS FINACIONEROS.pdf,anual,actual,2024-01-01,2024-12-31,2,False,Otros negocios,263397,38,pdfplumber,OK
TV+,2024-12-31,data/raw/pdf/TV+/93021/ESTADOS FINACIONEROS.pdf,anual,comparativo,2023-01-01,2023-12-31,2,False,Otros negocios,200547,38,pdfplumber,OK
TV+,2024-12-31,data/raw/pdf/TV+/93021/ESTADOS FINACIONEROS.pdf,anual,actual,2024-01-01,2024-12-31,3,True,Total ingresos ordinarios,4314302,38,pdfplumber,OK
TV+,2024-12-31,data/raw/pdf/TV+/93021/ESTADOS FINACIONEROS.pdf,anual,comparativo,2023-01-01,2023-12-31,3,True,Total ingresos ordinarios,4706169,38,pdfplumber,OK
TV+,2025-03-31,data/raw/pdf/TV+/95053/2025050381488_2.pdf,trimestre,actual,2025-01-01,2025-03-31,0,False,Ventas de publicidad,546067,33,pdfplumber,OK
TV+,2025-03-31,data/raw/pdf/TV+/95053/2025050381488_2.pdf,trimestre,comparativo,2024-01-01,2024-03-31,0,False,Ventas de publicidad,519777,33,pdfplumber,OK
TV+,2025-03-31,data/raw/pdf/TV+/95053/2025050381488_2.pdf,trimestre,actual,2025-01-01,2025-03-31,1,False,Arriendo espacio de transmisión,218853,33,pdfplumber,OK
TV+,2025-03-31,data/raw/pdf/TV+/95053/2025050381488_2.pdf,trimestre,comparativo,2024-01-01,2024-03-31,1,False,Arriendo espacio de transmisión,268265,33,pdfplumber,OK
TV+,2025-03-31,data/raw/pdf/TV+/95053/2025050381488_2.pdf,trimestre,actual,2025-01-01,2025-03-31,2,False,Otros negocios,72708,33,pdfplumber,OK
TV+,2025-03-31,data/raw/pdf/TV+/95053/2025050381488_2.pdf,trimestre,comparativo,2024-01-01,2024-03-31,2,False,Otros negocios,57310,33,pdfplumber,OK
TV+,2025-03-31,data/raw/pdf/TV+/95053/2025050381488_2.pdf,trimestre,actual,2025-01-01,2025-03-31,3,True,Total ingresos ordinarios,837628,33,pdfplumber,OK
TV+,2025-03-31,data/raw/pdf/TV+/95053/2025050381488_2.pdf,trimestre,comparativo,2024-01-01,2024-03-31,3,True,Total ingresos ordinarios,845352,33,pdfplumber,OK
TV+,2025-06-30,data/raw/pdf/TV+/98826/2025090624759_3.pdf,semestre,actual,2025-01-01,2025-06-30,0,False,Ventas de publicidad,1140441,35,pdfplumber,OK
TV+,2025-06-30,data/raw/pdf/TV+/98826/2025090624759_3.pdf,semestre,comparativo,2024-01-01,2024-06-30,0,False,Ventas de publicidad,1286741,35,pdfplumber,OK
TV+,2025-06-30,data/raw/pdf/TV+/98826/2025090624759_3.pdf,trimestre,actual,2025-04-01,2025-06-30,0,False,Ventas de publicidad,594374,35,pdfplumber,OK
TV+,2025-06-30,data/raw/pdf/TV+/98826/2025090624759_3.pdf,trimestre,comparativo,2024-04-01,2024-06-30,0,False,Ventas de publicidad,766964,35,pdfplumber,OK
TV+,2025-06-30,data/raw/pdf/TV+/98826/2025090624759_3.pdf,semestre,actual,2025-01-01,2025-06-30,1,False,Arriendo infomerciales,441480,35,pdfplumber,OK
TV+,2025-06-30,data/raw/pdf/TV+/98826/2025090624759_3.pdf,semestre,comparativo,2024-01-01,2024-06-30,1,False,Arriendo infomerciales,552644,35,pdfplumber,OK
TV+,2025-06-30,data/raw/pdf/TV+/98826/2025090624759_3.pdf,trimestre,actual,2025-04-01,2025-06-30,1,False,Arriendo infomerciales,222628,35,pdfplumber,OK
TV+,2025-06-30,data/raw/pdf/TV+/98826/2025090624759_3.pdf,trimestre,comparativo,2024-04-01,2024-06-30,1,False,Arriendo infomerciales,284379,35,pdfplumber,OK
TV+,2025-06-30,data/raw/pdf/TV+/98826/2025090624759_3.pdf,semestre,actual,2025-01-01,2025-06-30,2,False,Otros negocios,144680,35,pdfplumber,OK
TV+,2025-06-30,data/raw/pdf/TV+/98826/2025090624759_3.pdf,semestre,comparativo,2024-01-01,2024-06-30,2,False,Otros negocios,128741,35,pdfplumber,OK
TV+,2025-06-30,data/raw/pdf/TV+/98826/2025090624759_3.pdf,trimestre,actual,2025-04-01,2025-06-30,2,False,Otros negocios,71971,35,pdfplumber,OK
TV+,2025-06-30,data/raw/pdf/TV+/98826/2025090624759_3.pdf,trimestre,comparativo,2024-04-01,2024-06-30,2,False,Otros negocios,71431,35,pdfplumber,OK
TV+,2025-06-30,data/raw/pdf/TV+/98826/2025090624759_3.pdf,semestre,actual,2025-01-01,2025-06-30,3,True,"Total, ingresos ordinarios",1726601,35,pdfplumber,OK
TV+,2025-06-30,data/raw/pdf/TV+/98826/2025090624759_3.pdf,semestre,comparativo,2024-01-01,2024-06-30,3,True,"Total, ingresos ordinarios",1968126,35,pdfplumber,OK
TV+,2025-06-30,data/raw/pdf/TV+/98826/2025090624759_3.pdf,trimestre,actual,2025-04-01,2025-06-30,3,True,"Total, ingresos ordinarios",888973,35,pdfplumber,OK
TV+,2025-06-30,data/raw/pdf/TV+/98826/2025090624759_3.pdf,trimestre,comparativo,2024-04-01,2024-06-30,3,True,"Total, ingresos ordinarios",1122774,35,pdfplumber,OK
TV+,2025-09-30,data/raw/pdf/TV+/101643/Estados financieros.pdf,acumulado9m,actual,2025-01-01,2025-09-30,0,False,Venta de publicidad,1757331,34,pdfplumber,OK
TV+,2025-09-30,data/raw/pdf/TV+/101643/Estados financieros.pdf,acumulado9m,comparativo,2024-01-01,2024-09-30,0,False,Venta de publicidad,2106100,34,pdfplumber,OK
TV+,2025-09-30,data/raw/pdf/TV+/101643/Estados financieros.pdf,acumulado9m,actual,2025-01-01,2025-09-30,1,False,Espacio de transmisión,701246,34,pdfplumber,OK
TV+,2025-09-30,data/raw/pdf/TV+/101643/Estados financieros.pdf,acumulado9m,comparativo,2024-01-01,2024-09-30,1,False,Espacio de transmisión,837882,34,pdfplumber,OK
TV+,2025-09-30,data/raw/pdf/TV+/101643/Estados financieros.pdf,acumulado9m,actual,2025-01-01,2025-09-30,2,False,Otros negocios,241606,34,pdfplumber,OK
TV+,2025-09-30,data/raw/pdf/TV+/101643/Estados financieros.pdf,acumulado9m,comparativo,2024-01-01,2024-09-30,2,False,Otros negocios,189324,34,pdfplumber,OK
TV+,2025-09-30,data/raw/pdf/TV+/101643/Estados financieros.pdf,acumulado9m,actual,2025-01-01,2025-09-30,3,True,Total ingresos ordinarios,2700183,34,pdfplumber,OK
TV+,2025-09-30,data/raw/pdf/TV+/101643/Estados financieros.pdf,acumulado9m,comparativo,2024-01-01,2024-09-30,3,True,Total ingresos ordinarios,3133306,34,pdfplumber,OK
TV+,2025-12-31,data/raw/pdf/TV+/109185/2026030214030_2.pdf,anual,actual,2025-01-01,2025-12-31,0,False,Ventas de publicidad,2367726,38,pdfplumber,OK
TV+,2025-12-31,data/raw/pdf/TV+/109185/2026030214030_2.pdf,anual,comparativo,2024-01-01,2024-12-31,0,False,Ventas de publicidad,2947077,38,pdfplumber,OK
TV+,2025-12-31,data/raw/pdf/TV+/109185/2026030214030_2.pdf,anual,actual,2025-01-01,2025-12-31,1,False,Arriendo espacio de transmisión,998525,38,pdfplumber,OK
TV+,2025-12-31,data/raw/pdf/TV+/109185/2026030214030_2.pdf,anual,comparativo,2024-01-01,2024-12-31,1,False,Arriendo espacio de transmisión,1103828,38,pdfplumber,OK
TV+,2025-12-31,data/raw/pdf/TV+/109185/2026030214030_2.pdf,anual,actual,2025-01-01,2025-12-31,2,False,Otros negocios,358396,38,pdfplumber,OK
TV+,2025-12-31,data/raw/pdf/TV+/109185/2026030214030_2.pdf,anual,comparativo,2024-01-01,2024-12-31,2,False,Otros negocios,263397,38,pdfplumber,OK
TV+,2025-12-31,data/raw/pdf/TV+/109185/2026030214030_2.pdf,anual,actual,2025-01-01,2025-12-31,3,True,Total ingresos ordinarios,3724647,38,pdfplumber,OK
TV+,2025-12-31,data/raw/pdf/TV+/109185/2026030214030_2.pdf,anual,comparativo,2024-01-01,2024-12-31,3,True,Total ingresos ordinarios,4314302,38,pdfplumber,OK
TV+,2026-03-31,data/raw/pdf/TV+/111128/2026050359074_2.pdf,trimestre,actual,2026-01-01,2026-03-31,0,False,Ventas de publicidad,328979,34,pdfplumber,OK
TV+,2026-03-31,data/raw/pdf/TV+/111128/2026050359074_2.pdf,trimestre,comparativo,2025-01-01,2025-03-31,0,False,Ventas de publicidad,546067,34,pdfplumber,OK
TV+,2026-03-31,data/raw/pdf/TV+/111128/2026050359074_2.pdf,trimestre,actual,2026-01-01,2026-03-31,1,False,Arriendo espacio de transmisión,183620,34,pdfplumber,OK
TV+,2026-03-31,data/raw/pdf/TV+/111128/2026050359074_2.pdf,trimestre,comparativo,2025-01-01,2025-03-31,1,False,Arriendo espacio de transmisión,218853,34,pdfplumber,OK
TV+,2026-03-31,data/raw/pdf/TV+/111128/2026050359074_2.pdf,trimestre,actual,2026-01-01,2026-03-31,2,False,Otros negocios,144275,34,pdfplumber,OK
TV+,2026-03-31,data/raw/pdf/TV+/111128/2026050359074_2.pdf,trimestre,comparativo,2025-01-01,2025-03-31,2,False,Otros negocios,72708,34,pdfplumber,OK
TV+,2026-03-31,data/raw/pdf/TV+/111128/2026050359074_2.pdf,trimestre,actual,2026-01-01,2026-03-31,3,True,Total ingresos ordinarios,656874,34,pdfplumber,OK
TV+,2026-03-31,data/raw/pdf/TV+/111128/2026050359074_2.pdf,trimestre,comparativo,2025-01-01,2025-03-31,3,True,Total ingresos ordinarios,837628,34,pdfplumber,OK
TV+,2026-06-30,data/raw/pdf/TV+/113712/2026090594782-2.pdf,semestre,actual,2026-01-01,2026-06-30,0,False,Ventas de publicidad,682529,40,pdfplumber,OK
TV+,2026-06-30,data/raw/pdf/TV+/113712/2026090594782-2.pdf,semestre,comparativo,2025-01-01,2025-06-30,0,False,Ventas de publicidad,1140441,40,pdfplumber,OK
TV+,2026-06-30,data/raw/pdf/TV+/113712/2026090594782-2.pdf,trimestre,actual,2026-04-01,2026-06-30,0,False,Ventas de publicidad,353550,40,pdfplumber,OK
TV+,2026-06-30,data/raw/pdf/TV+/113712/2026090594782-2.pdf,trimestre,comparativo,2025-04-01,2025-06-30,0,False,Ventas de publicidad,594374,40,pdfplumber,OK
TV+,2026-06-30,data/raw/pdf/TV+/113712/2026090594782-2.pdf,semestre,actual,2026-01-01,2026-06-30,1,False,Arriendo infomerciales,413530,40,pdfplumber,OK
TV+,2026-06-30,data/raw/pdf/TV+/113712/2026090594782-2.pdf,semestre,comparativo,2025-01-01,2025-06-30,1,False,Arriendo infomerciales,441480,40,pdfplumber,OK
TV+,2026-06-30,data/raw/pdf/TV+/113712/2026090594782-2.pdf,trimestre,actual,2026-04-01,2026-06-30,1,False,Arriendo infomerciales,229910,40,pdfplumber,OK
TV+,2026-06-30,data/raw/pdf/TV+/113712/2026090594782-2.pdf,trimestre,comparativo,2025-04-01,2025-06-30,1,False,Arriendo infomerciales,222628,40,pdfplumber,OK
TV+,2026-06-30,data/raw/pdf/TV+/113712/2026090594782-2.pdf,semestre,actual,2026-01-01,2026-06-30,2,False,Otros negocios,270073,40,pdfplumber,OK
TV+,2026-06-30,data/raw/pdf/TV+/113712/2026090594782-2.pdf,semestre,comparativo,2025-01-01,2025-06-30,2,False,Otros negocios,144680,40,pdfplumber,OK
TV+,2026-06-30,data/raw/pdf/TV+/113712/2026090594782-2.pdf,trimestre,actual,2026-04-01,2026-06-30,2,False,Otros negocios,125798,40,pdfplumber,OK
TV+,2026-06-30,data/raw/pdf/TV+/113712/2026090594782-2.pdf,trimestre,comparativo,2025-04-01,2025-06-30,2,False,Otros negocios,71971,40,pdfplumber,OK
TV+,2026-06-30,data/raw/pdf/TV+/113712/2026090594782-2.pdf,semestre,actual,2026-01-01,2026-06-30,3,True,"Total, ingresos ordinarios",1366132,40,pdfplumber,OK
TV+,2026-06-30,data/raw/pdf/TV+/113712/2026090594782-2.pdf,semestre,comparativo,2025-01-01,2025-06-30,3,True,"Total, ingresos ordinarios",1726601,40,pdfplumber,OK
TV+,2026-06-30,data/raw/pdf/TV+/113712/2026090594782-2.pdf,trimestre,actual,2026-04-01,2026-06-30,3,True,"Total, ingresos ordinarios",709258,40,pdfplumber,OK
TV+,2026-06-30,data/raw/pdf/TV+/113712/2026090594782-2.pdf,trimestre,comparativo,2025-04-01,2025-06-30,3,True,"Total, ingresos ordinarios",888973,40,pdfplumber,OK
TVN,2011-06-30,data/raw/pdf/TVN/Estados-Financieros-TVN-2011-06/Estados-Financieros-TVN-2011-06.pdf,semestre,actual,2011-01-01,2011-06-30,0,False,Ingresos por Publicidad,34428764,83,pdfplumber,OK
TVN,2011-06-30,data/raw/pdf/TVN/Estados-Financieros-TVN-2011-06/Estados-Financieros-TVN-2011-06.pdf,semestre,comparativo,2010-01-01,2010-06-30,0,False,Ingresos por Publicidad,34183119,83,pdfplumber,OK
TVN,2011-06-30,data/raw/pdf/TVN/Estados-Financieros-TVN-2011-06/Estados-Financieros-TVN-2011-06.pdf,trimestre,actual,2011-04-01,2011-06-30,0,False,Ingresos por Publicidad,19224541,83,pdfplumber,OK
TVN,2011-06-30,data/raw/pdf/TVN/Estados-Financieros-TVN-2011-06/Estados-Financieros-TVN-2011-06.pdf,trimestre,comparativo,2010-04-01,2010-06-30,0,False,Ingresos por Publicidad,21622102,83,pdfplumber,OK
TVN,2011-06-30,data/raw/pdf/TVN/Estados-Financieros-TVN-2011-06/Estados-Financieros-TVN-2011-06.pdf,semestre,actual,2011-01-01,2011-06-30,1,False,Otros Ingresos,1903508,83,pdfplumber,OK
TVN,2011-06-30,data/raw/pdf/TVN/Estados-Financieros-TVN-2011-06/Estados-Financieros-TVN-2011-06.pdf,semestre,comparativo,2010-01-01,2010-06-30,1,False,Otros Ingresos,1823840,83,pdfplumber,OK
TVN,2011-06-30,data/raw/pdf/TVN/Estados-Financieros-TVN-2011-06/Estados-Financieros-TVN-2011-06.pdf,trimestre,actual,2011-04-01,2011-06-30,1,False,Otros Ingresos,988492,83,pdfplumber,OK
TVN,2011-06-30,data/raw/pdf/TVN/Estados-Financieros-TVN-2011-06/Estados-Financieros-TVN-2011-06.pdf,trimestre,comparativo,2010-04-01,2010-06-30,1,False,Otros Ingresos,956348,83,pdfplumber,OK
TVN,2011-06-30,data/raw/pdf/TVN/Estados-Financieros-TVN-2011-06/Estados-Financieros-TVN-2011-06.pdf,semestre,actual,2011-01-01,2011-06-30,2,True,Total,36332272,83,pdfplumber,OK
TVN,2011-06-30,data/raw/pdf/TVN/Estados-Financieros-TVN-2011-06/Estados-Financieros-TVN-2011-06.pdf,semestre,comparativo,2010-01-01,2010-06-30,2,True,Total,36006959,83,pdfplumber,OK
TVN,2011-06-30,data/raw/pdf/TVN/Estados-Financieros-TVN-2011-06/Estados-Financieros-TVN-2011-06.pdf,trimestre,actual,2011-04-01,2011-06-30,2,True,Total,20213033,83,pdfplumber,OK
TVN,2011-06-30,data/raw/pdf/TVN/Estados-Financieros-TVN-2011-06/Estados-Financieros-TVN-2011-06.pdf,trimestre,comparativo,2010-04-01,2010-06-30,2,True,Total,22578450,83,pdfplumber,OK
TVN,2011-12-31,data/raw/pdf/TVN/Estados-Financieros-TVN-2011-12/Estados-Financieros-TVN-2011-12.pdf,anual,actual,2011-01-01,2011-12-31,0,False,Ingresos por Publicidad,76266571,70,pdfplumber,OK
TVN,2011-12-31,data/raw/pdf/TVN/Estados-Financieros-TVN-2011-12/Estados-Financieros-TVN-2011-12.pdf,anual,comparativo,2010-01-01,2010-12-31,0,False,Ingresos por Publicidad,77362620,70,pdfplumber,OK
TVN,2011-12-31,data/raw/pdf/TVN/Estados-Financieros-TVN-2011-12/Estados-Financieros-TVN-2011-12.pdf,trimestre,actual,2011-10-01,2011-12-31,0,False,Ingresos por Publicidad,22118166,70,pdfplumber,OK
TVN,2011-12-31,data/raw/pdf/TVN/Estados-Financieros-TVN-2011-12/Estados-Financieros-TVN-2011-12.pdf,trimestre,comparativo,2010-10-01,2010-12-31,0,False,Ingresos por Publicidad,22160194,70,pdfplumber,OK
TVN,2011-12-31,data/raw/pdf/TVN/Estados-Financieros-TVN-2011-12/Estados-Financieros-TVN-2011-12.pdf,anual,actual,2011-01-01,2011-12-31,1,False,Otros Ingresos,3980039,70,pdfplumber,OK
TVN,2011-12-31,data/raw/pdf/TVN/Estados-Financieros-TVN-2011-12/Estados-Financieros-TVN-2011-12.pdf,anual,comparativo,2010-01-01,2010-12-31,1,False,Otros Ingresos,3763962,70,pdfplumber,OK
TVN,2011-12-31,data/raw/pdf/TVN/Estados-Financieros-TVN-2011-12/Estados-Financieros-TVN-2011-12.pdf,trimestre,actual,2011-10-01,2011-12-31,1,False,Otros Ingresos,1053884,70,pdfplumber,OK
TVN,2011-12-31,data/raw/pdf/TVN/Estados-Financieros-TVN-2011-12/Estados-Financieros-TVN-2011-12.pdf,trimestre,comparativo,2010-10-01,2010-12-31,1,False,Otros Ingresos,820118,70,pdfplumber,OK
TVN,2011-12-31,data/raw/pdf/TVN/Estados-Financieros-TVN-2011-12/Estados-Financieros-TVN-2011-12.pdf,anual,actual,2011-01-01,2011-12-31,2,True,Total,80246610,70,pdfplumber,OK
TVN,2011-12-31,data/raw/pdf/TVN/Estados-Financieros-TVN-2011-12/Estados-Financieros-TVN-2011-12.pdf,anual,comparativo,2010-01-01,2010-12-31,2,True,Total,81126582,70,pdfplumber,OK
TVN,2011-12-31,data/raw/pdf/TVN/Estados-Financieros-TVN-2011-12/Estados-Financieros-TVN-2011-12.pdf,trimestre,actual,2011-10-01,2011-12-31,2,True,Total,23172050,70,pdfplumber,OK
TVN,2011-12-31,data/raw/pdf/TVN/Estados-Financieros-TVN-2011-12/Estados-Financieros-TVN-2011-12.pdf,trimestre,comparativo,2010-10-01,2010-12-31,2,True,Total,22980312,70,pdfplumber,OK
TVN,2012-06-30,data/raw/pdf/TVN/Estados-Financieros-TVN-2012-06/Estados-Financieros-TVN-2012-06.pdf,semestre,actual,2012-01-01,2012-06-30,0,False,Ingresos por Publicidad en televisión abierta e Internet,31130985,68,pdfplumber,OK
TVN,2012-06-30,data/raw/pdf/TVN/Estados-Financieros-TVN-2012-06/Estados-Financieros-TVN-2012-06.pdf,semestre,comparativo,2011-01-01,2011-06-30,0,False,Ingresos por Publicidad en televisión abierta e Internet,34019176,68,pdfplumber,OK
TVN,2012-06-30,data/raw/pdf/TVN/Estados-Financieros-TVN-2012-06/Estados-Financieros-TVN-2012-06.pdf,trimestre,actual,2012-04-01,2012-06-30,0,False,Ingresos por Publicidad en televisión abierta e Internet,18162484,68,pdfplumber,OK
TVN,2012-06-30,data/raw/pdf/TVN/Estados-Financieros-TVN-2012-06/Estados-Financieros-TVN-2012-06.pdf,trimestre,comparativo,2011-04-01,2011-06-30,0,False,Ingresos por Publicidad en televisión abierta e Internet,19004082,68,pdfplumber,OK
TVN,2012-06-30,data/raw/pdf/TVN/Estados-Financieros-TVN-2012-06/Estados-Financieros-TVN-2012-06.pdf,semestre,actual,2012-01-01,2012-06-30,1,False,Otros Ingresos,2342257,68,pdfplumber,OK
TVN,2012-06-30,data/raw/pdf/TVN/Estados-Financieros-TVN-2012-06/Estados-Financieros-TVN-2012-06.pdf,semestre,comparativo,2011-01-01,2011-06-30,1,False,Otros Ingresos,2313096,68,pdfplumber,OK
TVN,2012-06-30,data/raw/pdf/TVN/Estados-Financieros-TVN-2012-06/Estados-Financieros-TVN-2012-06.pdf,trimestre,actual,2012-04-01,2012-06-30,1,False,Otros Ingresos,1210177,68,pdfplumber,OK
TVN,2012-06-30,data/raw/pdf/TVN/Estados-Financieros-TVN-2012-06/Estados-Financieros-TVN-2012-06.pdf,trimestre,comparativo,2011-04-01,2011-06-30,1,False,Otros Ingresos,1208951,68,pdfplumber,OK
TVN,2012-06-30,data/raw/pdf/TVN/Estados-Financieros-TVN-2012-06/Estados-Financieros-TVN-2012-06.pdf,semestre,actual,2012-01-01,2012-06-30,2,True,Total,33473242,68,pdfplumber,OK
TVN,2012-06-30,data/raw/pdf/TVN/Estados-Financieros-TVN-2012-06/Estados-Financieros-TVN-2012-06.pdf,semestre,comparativo,2011-01-01,2011-06-30,2,True,Total,36332272,68,pdfplumber,OK
TVN,2012-06-30,data/raw/pdf/TVN/Estados-Financieros-TVN-2012-06/Estados-Financieros-TVN-2012-06.pdf,trimestre,actual,2012-04-01,2012-06-30,2,True,Total,19372661,68,pdfplumber,OK
TVN,2012-06-30,data/raw/pdf/TVN/Estados-Financieros-TVN-2012-06/Estados-Financieros-TVN-2012-06.pdf,trimestre,comparativo,2011-04-01,2011-06-30,2,True,Total,20213033,68,pdfplumber,OK
TVN,2012-12-31,data/raw/pdf/TVN/Estados-Financieros-TVN-2012-12/Estados-Financieros-TVN-2012-12.pdf,anual,actual,2012-01-01,2012-12-31,0,False,Ingresos por Publicidad en televisión abierta e internet,72464626,74,pdfplumber,OK
TVN,2012-12-31,data/raw/pdf/TVN/Estados-Financieros-TVN-2012-12/Estados-Financieros-TVN-2012-12.pdf,anual,comparativo,2011-01-01,2011-12-31,0,False,Ingresos por Publicidad en televisión abierta e internet,75424588,74,pdfplumber,OK
TVN,2012-12-31,data/raw/pdf/TVN/Estados-Financieros-TVN-2012-12/Estados-Financieros-TVN-2012-12.pdf,trimestre,actual,2012-10-01,2012-12-31,0,False,Ingresos por Publicidad en televisión abierta e internet,22194665,74,pdfplumber,OK
TVN,2012-12-31,data/raw/pdf/TVN/Estados-Financieros-TVN-2012-12/Estados-Financieros-TVN-2012-12.pdf,trimestre,comparativo,2011-10-01,2011-12-31,0,False,Ingresos por Publicidad en televisión abierta e internet,21884309,74,pdfplumber,OK
TVN,2012-12-31,data/raw/pdf/TVN/Estados-Financieros-TVN-2012-12/Estados-Financieros-TVN-2012-12.pdf,anual,actual,2012-01-01,2012-12-31,1,False,Otros Ingresos,4967518,74,pdfplumber,OK
TVN,2012-12-31,data/raw/pdf/TVN/Estados-Financieros-TVN-2012-12/Estados-Financieros-TVN-2012-12.pdf,anual,comparativo,2011-01-01,2011-12-31,1,False,Otros Ingresos,4822022,74,pdfplumber,OK
TVN,2012-12-31,data/raw/pdf/TVN/Estados-Financieros-TVN-2012-12/Estados-Financieros-TVN-2012-12.pdf,trimestre,actual,2012-10-01,2012-12-31,1,False,Otros Ingresos,1198379,74,pdfplumber,OK
TVN,2012-12-31,data/raw/pdf/TVN/Estados-Financieros-TVN-2012-12/Estados-Financieros-TVN-2012-12.pdf,trimestre,comparativo,2011-10-01,2011-12-31,1,False,Otros Ingresos,1287741,74,pdfplumber,OK
TVN,2012-12-31,data/raw/pdf/TVN/Estados-Financieros-TVN-2012-12/Estados-Financieros-TVN-2012-12.pdf,anual,actual,2012-01-01,2012-12-31,2,True,Total,77432144,74,pdfplumber,OK
TVN,2012-12-31,data/raw/pdf/TVN/Estados-Financieros-TVN-2012-12/Estados-Financieros-TVN-2012-12.pdf,anual,comparativo,2011-01-01,2011-12-31,2,True,Total,80246610,74,pdfplumber,OK
TVN,2012-12-31,data/raw/pdf/TVN/Estados-Financieros-TVN-2012-12/Estados-Financieros-TVN-2012-12.pdf,trimestre,actual,2012-10-01,2012-12-31,2,True,Total,23393044,74,pdfplumber,OK
TVN,2012-12-31,data/raw/pdf/TVN/Estados-Financieros-TVN-2012-12/Estados-Financieros-TVN-2012-12.pdf,trimestre,comparativo,2011-10-01,2011-12-31,2,True,Total,23172050,74,pdfplumber,OK
TVN,2013-06-30,data/raw/pdf/TVN/Estados-Financieros-TVN-2013-06/Estados-Financieros-TVN-2013-06.pdf,semestre,actual,2013-01-01,2013-06-30,0,False,Ingresos por Publicidad en televisión abierta e internet,32907925,73,pdfplumber,REVISAR
TVN,2013-06-30,data/raw/pdf/TVN/Estados-Financieros-TVN-2013-06/Estados-Financieros-TVN-2013-06.pdf,semestre,comparativo,2012-01-01,2012-06-30,0,False,Ingresos por Publicidad en televisión abierta e internet,31130985,73,pdfplumber,REVISAR
TVN,2013-06-30,data/raw/pdf/TVN/Estados-Financieros-TVN-2013-06/Estados-Financieros-TVN-2013-06.pdf,trimestre,actual,2013-04-01,2013-06-30,0,False,Ingresos por Publicidad en televisión abierta e internet,18249485,73,pdfplumber,REVISAR
TVN,2013-06-30,data/raw/pdf/TVN/Estados-Financieros-TVN-2013-06/Estados-Financieros-TVN-2013-06.pdf,trimestre,comparativo,2012-04-01,2012-06-30,0,False,Ingresos por Publicidad en televisión abierta e internet,18162483,73,pdfplumber,REVISAR
TVN,2013-06-30,data/raw/pdf/TVN/Estados-Financieros-TVN-2013-06/Estados-Financieros-TVN-2013-06.pdf,semestre,actual,2013-01-01,2013-06-30,1,False,Otros Ingresos,3038060,73,pdfplumber,REVISAR
TVN,2013-06-30,data/raw/pdf/TVN/Estados-Financieros-TVN-2013-06/Estados-Financieros-TVN-2013-06.pdf,semestre,comparativo,2012-01-01,2012-06-30,1,False,Otros Ingresos,2342257,73,pdfplumber,REVISAR
TVN,2013-06-30,data/raw/pdf/TVN/Estados-Financieros-TVN-2013-06/Estados-Financieros-TVN-2013-06.pdf,trimestre,actual,2013-04-01,2013-06-30,1,False,Otros Ingresos,1796160,73,pdfplumber,REVISAR
TVN,2013-06-30,data/raw/pdf/TVN/Estados-Financieros-TVN-2013-06/Estados-Financieros-TVN-2013-06.pdf,trimestre,comparativo,2012-04-01,2012-06-30,1,False,Otros Ingresos,1210178,73,pdfplumber,REVISAR
TVN,2013-06-30,data/raw/pdf/TVN/Estados-Financieros-TVN-2013-06/Estados-Financieros-TVN-2013-06.pdf,semestre,actual,2013-01-01,2013-06-30,2,True,Total,35945985,73,pdfplumber,REVISAR
TVN,2013-06-30,data/raw/pdf/TVN/Estados-Financieros-TVN-2013-06/Estados-Financieros-TVN-2013-06.pdf,semestre,comparativo,2012-01-01,2012-06-30,2,True,Total,33473242,73,pdfplumber,REVISAR
TVN,2013-06-30,data/raw/pdf/TVN/Estados-Financieros-TVN-2013-06/Estados-Financieros-TVN-2013-06.pdf,trimestre,actual,2013-04-01,2013-06-30,2,True,Total,20045645,73,pdfplumber,REVISAR
TVN,2013-06-30,data/raw/pdf/TVN/Estados-Financieros-TVN-2013-06/Estados-Financieros-TVN-2013-06.pdf,trimestre,comparativo,2012-04-01,2012-06-30,2,True,Total,19372661,73,pdfplumber,REVISAR
TVN,2013-12-31,data/raw/pdf/TVN/Estados-Financieros-TVN-2013-12/Estados-Financieros-TVN-2013-12.pdf,anual,actual,2013-01-01,2013-12-31,0,False,Ingresos por Publicidad en televisión abierta e internet,71441095,74,pdfplumber,OK
TVN,2013-12-31,data/raw/pdf/TVN/Estados-Financieros-TVN-2013-12/Estados-Financieros-TVN-2013-12.pdf,anual,comparativo,2012-01-01,2012-12-31,0,False,Ingresos por Publicidad en televisión abierta e internet,72464626,74,pdfplumber,OK
TVN,2013-12-31,data/raw/pdf/TVN/Estados-Financieros-TVN-2013-12/Estados-Financieros-TVN-2013-12.pdf,anual,actual,2013-01-01,2013-12-31,1,False,Otros Ingresos,7329221,74,pdfplumber,OK
TVN,2013-12-31,data/raw/pdf/TVN/Estados-Financieros-TVN-2013-12/Estados-Financieros-TVN-2013-12.pdf,anual,comparativo,2012-01-01,2012-12-31,1,False,Otros Ingresos,4967518,74,pdfplumber,OK
TVN,2013-12-31,data/raw/pdf/TVN/Estados-Financieros-TVN-2013-12/Estados-Financieros-TVN-2013-12.pdf,anual,actual,2013-01-01,2013-12-31,2,True,Total,78770316,74,pdfplumber,OK
TVN,2013-12-31,data/raw/pdf/TVN/Estados-Financieros-TVN-2013-12/Estados-Financieros-TVN-2013-12.pdf,anual,comparativo,2012-01-01,2012-12-31,2,True,Total,77432144,74,pdfplumber,OK
TVN,2014-12-31,data/raw/pdf/TVN/Estados-Financieros-TVN-2014-12/Estados-Financieros-TVN-2014-12.pdf,anual,actual,2014-01-01,2014-12-31,0,False,Ingresos por Publicidad en televisión abierta e internet,67042108,79,pdfplumber,OK
TVN,2014-12-31,data/raw/pdf/TVN/Estados-Financieros-TVN-2014-12/Estados-Financieros-TVN-2014-12.pdf,anual,comparativo,2013-01-01,2013-12-31,0,False,Ingresos por Publicidad en televisión abierta e internet,71441095,79,pdfplumber,OK
TVN,2014-12-31,data/raw/pdf/TVN/Estados-Financieros-TVN-2014-12/Estados-Financieros-TVN-2014-12.pdf,anual,actual,2014-01-01,2014-12-31,1,False,Otros Ingresos,8819559,79,pdfplumber,OK
TVN,2014-12-31,data/raw/pdf/TVN/Estados-Financieros-TVN-2014-12/Estados-Financieros-TVN-2014-12.pdf,anual,comparativo,2013-01-01,2013-12-31,1,False,Otros Ingresos,7329221,79,pdfplumber,OK
TVN,2014-12-31,data/raw/pdf/TVN/Estados-Financieros-TVN-2014-12/Estados-Financieros-TVN-2014-12.pdf,anual,actual,2014-01-01,2014-12-31,2,True,Totales,75861667,79,pdfplumber,OK
TVN,2014-12-31,data/raw/pdf/TVN/Estados-Financieros-TVN-2014-12/Estados-Financieros-TVN-2014-12.pdf,anual,comparativo,2013-01-01,2013-12-31,2,True,Totales,78770316,79,pdfplumber,OK
TVN,2015-06-30,data/raw/pdf/TVN/Estados-Financieros-TVN-2015-06/Estados-Financieros-TVN-2015-06.pdf,semestre,actual,2015-01-01,2015-06-30,0,False,Ingresos por Publicidad en televisión abierta e internet,18826502,79,ocr400,REVISAR
TVN,2015-06-30,data/raw/pdf/TVN/Estados-Financieros-TVN-2015-06/Estados-Financieros-TVN-2015-06.pdf,semestre,comparativo,2014-01-01,2014-06-30,0,False,Ingresos por Publicidad en televisión abierta e internet,37130230,79,ocr400,REVISAR
TVN,2015-06-30,data/raw/pdf/TVN/Estados-Financieros-TVN-2015-06/Estados-Financieros-TVN-2015-06.pdf,trimestre,actual,2015-04-01,2015-06-30,0,False,Ingresos por Publicidad en televisión abierta e internet,11015984,79,ocr400,REVISAR
TVN,2015-06-30,data/raw/pdf/TVN/Estados-Financieros-TVN-2015-06/Estados-Financieros-TVN-2015-06.pdf,trimestre,comparativo,2014-04-01,2014-06-30,0,False,Ingresos por Publicidad en televisión abierta e internet,21315601,79,ocr400,REVISAR
TVN,2015-06-30,data/raw/pdf/TVN/Estados-Financieros-TVN-2015-06/Estados-Financieros-TVN-2015-06.pdf,semestre,actual,2015-01-01,2015-06-30,1,False,Otros Ingresos,4338036,79,ocr400,REVISAR
TVN,2015-06-30,data/raw/pdf/TVN/Estados-Financieros-TVN-2015-06/Estados-Financieros-TVN-2015-06.pdf,semestre,comparativo,2014-01-01,2014-06-30,1,False,Otros Ingresos,3832738,79,ocr400,REVISAR
TVN,2015-06-30,data/raw/pdf/TVN/Estados-Financieros-TVN-2015-06/Estados-Financieros-TVN-2015-06.pdf,trimestre,actual,2015-04-01,2015-06-30,1,False,Otros Ingresos,2784268,79,ocr400,REVISAR
TVN,2015-06-30,data/raw/pdf/TVN/Estados-Financieros-TVN-2015-06/Estados-Financieros-TVN-2015-06.pdf,trimestre,comparativo,2014-04-01,2014-06-30,1,False,Otros Ingresos,2138865,79,ocr400,REVISAR
TVN,2015-06-30,data/raw/pdf/TVN/Estados-Financieros-TVN-2015-06/Estados-Financieros-TVN-2015-06.pdf,semestre,actual,2015-01-01,2015-06-30,2,True,Totales,23164538,79,ocr400,REVISAR
TVN,2015-06-30,data/raw/pdf/TVN/Estados-Financieros-TVN-2015-06/Estados-Financieros-TVN-2015-06.pdf,semestre,comparativo,2014-01-01,2014-06-30,2,True,Totales,40962968,79,ocr400,REVISAR
TVN,2015-06-30,data/raw/pdf/TVN/Estados-Financieros-TVN-2015-06/Estados-Financieros-TVN-2015-06.pdf,trimestre,actual,2015-04-01,2015-06-30,2,True,Totales,13800252,79,ocr400,REVISAR
TVN,2015-06-30,data/raw/pdf/TVN/Estados-Financieros-TVN-2015-06/Estados-Financieros-TVN-2015-06.pdf,trimestre,comparativo,2014-04-01,2014-06-30,2,True,Totales,23454466,79,ocr400,REVISAR
TVN,2015-12-31,data/raw/pdf/TVN/Estados-Financieros-TVN-2015-12/Estados-Financieros-TVN-2015-12.pdf,anual,actual,2015-01-01,2015-12-31,0,False,Ingresos por Publicidad en televisión abierta e internet,39307836,69,pdfplumber,OK
TVN,2015-12-31,data/raw/pdf/TVN/Estados-Financieros-TVN-2015-12/Estados-Financieros-TVN-2015-12.pdf,anual,comparativo,2014-01-01,2014-12-31,0,False,Ingresos por Publicidad en televisión abierta e internet,67042108,69,pdfplumber,OK
TVN,2015-12-31,data/raw/pdf/TVN/Estados-Financieros-TVN-2015-12/Estados-Financieros-TVN-2015-12.pdf,anual,actual,2015-01-01,2015-12-31,1,False,Otros Ingresos,10397240,69,pdfplumber,OK
TVN,2015-12-31,data/raw/pdf/TVN/Estados-Financieros-TVN-2015-12/Estados-Financieros-TVN-2015-12.pdf,anual,comparativo,2014-01-01,2014-12-31,1,False,Otros Ingresos,8819559,69,pdfplumber,OK
TVN,2015-12-31,data/raw/pdf/TVN/Estados-Financieros-TVN-2015-12/Estados-Financieros-TVN-2015-12.pdf,anual,actual,2015-01-01,2015-12-31,2,True,Total,49705076,69,pdfplumber,OK
TVN,2015-12-31,data/raw/pdf/TVN/Estados-Financieros-TVN-2015-12/Estados-Financieros-TVN-2015-12.pdf,anual,comparativo,2014-01-01,2014-12-31,2,True,Total,75861667,69,pdfplumber,OK
TVN,2016-06-30,data/raw/pdf/TVN/Estados-Financieros-TVN-2016-06/Estados-Financieros-TVN-2016-06.pdf,semestre,actual,2016-01-01,2016-06-30,0,False,Ingresos por Publicidad en televisión abierta e internet,15294656,64,pdfplumber,OK
TVN,2016-06-30,data/raw/pdf/TVN/Estados-Financieros-TVN-2016-06/Estados-Financieros-TVN-2016-06.pdf,semestre,comparativo,2015-01-01,2015-06-30,0,False,Ingresos por Publicidad en televisión abierta e internet,18826502,64,pdfplumber,OK
TVN,2016-06-30,data/raw/pdf/TVN/Estados-Financieros-TVN-2016-06/Estados-Financieros-TVN-2016-06.pdf,trimestre,actual,2016-04-01,2016-06-30,0,False,Ingresos por Publicidad en televisión abierta e internet,8777271,64,pdfplumber,OK
TVN,2016-06-30,data/raw/pdf/TVN/Estados-Financieros-TVN-2016-06/Estados-Financieros-TVN-2016-06.pdf,trimestre,comparativo,2015-04-01,2015-06-30,0,False,Ingresos por Publicidad en televisión abierta e internet,11015984,64,pdfplumber,OK
TVN,2016-06-30,data/raw/pdf/TVN/Estados-Financieros-TVN-2016-06/Estados-Financieros-TVN-2016-06.pdf,semestre,actual,2016-01-01,2016-06-30,1,False,Otros Ingresos,5232590,64,pdfplumber,OK
TVN,2016-06-30,data/raw/pdf/TVN/Estados-Financieros-TVN-2016-06/Estados-Financieros-TVN-2016-06.pdf,semestre,comparativo,2015-01-01,2015-06-30,1,False,Otros Ingresos,4338036,64,pdfplumber,OK
TVN,2016-06-30,data/raw/pdf/TVN/Estados-Financieros-TVN-2016-06/Estados-Financieros-TVN-2016-06.pdf,trimestre,actual,2016-04-01,2016-06-30,1,False,Otros Ingresos,2451821,64,pdfplumber,OK
TVN,2016-06-30,data/raw/pdf/TVN/Estados-Financieros-TVN-2016-06/Estados-Financieros-TVN-2016-06.pdf,trimestre,comparativo,2015-04-01,2015-06-30,1,False,Otros Ingresos,2784268,64,pdfplumber,OK
TVN,2016-06-30,data/raw/pdf/TVN/Estados-Financieros-TVN-2016-06/Estados-Financieros-TVN-2016-06.pdf,semestre,actual,2016-01-01,2016-06-30,2,True,Total,20527246,64,pdfplumber,OK
TVN,2016-06-30,data/raw/pdf/TVN/Estados-Financieros-TVN-2016-06/Estados-Financieros-TVN-2016-06.pdf,semestre,comparativo,2015-01-01,2015-06-30,2,True,Total,23164538,64,pdfplumber,OK
TVN,2016-06-30,data/raw/pdf/TVN/Estados-Financieros-TVN-2016-06/Estados-Financieros-TVN-2016-06.pdf,trimestre,actual,2016-04-01,2016-06-30,2,True,Total,11229092,64,pdfplumber,OK
TVN,2016-06-30,data/raw/pdf/TVN/Estados-Financieros-TVN-2016-06/Estados-Financieros-TVN-2016-06.pdf,trimestre,comparativo,2015-04-01,2015-06-30,2,True,Total,13800252,64,pdfplumber,OK
TVN,2016-12-31,data/raw/pdf/TVN/Estados-Financieros-TVN-2016-12/Estados-Financieros-TVN-2016-12.pdf,anual,actual,2016-01-01,2016-12-31,0,False,Ingresos por Publicidad en televisión abierta e internet,37867428,65,pdftotext-layout,OK
TVN,2016-12-31,data/raw/pdf/TVN/Estados-Financieros-TVN-2016-12/Estados-Financieros-TVN-2016-12.pdf,anual,comparativo,2015-01-01,2015-12-31,0,False,Ingresos por Publicidad en televisión abierta e internet,39307836,65,pdftotext-layout,OK
TVN,2016-12-31,data/raw/pdf/TVN/Estados-Financieros-TVN-2016-12/Estados-Financieros-TVN-2016-12.pdf,anual,actual,2016-01-01,2016-12-31,1,False,Otros Ingresos,10914562,65,pdftotext-layout,OK
TVN,2016-12-31,data/raw/pdf/TVN/Estados-Financieros-TVN-2016-12/Estados-Financieros-TVN-2016-12.pdf,anual,comparativo,2015-01-01,2015-12-31,1,False,Otros Ingresos,10397240,65,pdftotext-layout,OK
TVN,2016-12-31,data/raw/pdf/TVN/Estados-Financieros-TVN-2016-12/Estados-Financieros-TVN-2016-12.pdf,anual,actual,2016-01-01,2016-12-31,2,True,Totales,48781990,65,pdftotext-layout,OK
TVN,2016-12-31,data/raw/pdf/TVN/Estados-Financieros-TVN-2016-12/Estados-Financieros-TVN-2016-12.pdf,anual,comparativo,2015-01-01,2015-12-31,2,True,Totales,49705076,65,pdftotext-layout,OK
TVN,2017-03-31,data/raw/pdf/TVN/fecu_mar_2017_libro/fecu_mar_2017_libro.pdf,trimestre,actual,2017-01-01,2017-03-31,0,False,Ingresos por Publicidad en televisión abierta e internet,8868483,61,pdfplumber,OK
TVN,2017-03-31,data/raw/pdf/TVN/fecu_mar_2017_libro/fecu_mar_2017_libro.pdf,trimestre,comparativo,2016-01-01,2016-03-31,0,False,Ingresos por Publicidad en televisión abierta e internet,6517385,61,pdfplumber,OK
TVN,2017-03-31,data/raw/pdf/TVN/fecu_mar_2017_libro/fecu_mar_2017_libro.pdf,trimestre,actual,2017-01-01,2017-03-31,1,False,Otros Ingresos,2479232,61,pdfplumber,OK
TVN,2017-03-31,data/raw/pdf/TVN/fecu_mar_2017_libro/fecu_mar_2017_libro.pdf,trimestre,comparativo,2016-01-01,2016-03-31,1,False,Otros Ingresos,2780769,61,pdfplumber,OK
TVN,2017-03-31,data/raw/pdf/TVN/fecu_mar_2017_libro/fecu_mar_2017_libro.pdf,trimestre,actual,2017-01-01,2017-03-31,2,True,Total,11347715,61,pdfplumber,OK
TVN,2017-03-31,data/raw/pdf/TVN/fecu_mar_2017_libro/fecu_mar_2017_libro.pdf,trimestre,comparativo,2016-01-01,2016-03-31,2,True,Total,9298154,61,pdfplumber,OK
TVN,2017-06-30,data/raw/pdf/TVN/fecu_jun_2017_libro/fecu_jun_2017_libro.pdf,semestre,actual,2017-01-01,2017-06-30,0,False,Ingresos por Publicidad en televisión abierta e internet,19802336,64,pdfplumber,OK
TVN,2017-06-30,data/raw/pdf/TVN/fecu_jun_2017_libro/fecu_jun_2017_libro.pdf,semestre,comparativo,2016-01-01,2016-06-30,0,False,Ingresos por Publicidad en televisión abierta e internet,15294656,64,pdfplumber,OK
TVN,2017-06-30,data/raw/pdf/TVN/fecu_jun_2017_libro/fecu_jun_2017_libro.pdf,trimestre,actual,2017-04-01,2017-06-30,0,False,Ingresos por Publicidad en televisión abierta e internet,10933853,64,pdfplumber,OK
TVN,2017-06-30,data/raw/pdf/TVN/fecu_jun_2017_libro/fecu_jun_2017_libro.pdf,trimestre,comparativo,2016-04-01,2016-06-30,0,False,Ingresos por Publicidad en televisión abierta e internet,8777271,64,pdfplumber,OK
TVN,2017-06-30,data/raw/pdf/TVN/fecu_jun_2017_libro/fecu_jun_2017_libro.pdf,semestre,actual,2017-01-01,2017-06-30,1,False,Otros Ingresos(*),5440462,64,pdfplumber,OK
TVN,2017-06-30,data/raw/pdf/TVN/fecu_jun_2017_libro/fecu_jun_2017_libro.pdf,semestre,comparativo,2016-01-01,2016-06-30,1,False,Otros Ingresos(*),5232590,64,pdfplumber,OK
TVN,2017-06-30,data/raw/pdf/TVN/fecu_jun_2017_libro/fecu_jun_2017_libro.pdf,trimestre,actual,2017-04-01,2017-06-30,1,False,Otros Ingresos(*),2961230,64,pdfplumber,OK
TVN,2017-06-30,data/raw/pdf/TVN/fecu_jun_2017_libro/fecu_jun_2017_libro.pdf,trimestre,comparativo,2016-04-01,2016-06-30,1,False,Otros Ingresos(*),2451821,64,pdfplumber,OK
TVN,2017-06-30,data/raw/pdf/TVN/fecu_jun_2017_libro/fecu_jun_2017_libro.pdf,semestre,actual,2017-01-01,2017-06-30,2,True,Total,25242798,64,pdfplumber,OK
TVN,2017-06-30,data/raw/pdf/TVN/fecu_jun_2017_libro/fecu_jun_2017_libro.pdf,semestre,comparativo,2016-01-01,2016-06-30,2,True,Total,20527246,64,pdfplumber,OK
TVN,2017-06-30,data/raw/pdf/TVN/fecu_jun_2017_libro/fecu_jun_2017_libro.pdf,trimestre,actual,2017-04-01,2017-06-30,2,True,Total,13895083,64,pdfplumber,OK
TVN,2017-06-30,data/raw/pdf/TVN/fecu_jun_2017_libro/fecu_jun_2017_libro.pdf,trimestre,comparativo,2016-04-01,2016-06-30,2,True,Total,11229092,64,pdfplumber,OK
TVN,2017-09-30,data/raw/pdf/TVN/fecu_sep_2017_libro/fecu_sep_2017_libro.pdf,acumulado9m,actual,2017-01-01,2017-09-30,0,False,Ingresos por Publicidad en televisión abierta e internet,28965061,64,pdfplumber,OK
TVN,2017-09-30,data/raw/pdf/TVN/fecu_sep_2017_libro/fecu_sep_2017_libro.pdf,acumulado9m,comparativo,2016-01-01,2016-09-30,0,False,Ingresos por Publicidad en televisión abierta e internet,24445005,64,pdfplumber,OK
TVN,2017-09-30,data/raw/pdf/TVN/fecu_sep_2017_libro/fecu_sep_2017_libro.pdf,trimestre,actual,2017-07-01,2017-09-30,0,False,Ingresos por Publicidad en televisión abierta e internet,9162725,64,pdfplumber,OK
TVN,2017-09-30,data/raw/pdf/TVN/fecu_sep_2017_libro/fecu_sep_2017_libro.pdf,trimestre,comparativo,2016-07-01,2016-09-30,0,False,Ingresos por Publicidad en televisión abierta e internet,9150349,64,pdfplumber,OK
TVN,2017-09-30,data/raw/pdf/TVN/fecu_sep_2017_libro/fecu_sep_2017_libro.pdf,acumulado9m,actual,2017-01-01,2017-09-30,1,False,Otros Ingresos(*),8846315,64,pdfplumber,OK
TVN,2017-09-30,data/raw/pdf/TVN/fecu_sep_2017_libro/fecu_sep_2017_libro.pdf,acumulado9m,comparativo,2016-01-01,2016-09-30,1,False,Otros Ingresos(*),8332002,64,pdfplumber,OK
TVN,2017-09-30,data/raw/pdf/TVN/fecu_sep_2017_libro/fecu_sep_2017_libro.pdf,trimestre,actual,2017-07-01,2017-09-30,1,False,Otros Ingresos(*),3405853,64,pdfplumber,OK
TVN,2017-09-30,data/raw/pdf/TVN/fecu_sep_2017_libro/fecu_sep_2017_libro.pdf,trimestre,comparativo,2016-07-01,2016-09-30,1,False,Otros Ingresos(*),3099412,64,pdfplumber,OK
TVN,2017-09-30,data/raw/pdf/TVN/fecu_sep_2017_libro/fecu_sep_2017_libro.pdf,acumulado9m,actual,2017-01-01,2017-09-30,2,True,Totales,37811376,64,pdfplumber,OK
TVN,2017-09-30,data/raw/pdf/TVN/fecu_sep_2017_libro/fecu_sep_2017_libro.pdf,acumulado9m,comparativo,2016-01-01,2016-09-30,2,True,Totales,32777007,64,pdfplumber,OK
TVN,2017-09-30,data/raw/pdf/TVN/fecu_sep_2017_libro/fecu_sep_2017_libro.pdf,trimestre,actual,2017-07-01,2017-09-30,2,True,Totales,12568578,64,pdfplumber,OK
TVN,2017-09-30,data/raw/pdf/TVN/fecu_sep_2017_libro/fecu_sep_2017_libro.pdf,trimestre,comparativo,2016-07-01,2016-09-30,2,True,Totales,12249761,64,pdfplumber,OK
TVN,2017-12-31,data/raw/pdf/TVN/fecu_dic_2017_libro/fecu_dic_2017_libro.pdf,anual,actual,2017-01-01,2017-12-31,0,False,Ingresos por Publicidad en televisión abierta e internet,39587290,65,pdfplumber,OK
TVN,2017-12-31,data/raw/pdf/TVN/fecu_dic_2017_libro/fecu_dic_2017_libro.pdf,anual,comparativo,2016-01-01,2016-12-31,0,False,Ingresos por Publicidad en televisión abierta e internet,37867428,65,pdfplumber,OK
TVN,2017-12-31,data/raw/pdf/TVN/fecu_dic_2017_libro/fecu_dic_2017_libro.pdf,anual,actual,2017-01-01,2017-12-31,1,False,Otros Ingresos(*),11972939,65,pdfplumber,OK
TVN,2017-12-31,data/raw/pdf/TVN/fecu_dic_2017_libro/fecu_dic_2017_libro.pdf,anual,comparativo,2016-01-01,2016-12-31,1,False,Otros Ingresos(*),10914562,65,pdfplumber,OK
TVN,2017-12-31,data/raw/pdf/TVN/fecu_dic_2017_libro/fecu_dic_2017_libro.pdf,anual,actual,2017-01-01,2017-12-31,2,True,Totales,51560229,65,pdfplumber,OK
TVN,2017-12-31,data/raw/pdf/TVN/fecu_dic_2017_libro/fecu_dic_2017_libro.pdf,anual,comparativo,2016-01-01,2016-12-31,2,True,Totales,48781990,65,pdfplumber,OK
TVN,2018-03-31,data/raw/pdf/TVN/fecu_mar_2018_libro/fecu_mar_2018_libro.pdf,trimestre,actual,2018-01-01,2018-03-31,0,False,Ingresos por Publicidad en televisión abierta e internet,5823369,64,pdfplumber,OK
TVN,2018-03-31,data/raw/pdf/TVN/fecu_mar_2018_libro/fecu_mar_2018_libro.pdf,trimestre,comparativo,2017-01-01,2017-03-31,0,False,Ingresos por Publicidad en televisión abierta e internet,8868483,64,pdfplumber,OK
TVN,2018-03-31,data/raw/pdf/TVN/fecu_mar_2018_libro/fecu_mar_2018_libro.pdf,trimestre,actual,2018-01-01,2018-03-31,1,False,Otros Ingresos,3049148,64,pdfplumber,OK
TVN,2018-03-31,data/raw/pdf/TVN/fecu_mar_2018_libro/fecu_mar_2018_libro.pdf,trimestre,comparativo,2017-01-01,2017-03-31,1,False,Otros Ingresos,2479232,64,pdfplumber,OK
TVN,2018-03-31,data/raw/pdf/TVN/fecu_mar_2018_libro/fecu_mar_2018_libro.pdf,trimestre,actual,2018-01-01,2018-03-31,2,True,Totales,8872517,64,pdfplumber,OK
TVN,2018-03-31,data/raw/pdf/TVN/fecu_mar_2018_libro/fecu_mar_2018_libro.pdf,trimestre,comparativo,2017-01-01,2017-03-31,2,True,Totales,11347715,64,pdfplumber,OK
TVN,2018-06-30,data/raw/pdf/TVN/fecu_06_2018_libro/fecu_06_2018_libro.pdf,semestre,actual,2018-01-01,2018-06-30,0,False,Ingresos por Publicidad en televisión abierta,12508455,67,pdfplumber,OK
TVN,2018-06-30,data/raw/pdf/TVN/fecu_06_2018_libro/fecu_06_2018_libro.pdf,semestre,comparativo,2017-01-01,2017-06-30,0,False,Ingresos por Publicidad en televisión abierta,19802336,67,pdfplumber,OK
TVN,2018-06-30,data/raw/pdf/TVN/fecu_06_2018_libro/fecu_06_2018_libro.pdf,trimestre,actual,2018-04-01,2018-06-30,0,False,Ingresos por Publicidad en televisión abierta,6945698,67,pdfplumber,OK
TVN,2018-06-30,data/raw/pdf/TVN/fecu_06_2018_libro/fecu_06_2018_libro.pdf,trimestre,comparativo,2017-04-01,2017-06-30,0,False,Ingresos por Publicidad en televisión abierta,10933853,67,pdfplumber,OK
TVN,2018-06-30,data/raw/pdf/TVN/fecu_06_2018_libro/fecu_06_2018_libro.pdf,semestre,actual,2018-01-01,2018-06-30,1,False,Otros Ingresos,7210034,67,pdfplumber,OK
TVN,2018-06-30,data/raw/pdf/TVN/fecu_06_2018_libro/fecu_06_2018_libro.pdf,semestre,comparativo,2017-01-01,2017-06-30,1,False,Otros Ingresos,5440462,67,pdfplumber,OK
TVN,2018-06-30,data/raw/pdf/TVN/fecu_06_2018_libro/fecu_06_2018_libro.pdf,trimestre,actual,2018-04-01,2018-06-30,1,False,Otros Ingresos,3900274,67,pdfplumber,OK
TVN,2018-06-30,data/raw/pdf/TVN/fecu_06_2018_libro/fecu_06_2018_libro.pdf,trimestre,comparativo,2017-04-01,2017-06-30,1,False,Otros Ingresos,2961230,67,pdfplumber,OK
TVN,2018-06-30,data/raw/pdf/TVN/fecu_06_2018_libro/fecu_06_2018_libro.pdf,semestre,actual,2018-01-01,2018-06-30,2,True,Totales,19718489,67,pdfplumber,OK
TVN,2018-06-30,data/raw/pdf/TVN/fecu_06_2018_libro/fecu_06_2018_libro.pdf,semestre,comparativo,2017-01-01,2017-06-30,2,True,Totales,25242798,67,pdfplumber,OK
TVN,2018-06-30,data/raw/pdf/TVN/fecu_06_2018_libro/fecu_06_2018_libro.pdf,trimestre,actual,2018-04-01,2018-06-30,2,True,Totales,10845972,67,pdfplumber,OK
TVN,2018-06-30,data/raw/pdf/TVN/fecu_06_2018_libro/fecu_06_2018_libro.pdf,trimestre,comparativo,2017-04-01,2017-06-30,2,True,Totales,13895083,67,pdfplumber,OK
TVN,2018-09-30,data/raw/pdf/TVN/fecu_tvn_09_2018_libro/fecu_tvn_09_2018_libro.pdf,acumulado9m,actual,2018-01-01,2018-09-30,0,False,Ingresos por Publicidad en televisión abierta,20075923,64,pdfplumber,OK
TVN,2018-09-30,data/raw/pdf/TVN/fecu_tvn_09_2018_libro/fecu_tvn_09_2018_libro.pdf,acumulado9m,comparativo,2017-01-01,2017-09-30,0,False,Ingresos por Publicidad en televisión abierta,28086571,64,pdfplumber,OK
TVN,2018-09-30,data/raw/pdf/TVN/fecu_tvn_09_2018_libro/fecu_tvn_09_2018_libro.pdf,trimestre,actual,2018-07-01,2018-09-30,0,False,Ingresos por Publicidad en televisión abierta,7566746,64,pdfplumber,OK
TVN,2018-09-30,data/raw/pdf/TVN/fecu_tvn_09_2018_libro/fecu_tvn_09_2018_libro.pdf,trimestre,comparativo,2017-07-01,2017-09-30,0,False,Ingresos por Publicidad en televisión abierta,9162725,64,pdfplumber,OK
TVN,2018-09-30,data/raw/pdf/TVN/fecu_tvn_09_2018_libro/fecu_tvn_09_2018_libro.pdf,acumulado9m,actual,2018-01-01,2018-09-30,1,False,Otros Ingresos,10927045,64,pdfplumber,OK
TVN,2018-09-30,data/raw/pdf/TVN/fecu_tvn_09_2018_libro/fecu_tvn_09_2018_libro.pdf,acumulado9m,comparativo,2017-01-01,2017-09-30,1,False,Otros Ingresos,9724805,64,pdfplumber,OK
TVN,2018-09-30,data/raw/pdf/TVN/fecu_tvn_09_2018_libro/fecu_tvn_09_2018_libro.pdf,trimestre,actual,2018-07-01,2018-09-30,1,False,Otros Ingresos,3717733,64,pdfplumber,OK
TVN,2018-09-30,data/raw/pdf/TVN/fecu_tvn_09_2018_libro/fecu_tvn_09_2018_libro.pdf,trimestre,comparativo,2017-07-01,2017-09-30,1,False,Otros Ingresos,3405853,64,pdfplumber,OK
TVN,2018-09-30,data/raw/pdf/TVN/fecu_tvn_09_2018_libro/fecu_tvn_09_2018_libro.pdf,acumulado9m,actual,2018-01-01,2018-09-30,2,True,Totales,31002968,64,pdfplumber,OK
TVN,2018-09-30,data/raw/pdf/TVN/fecu_tvn_09_2018_libro/fecu_tvn_09_2018_libro.pdf,acumulado9m,comparativo,2017-01-01,2017-09-30,2,True,Totales,37811376,64,pdfplumber,OK
TVN,2018-09-30,data/raw/pdf/TVN/fecu_tvn_09_2018_libro/fecu_tvn_09_2018_libro.pdf,trimestre,actual,2018-07-01,2018-09-30,2,True,Totales,11284479,64,pdfplumber,OK
TVN,2018-09-30,data/raw/pdf/TVN/fecu_tvn_09_2018_libro/fecu_tvn_09_2018_libro.pdf,trimestre,comparativo,2017-07-01,2017-09-30,2,True,Totales,12568578,64,pdfplumber,OK
TVN,2018-12-31,data/raw/pdf/TVN/Fecu_tvn_dic_18_libro/Fecu_tvn_dic_18_libro.pdf,anual,actual,2018-01-01,2018-12-31,0,False,Ingresos por Publicidad en televisión abierta,29346246,68,pdfplumber,OK
TVN,2018-12-31,data/raw/pdf/TVN/Fecu_tvn_dic_18_libro/Fecu_tvn_dic_18_libro.pdf,anual,comparativo,2017-01-01,2017-12-31,0,False,Ingresos por Publicidad en televisión abierta,39587290,68,pdfplumber,OK
TVN,2018-12-31,data/raw/pdf/TVN/Fecu_tvn_dic_18_libro/Fecu_tvn_dic_18_libro.pdf,anual,actual,2018-01-01,2018-12-31,1,False,Otros Ingresos(*),15022248,68,pdfplumber,OK
TVN,2018-12-31,data/raw/pdf/TVN/Fecu_tvn_dic_18_libro/Fecu_tvn_dic_18_libro.pdf,anual,comparativo,2017-01-01,2017-12-31,1,False,Otros Ingresos(*),11972939,68,pdfplumber,OK
TVN,2018-12-31,data/raw/pdf/TVN/Fecu_tvn_dic_18_libro/Fecu_tvn_dic_18_libro.pdf,anual,actual,2018-01-01,2018-12-31,2,True,Totales,44368494,68,pdfplumber,OK
TVN,2018-12-31,data/raw/pdf/TVN/Fecu_tvn_dic_18_libro/Fecu_tvn_dic_18_libro.pdf,anual,comparativo,2017-01-01,2017-12-31,2,True,Totales,51560229,68,pdfplumber,OK
TVN,2019-03-31,data/raw/pdf/TVN/FECU_TVN_0319_LIBRO/FECU_TVN_0319_LIBRO.pdf,trimestre,actual,2019-01-01,2019-03-31,0,False,Ingresos por Publicidad en televisión abierta,8247431,62,pdfplumber,OK
TVN,2019-03-31,data/raw/pdf/TVN/FECU_TVN_0319_LIBRO/FECU_TVN_0319_LIBRO.pdf,trimestre,comparativo,2018-01-01,2018-03-31,0,False,Ingresos por Publicidad en televisión abierta,5622190,62,pdfplumber,OK
TVN,2019-03-31,data/raw/pdf/TVN/FECU_TVN_0319_LIBRO/FECU_TVN_0319_LIBRO.pdf,trimestre,actual,2019-01-01,2019-03-31,1,False,Otros Ingresos(*),3715766,62,pdfplumber,OK
TVN,2019-03-31,data/raw/pdf/TVN/FECU_TVN_0319_LIBRO/FECU_TVN_0319_LIBRO.pdf,trimestre,comparativo,2018-01-01,2018-03-31,1,False,Otros Ingresos(*),3250327,62,pdfplumber,OK
TVN,2019-03-31,data/raw/pdf/TVN/FECU_TVN_0319_LIBRO/FECU_TVN_0319_LIBRO.pdf,trimestre,actual,2019-01-01,2019-03-31,2,True,Totales,11963197,62,pdfplumber,OK
TVN,2019-03-31,data/raw/pdf/TVN/FECU_TVN_0319_LIBRO/FECU_TVN_0319_LIBRO.pdf,trimestre,comparativo,2018-01-01,2018-03-31,2,True,Totales,8872517,62,pdfplumber,OK
TVN,2019-06-30,data/raw/pdf/TVN/Libro_81689800-5-blce-06-2019/Libro_81689800-5-blce-06-2019.pdf,semestre,actual,2019-01-01,2019-06-30,0,False,Ingresos por publicidad en televisión abierta,16184808,64,pdfplumber,OK
TVN,2019-06-30,data/raw/pdf/TVN/Libro_81689800-5-blce-06-2019/Libro_81689800-5-blce-06-2019.pdf,semestre,comparativo,2018-01-01,2018-06-30,0,False,Ingresos por publicidad en televisión abierta,12508455,64,pdfplumber,OK
TVN,2019-06-30,data/raw/pdf/TVN/Libro_81689800-5-blce-06-2019/Libro_81689800-5-blce-06-2019.pdf,trimestre,actual,2019-04-01,2019-06-30,0,False,Ingresos por publicidad en televisión abierta,7937377,64,pdfplumber,OK
TVN,2019-06-30,data/raw/pdf/TVN/Libro_81689800-5-blce-06-2019/Libro_81689800-5-blce-06-2019.pdf,trimestre,comparativo,2018-04-01,2018-06-30,0,False,Ingresos por publicidad en televisión abierta,6945698,64,pdfplumber,OK
TVN,2019-06-30,data/raw/pdf/TVN/Libro_81689800-5-blce-06-2019/Libro_81689800-5-blce-06-2019.pdf,semestre,actual,2019-01-01,2019-06-30,1,False,Otros ingresos(*),7299135,64,pdfplumber,OK
TVN,2019-06-30,data/raw/pdf/TVN/Libro_81689800-5-blce-06-2019/Libro_81689800-5-blce-06-2019.pdf,semestre,comparativo,2018-01-01,2018-06-30,1,False,Otros ingresos(*),7210034,64,pdfplumber,OK
TVN,2019-06-30,data/raw/pdf/TVN/Libro_81689800-5-blce-06-2019/Libro_81689800-5-blce-06-2019.pdf,trimestre,actual,2019-04-01,2019-06-30,1,False,Otros ingresos(*),3583369,64,pdfplumber,OK
TVN,2019-06-30,data/raw/pdf/TVN/Libro_81689800-5-blce-06-2019/Libro_81689800-5-blce-06-2019.pdf,trimestre,comparativo,2018-04-01,2018-06-30,1,False,Otros ingresos(*),3900274,64,pdfplumber,OK
TVN,2019-06-30,data/raw/pdf/TVN/Libro_81689800-5-blce-06-2019/Libro_81689800-5-blce-06-2019.pdf,semestre,actual,2019-01-01,2019-06-30,2,True,Totales,23483943,64,pdfplumber,OK
TVN,2019-06-30,data/raw/pdf/TVN/Libro_81689800-5-blce-06-2019/Libro_81689800-5-blce-06-2019.pdf,semestre,comparativo,2018-01-01,2018-06-30,2,True,Totales,19718489,64,pdfplumber,OK
TVN,2019-06-30,data/raw/pdf/TVN/Libro_81689800-5-blce-06-2019/Libro_81689800-5-blce-06-2019.pdf,trimestre,actual,2019-04-01,2019-06-30,2,True,Totales,11520746,64,pdfplumber,OK
TVN,2019-06-30,data/raw/pdf/TVN/Libro_81689800-5-blce-06-2019/Libro_81689800-5-blce-06-2019.pdf,trimestre,comparativo,2018-04-01,2018-06-30,2,True,Totales,10845972,64,pdfplumber,OK
TVN,2019-09-30,data/raw/pdf/TVN/816898005_eef_0919_libro/816898005_eef_0919_libro.pdf,acumulado9m,actual,2019-01-01,2019-09-30,0,False,Ingresos por publicidad en televisión abierta,22421302,56,pdfplumber,OK
TVN,2019-09-30,data/raw/pdf/TVN/816898005_eef_0919_libro/816898005_eef_0919_libro.pdf,acumulado9m,comparativo,2018-01-01,2018-09-30,0,False,Ingresos por publicidad en televisión abierta,20075923,56,pdfplumber,OK
TVN,2019-09-30,data/raw/pdf/TVN/816898005_eef_0919_libro/816898005_eef_0919_libro.pdf,trimestre,actual,2019-07-01,2019-09-30,0,False,Ingresos por publicidad en televisión abierta,6236494,56,pdfplumber,OK
TVN,2019-09-30,data/raw/pdf/TVN/816898005_eef_0919_libro/816898005_eef_0919_libro.pdf,trimestre,comparativo,2018-07-01,2018-09-30,0,False,Ingresos por publicidad en televisión abierta,7566746,56,pdfplumber,OK
TVN,2019-09-30,data/raw/pdf/TVN/816898005_eef_0919_libro/816898005_eef_0919_libro.pdf,acumulado9m,actual,2019-01-01,2019-09-30,1,False,Otros ingresos,10858933,56,pdfplumber,OK
TVN,2019-09-30,data/raw/pdf/TVN/816898005_eef_0919_libro/816898005_eef_0919_libro.pdf,acumulado9m,comparativo,2018-01-01,2018-09-30,1,False,Otros ingresos,10927045,56,pdfplumber,OK
TVN,2019-09-30,data/raw/pdf/TVN/816898005_eef_0919_libro/816898005_eef_0919_libro.pdf,trimestre,actual,2019-07-01,2019-09-30,1,False,Otros ingresos,3559798,56,pdfplumber,OK
TVN,2019-09-30,data/raw/pdf/TVN/816898005_eef_0919_libro/816898005_eef_0919_libro.pdf,trimestre,comparativo,2018-07-01,2018-09-30,1,False,Otros ingresos,3717733,56,pdfplumber,OK
TVN,2019-09-30,data/raw/pdf/TVN/816898005_eef_0919_libro/816898005_eef_0919_libro.pdf,acumulado9m,actual,2019-01-01,2019-09-30,2,True,Total,33280235,56,pdfplumber,OK
TVN,2019-09-30,data/raw/pdf/TVN/816898005_eef_0919_libro/816898005_eef_0919_libro.pdf,acumulado9m,comparativo,2018-01-01,2018-09-30,2,True,Total,31002968,56,pdfplumber,OK
TVN,2019-09-30,data/raw/pdf/TVN/816898005_eef_0919_libro/816898005_eef_0919_libro.pdf,trimestre,actual,2019-07-01,2019-09-30,2,True,Total,9796292,56,pdfplumber,OK
TVN,2019-09-30,data/raw/pdf/TVN/816898005_eef_0919_libro/816898005_eef_0919_libro.pdf,trimestre,comparativo,2018-07-01,2018-09-30,2,True,Total,11284479,56,pdfplumber,OK
TVN,2019-12-31,data/raw/pdf/TVN/fecu dic 2019 libro/fecu dic 2019 libro.pdf,anual,actual,2019-01-01,2019-12-31,0,False,Ingresos por publicidad en televisión abierta,26799052,55,pdfplumber,OK
TVN,2019-12-31,data/raw/pdf/TVN/fecu dic 2019 libro/fecu dic 2019 libro.pdf,anual,comparativo,2018-01-01,2018-12-31,0,False,Ingresos por publicidad en televisión abierta,29346246,55,pdfplumber,OK
TVN,2019-12-31,data/raw/pdf/TVN/fecu dic 2019 libro/fecu dic 2019 libro.pdf,anual,actual,2019-01-01,2019-12-31,1,False,Otros ingresos,14394837,55,pdfplumber,OK
TVN,2019-12-31,data/raw/pdf/TVN/fecu dic 2019 libro/fecu dic 2019 libro.pdf,anual,comparativo,2018-01-01,2018-12-31,1,False,Otros ingresos,15022248,55,pdfplumber,OK
TVN,2019-12-31,data/raw/pdf/TVN/fecu dic 2019 libro/fecu dic 2019 libro.pdf,anual,actual,2019-01-01,2019-12-31,2,True,Totales,41193889,55,pdfplumber,OK
TVN,2019-12-31,data/raw/pdf/TVN/fecu dic 2019 libro/fecu dic 2019 libro.pdf,anual,comparativo,2018-01-01,2018-12-31,2,True,Totales,44368494,55,pdfplumber,OK
TVN,2020-03-31,data/raw/pdf/TVN/Libro-TVN-03-2020/Libro-TVN-03-2020.pdf,trimestre,actual,2020-01-01,2020-03-31,0,False,Ingresos por publicidad en televisión abierta,6520561,53,pdfplumber,OK
TVN,2020-03-31,data/raw/pdf/TVN/Libro-TVN-03-2020/Libro-TVN-03-2020.pdf,trimestre,comparativo,2019-01-01,2019-03-31,0,False,Ingresos por publicidad en televisión abierta,8247431,53,pdfplumber,OK
TVN,2020-03-31,data/raw/pdf/TVN/Libro-TVN-03-2020/Libro-TVN-03-2020.pdf,trimestre,actual,2020-01-01,2020-03-31,1,False,Otros ingresos,3386329,53,pdfplumber,OK
TVN,2020-03-31,data/raw/pdf/TVN/Libro-TVN-03-2020/Libro-TVN-03-2020.pdf,trimestre,comparativo,2019-01-01,2019-03-31,1,False,Otros ingresos,3715766,53,pdfplumber,OK
TVN,2020-03-31,data/raw/pdf/TVN/Libro-TVN-03-2020/Libro-TVN-03-2020.pdf,trimestre,actual,2020-01-01,2020-03-31,2,True,Totales,9906890,53,pdfplumber,OK
TVN,2020-03-31,data/raw/pdf/TVN/Libro-TVN-03-2020/Libro-TVN-03-2020.pdf,trimestre,comparativo,2019-01-01,2019-03-31,2,True,Totales,11963197,53,pdfplumber,OK
TVN,2020-06-30,data/raw/pdf/TVN/fecu-tvn-06-2020-LIBRO/fecu-tvn-06-2020-LIBRO.pdf,semestre,actual,2020-01-01,2020-06-30,0,False,Ingresos por publicidad en televisión abierta,11333942,59,pdfplumber,OK
TVN,2020-06-30,data/raw/pdf/TVN/fecu-tvn-06-2020-LIBRO/fecu-tvn-06-2020-LIBRO.pdf,semestre,comparativo,2019-01-01,2019-06-30,0,False,Ingresos por publicidad en televisión abierta,16184808,59,pdfplumber,OK
TVN,2020-06-30,data/raw/pdf/TVN/fecu-tvn-06-2020-LIBRO/fecu-tvn-06-2020-LIBRO.pdf,trimestre,actual,2020-04-01,2020-06-30,0,False,Ingresos por publicidad en televisión abierta,4813381,59,pdfplumber,OK
TVN,2020-06-30,data/raw/pdf/TVN/fecu-tvn-06-2020-LIBRO/fecu-tvn-06-2020-LIBRO.pdf,trimestre,comparativo,2019-04-01,2019-06-30,0,False,Ingresos por publicidad en televisión abierta,7937377,59,pdfplumber,OK
TVN,2020-06-30,data/raw/pdf/TVN/fecu-tvn-06-2020-LIBRO/fecu-tvn-06-2020-LIBRO.pdf,semestre,actual,2020-01-01,2020-06-30,1,False,Otros ingresos,6288572,59,pdfplumber,OK
TVN,2020-06-30,data/raw/pdf/TVN/fecu-tvn-06-2020-LIBRO/fecu-tvn-06-2020-LIBRO.pdf,semestre,comparativo,2019-01-01,2019-06-30,1,False,Otros ingresos,7299135,59,pdfplumber,OK
TVN,2020-06-30,data/raw/pdf/TVN/fecu-tvn-06-2020-LIBRO/fecu-tvn-06-2020-LIBRO.pdf,trimestre,actual,2020-04-01,2020-06-30,1,False,Otros ingresos,2902243,59,pdfplumber,OK
TVN,2020-06-30,data/raw/pdf/TVN/fecu-tvn-06-2020-LIBRO/fecu-tvn-06-2020-LIBRO.pdf,trimestre,comparativo,2019-04-01,2019-06-30,1,False,Otros ingresos,3583369,59,pdfplumber,OK
TVN,2020-06-30,data/raw/pdf/TVN/fecu-tvn-06-2020-LIBRO/fecu-tvn-06-2020-LIBRO.pdf,semestre,actual,2020-01-01,2020-06-30,2,True,Totales,17622514,59,pdfplumber,OK
TVN,2020-06-30,data/raw/pdf/TVN/fecu-tvn-06-2020-LIBRO/fecu-tvn-06-2020-LIBRO.pdf,semestre,comparativo,2019-01-01,2019-06-30,2,True,Totales,23483943,59,pdfplumber,OK
TVN,2020-06-30,data/raw/pdf/TVN/fecu-tvn-06-2020-LIBRO/fecu-tvn-06-2020-LIBRO.pdf,trimestre,actual,2020-04-01,2020-06-30,2,True,Totales,7715624,59,pdfplumber,OK
TVN,2020-06-30,data/raw/pdf/TVN/fecu-tvn-06-2020-LIBRO/fecu-tvn-06-2020-LIBRO.pdf,trimestre,comparativo,2019-04-01,2019-06-30,2,True,Totales,11520746,59,pdfplumber,OK
TVN,2020-09-30,data/raw/pdf/TVN/fecu-septiembre-2020/fecu-septiembre-2020.pdf,acumulado9m,actual,2020-01-01,2020-09-30,0,False,Ingresos por publicidad en televisión abierta,17336822,55,pdfplumber,OK
TVN,2020-09-30,data/raw/pdf/TVN/fecu-septiembre-2020/fecu-septiembre-2020.pdf,acumulado9m,comparativo,2019-01-01,2019-09-30,0,False,Ingresos por publicidad en televisión abierta,22421302,55,pdfplumber,OK
TVN,2020-09-30,data/raw/pdf/TVN/fecu-septiembre-2020/fecu-septiembre-2020.pdf,trimestre,actual,2020-07-01,2020-09-30,0,False,Ingresos por publicidad en televisión abierta,6002880,55,pdfplumber,OK
TVN,2020-09-30,data/raw/pdf/TVN/fecu-septiembre-2020/fecu-septiembre-2020.pdf,trimestre,comparativo,2019-07-01,2019-09-30,0,False,Ingresos por publicidad en televisión abierta,6236494,55,pdfplumber,OK
TVN,2020-09-30,data/raw/pdf/TVN/fecu-septiembre-2020/fecu-septiembre-2020.pdf,acumulado9m,actual,2020-01-01,2020-09-30,1,False,Otros ingresos,9894445,55,pdfplumber,OK
TVN,2020-09-30,data/raw/pdf/TVN/fecu-septiembre-2020/fecu-septiembre-2020.pdf,acumulado9m,comparativo,2019-01-01,2019-09-30,1,False,Otros ingresos,10858933,55,pdfplumber,OK
TVN,2020-09-30,data/raw/pdf/TVN/fecu-septiembre-2020/fecu-septiembre-2020.pdf,trimestre,actual,2020-07-01,2020-09-30,1,False,Otros ingresos,3605873,55,pdfplumber,OK
TVN,2020-09-30,data/raw/pdf/TVN/fecu-septiembre-2020/fecu-septiembre-2020.pdf,trimestre,comparativo,2019-07-01,2019-09-30,1,False,Otros ingresos,3559798,55,pdfplumber,OK
TVN,2020-09-30,data/raw/pdf/TVN/fecu-septiembre-2020/fecu-septiembre-2020.pdf,acumulado9m,actual,2020-01-01,2020-09-30,2,True,Totales,27231267,55,pdfplumber,OK
TVN,2020-09-30,data/raw/pdf/TVN/fecu-septiembre-2020/fecu-septiembre-2020.pdf,acumulado9m,comparativo,2019-01-01,2019-09-30,2,True,Totales,33280235,55,pdfplumber,OK
TVN,2020-09-30,data/raw/pdf/TVN/fecu-septiembre-2020/fecu-septiembre-2020.pdf,trimestre,actual,2020-07-01,2020-09-30,2,True,Totales,9608753,55,pdfplumber,OK
TVN,2020-09-30,data/raw/pdf/TVN/fecu-septiembre-2020/fecu-septiembre-2020.pdf,trimestre,comparativo,2019-07-01,2019-09-30,2,True,Totales,9796292,55,pdfplumber,OK
TVN,2020-12-31,data/raw/pdf/TVN/Librodic2021 81689800_eeff_aud/Librodic2021 81689800_eeff_aud.pdf,anual,actual,2020-01-01,2020-12-31,0,False,Ingresos por publicidad en televisión abierta,26916556,57,pdftotext-layout,OK
TVN,2020-12-31,data/raw/pdf/TVN/Librodic2021 81689800_eeff_aud/Librodic2021 81689800_eeff_aud.pdf,anual,comparativo,2019-01-01,2019-12-31,0,False,Ingresos por publicidad en televisión abierta,26799052,57,pdftotext-layout,OK
TVN,2020-12-31,data/raw/pdf/TVN/Librodic2021 81689800_eeff_aud/Librodic2021 81689800_eeff_aud.pdf,anual,actual,2020-01-01,2020-12-31,1,False,Otros ingresos,14351178,57,pdftotext-layout,OK
TVN,2020-12-31,data/raw/pdf/TVN/Librodic2021 81689800_eeff_aud/Librodic2021 81689800_eeff_aud.pdf,anual,comparativo,2019-01-01,2019-12-31,1,False,Otros ingresos,14394837,57,pdftotext-layout,OK
TVN,2020-12-31,data/raw/pdf/TVN/Librodic2021 81689800_eeff_aud/Librodic2021 81689800_eeff_aud.pdf,anual,actual,2020-01-01,2020-12-31,2,True,Totales,41267734,57,pdftotext-layout,OK
TVN,2020-12-31,data/raw/pdf/TVN/Librodic2021 81689800_eeff_aud/Librodic2021 81689800_eeff_aud.pdf,anual,comparativo,2019-01-01,2019-12-31,2,True,Totales,41193889,57,pdftotext-layout,OK
TVN,2021-03-31,data/raw/pdf/TVN/fecu_03_21_libro/fecu_03_21_libro.pdf,trimestre,actual,2021-01-01,2021-03-31,0,False,Ingresos por publicidad en televisión abierta,6745744,53,pdfplumber,OK
TVN,2021-03-31,data/raw/pdf/TVN/fecu_03_21_libro/fecu_03_21_libro.pdf,trimestre,comparativo,2020-01-01,2020-03-31,0,False,Ingresos por publicidad en televisión abierta,6520561,53,pdfplumber,OK
TVN,2021-03-31,data/raw/pdf/TVN/fecu_03_21_libro/fecu_03_21_libro.pdf,trimestre,actual,2021-01-01,2021-03-31,1,False,Otros ingresos,3386602,53,pdfplumber,OK
TVN,2021-03-31,data/raw/pdf/TVN/fecu_03_21_libro/fecu_03_21_libro.pdf,trimestre,comparativo,2020-01-01,2020-03-31,1,False,Otros ingresos,3713973,53,pdfplumber,OK
TVN,2021-03-31,data/raw/pdf/TVN/fecu_03_21_libro/fecu_03_21_libro.pdf,trimestre,actual,2021-01-01,2021-03-31,2,True,Totales,10132346,53,pdfplumber,OK
TVN,2021-03-31,data/raw/pdf/TVN/fecu_03_21_libro/fecu_03_21_libro.pdf,trimestre,comparativo,2020-01-01,2020-03-31,2,True,Totales,10234534,53,pdfplumber,OK
TVN,2021-06-30,data/raw/pdf/TVN/FECUTVNLIBROJUNIO2021/FECUTVNLIBROJUNIO2021.pdf,semestre,actual,2021-01-01,2021-06-30,0,False,Ingresos por publicidad en televisión abierta,15590497,57,pdfplumber,OK
TVN,2021-06-30,data/raw/pdf/TVN/FECUTVNLIBROJUNIO2021/FECUTVNLIBROJUNIO2021.pdf,semestre,comparativo,2020-01-01,2020-06-30,0,False,Ingresos por publicidad en televisión abierta,11333942,57,pdfplumber,OK
TVN,2021-06-30,data/raw/pdf/TVN/FECUTVNLIBROJUNIO2021/FECUTVNLIBROJUNIO2021.pdf,trimestre,actual,2021-04-01,2021-06-30,0,False,Ingresos por publicidad en televisión abierta,8844753,57,pdfplumber,OK
TVN,2021-06-30,data/raw/pdf/TVN/FECUTVNLIBROJUNIO2021/FECUTVNLIBROJUNIO2021.pdf,trimestre,comparativo,2020-04-01,2020-06-30,0,False,Ingresos por publicidad en televisión abierta,4813381,57,pdfplumber,OK
TVN,2021-06-30,data/raw/pdf/TVN/FECUTVNLIBROJUNIO2021/FECUTVNLIBROJUNIO2021.pdf,semestre,actual,2021-01-01,2021-06-30,1,False,Otros ingresos,7231501,57,pdfplumber,OK
TVN,2021-06-30,data/raw/pdf/TVN/FECUTVNLIBROJUNIO2021/FECUTVNLIBROJUNIO2021.pdf,semestre,comparativo,2020-01-01,2020-06-30,1,False,Otros ingresos,6621468,57,pdfplumber,OK
TVN,2021-06-30,data/raw/pdf/TVN/FECUTVNLIBROJUNIO2021/FECUTVNLIBROJUNIO2021.pdf,trimestre,actual,2021-04-01,2021-06-30,1,False,Otros ingresos,3844899,57,pdfplumber,OK
TVN,2021-06-30,data/raw/pdf/TVN/FECUTVNLIBROJUNIO2021/FECUTVNLIBROJUNIO2021.pdf,trimestre,comparativo,2020-04-01,2020-06-30,1,False,Otros ingresos,2907495,57,pdfplumber,OK
TVN,2021-06-30,data/raw/pdf/TVN/FECUTVNLIBROJUNIO2021/FECUTVNLIBROJUNIO2021.pdf,semestre,actual,2021-01-01,2021-06-30,2,True,Totales,22821998,57,pdfplumber,OK
TVN,2021-06-30,data/raw/pdf/TVN/FECUTVNLIBROJUNIO2021/FECUTVNLIBROJUNIO2021.pdf,semestre,comparativo,2020-01-01,2020-06-30,2,True,Totales,17955410,57,pdfplumber,OK
TVN,2021-06-30,data/raw/pdf/TVN/FECUTVNLIBROJUNIO2021/FECUTVNLIBROJUNIO2021.pdf,trimestre,actual,2021-04-01,2021-06-30,2,True,Totales,12689652,57,pdfplumber,OK
TVN,2021-06-30,data/raw/pdf/TVN/FECUTVNLIBROJUNIO2021/FECUTVNLIBROJUNIO2021.pdf,trimestre,comparativo,2020-04-01,2020-06-30,2,True,Totales,7720876,57,pdfplumber,OK
TVN,2021-09-30,data/raw/pdf/TVN/LIBRO_EEFF-09-2021/LIBRO_EEFF-09-2021.pdf,acumulado9m,actual,2021-01-01,2021-09-30,0,False,Ingresos por publicidad en televisión abierta,25685382,54,pdfplumber,OK
TVN,2021-09-30,data/raw/pdf/TVN/LIBRO_EEFF-09-2021/LIBRO_EEFF-09-2021.pdf,acumulado9m,comparativo,2020-01-01,2020-09-30,0,False,Ingresos por publicidad en televisión abierta,17336822,54,pdfplumber,OK
TVN,2021-09-30,data/raw/pdf/TVN/LIBRO_EEFF-09-2021/LIBRO_EEFF-09-2021.pdf,trimestre,actual,2021-07-01,2021-09-30,0,False,Ingresos por publicidad en televisión abierta,10094885,54,pdfplumber,OK
TVN,2021-09-30,data/raw/pdf/TVN/LIBRO_EEFF-09-2021/LIBRO_EEFF-09-2021.pdf,trimestre,comparativo,2020-07-01,2020-09-30,0,False,Ingresos por publicidad en televisión abierta,6002880,54,pdfplumber,OK
TVN,2021-09-30,data/raw/pdf/TVN/LIBRO_EEFF-09-2021/LIBRO_EEFF-09-2021.pdf,acumulado9m,actual,2021-01-01,2021-09-30,1,False,Otros ingresos,11575146,54,pdfplumber,OK
TVN,2021-09-30,data/raw/pdf/TVN/LIBRO_EEFF-09-2021/LIBRO_EEFF-09-2021.pdf,acumulado9m,comparativo,2020-01-01,2020-09-30,1,False,Otros ingresos,9894445,54,pdfplumber,OK
TVN,2021-09-30,data/raw/pdf/TVN/LIBRO_EEFF-09-2021/LIBRO_EEFF-09-2021.pdf,trimestre,actual,2021-07-01,2021-09-30,1,False,Otros ingresos,4343645,54,pdfplumber,OK
TVN,2021-09-30,data/raw/pdf/TVN/LIBRO_EEFF-09-2021/LIBRO_EEFF-09-2021.pdf,trimestre,comparativo,2020-07-01,2020-09-30,1,False,Otros ingresos,3272977,54,pdfplumber,OK
TVN,2021-09-30,data/raw/pdf/TVN/LIBRO_EEFF-09-2021/LIBRO_EEFF-09-2021.pdf,acumulado9m,actual,2021-01-01,2021-09-30,2,True,Totales,37260528,54,pdfplumber,OK
TVN,2021-09-30,data/raw/pdf/TVN/LIBRO_EEFF-09-2021/LIBRO_EEFF-09-2021.pdf,acumulado9m,comparativo,2020-01-01,2020-09-30,2,True,Totales,27231267,54,pdfplumber,OK
TVN,2021-09-30,data/raw/pdf/TVN/LIBRO_EEFF-09-2021/LIBRO_EEFF-09-2021.pdf,trimestre,actual,2021-07-01,2021-09-30,2,True,Totales,14438530,54,pdfplumber,OK
TVN,2021-09-30,data/raw/pdf/TVN/LIBRO_EEFF-09-2021/LIBRO_EEFF-09-2021.pdf,trimestre,comparativo,2020-07-01,2020-09-30,2,True,Totales,9275857,54,pdfplumber,OK
TVN,2021-12-31,data/raw/pdf/TVN/LIBROFECUTVNDIC2021/LIBROFECUTVNDIC2021.pdf,anual,actual,2021-01-01,2021-12-31,0,False,Ingresos por publicidad en televisión abierta,38656026,57,pdftotext-layout,OK
TVN,2021-12-31,data/raw/pdf/TVN/LIBROFECUTVNDIC2021/LIBROFECUTVNDIC2021.pdf,anual,comparativo,2020-01-01,2020-12-31,0,False,Ingresos por publicidad en televisión abierta,26916556,57,pdftotext-layout,OK
TVN,2021-12-31,data/raw/pdf/TVN/LIBROFECUTVNDIC2021/LIBROFECUTVNDIC2021.pdf,anual,actual,2021-01-01,2021-12-31,1,False,Otros ingresos,16732984,57,pdftotext-layout,OK
TVN,2021-12-31,data/raw/pdf/TVN/LIBROFECUTVNDIC2021/LIBROFECUTVNDIC2021.pdf,anual,comparativo,2020-01-01,2020-12-31,1,False,Otros ingresos,14351178,57,pdftotext-layout,OK
TVN,2021-12-31,data/raw/pdf/TVN/LIBROFECUTVNDIC2021/LIBROFECUTVNDIC2021.pdf,anual,actual,2021-01-01,2021-12-31,2,True,Totales,55389010,57,pdftotext-layout,OK
TVN,2021-12-31,data/raw/pdf/TVN/LIBROFECUTVNDIC2021/LIBROFECUTVNDIC2021.pdf,anual,comparativo,2020-01-01,2020-12-31,2,True,Totales,41267734,57,pdftotext-layout,OK
TVN,2022-03-31,data/raw/pdf/TVN/FECUTVN03_2022/FECUTVN03_2022.pdf,trimestre,actual,2022-01-01,2022-03-31,0,False,Ingresos por publicidad en televisión abierta,8209220,51,pdfplumber,OK
TVN,2022-03-31,data/raw/pdf/TVN/FECUTVN03_2022/FECUTVN03_2022.pdf,trimestre,comparativo,2021-01-01,2021-03-31,0,False,Ingresos por publicidad en televisión abierta,6745744,51,pdfplumber,OK
TVN,2022-03-31,data/raw/pdf/TVN/FECUTVN03_2022/FECUTVN03_2022.pdf,trimestre,actual,2022-01-01,2022-03-31,1,False,Otros ingresos,4074187,51,pdfplumber,OK
TVN,2022-03-31,data/raw/pdf/TVN/FECUTVN03_2022/FECUTVN03_2022.pdf,trimestre,comparativo,2021-01-01,2021-03-31,1,False,Otros ingresos,3386602,51,pdfplumber,OK
TVN,2022-03-31,data/raw/pdf/TVN/FECUTVN03_2022/FECUTVN03_2022.pdf,trimestre,actual,2022-01-01,2022-03-31,2,True,Totales,12283407,51,pdfplumber,OK
TVN,2022-03-31,data/raw/pdf/TVN/FECUTVN03_2022/FECUTVN03_2022.pdf,trimestre,comparativo,2021-01-01,2021-03-31,2,True,Totales,10132346,51,pdfplumber,OK
TVN,2022-06-30,data/raw/pdf/TVN/fecutvnjunio2022/fecutvnjunio2022.pdf,semestre,actual,2022-01-01,2022-06-30,0,False,Ingresos por publicidad en televisión abierta,17897051,56,pdfplumber,OK
TVN,2022-06-30,data/raw/pdf/TVN/fecutvnjunio2022/fecutvnjunio2022.pdf,semestre,comparativo,2021-01-01,2021-06-30,0,False,Ingresos por publicidad en televisión abierta,15590497,56,pdfplumber,OK
TVN,2022-06-30,data/raw/pdf/TVN/fecutvnjunio2022/fecutvnjunio2022.pdf,trimestre,actual,2022-04-01,2022-06-30,0,False,Ingresos por publicidad en televisión abierta,9687831,56,pdfplumber,OK
TVN,2022-06-30,data/raw/pdf/TVN/fecutvnjunio2022/fecutvnjunio2022.pdf,trimestre,comparativo,2021-04-01,2021-06-30,0,False,Ingresos por publicidad en televisión abierta,8844753,56,pdfplumber,OK
TVN,2022-06-30,data/raw/pdf/TVN/fecutvnjunio2022/fecutvnjunio2022.pdf,semestre,actual,2022-01-01,2022-06-30,1,False,Otros ingresos,8556271,56,pdfplumber,OK
TVN,2022-06-30,data/raw/pdf/TVN/fecutvnjunio2022/fecutvnjunio2022.pdf,semestre,comparativo,2021-01-01,2021-06-30,1,False,Otros ingresos,7231501,56,pdfplumber,OK
TVN,2022-06-30,data/raw/pdf/TVN/fecutvnjunio2022/fecutvnjunio2022.pdf,trimestre,actual,2022-04-01,2022-06-30,1,False,Otros ingresos,4482084,56,pdfplumber,OK
TVN,2022-06-30,data/raw/pdf/TVN/fecutvnjunio2022/fecutvnjunio2022.pdf,trimestre,comparativo,2021-04-01,2021-06-30,1,False,Otros ingresos,3844899,56,pdfplumber,OK
TVN,2022-06-30,data/raw/pdf/TVN/fecutvnjunio2022/fecutvnjunio2022.pdf,semestre,actual,2022-01-01,2022-06-30,2,True,Totales,26453322,56,pdfplumber,OK
TVN,2022-06-30,data/raw/pdf/TVN/fecutvnjunio2022/fecutvnjunio2022.pdf,semestre,comparativo,2021-01-01,2021-06-30,2,True,Totales,22821998,56,pdfplumber,OK
TVN,2022-06-30,data/raw/pdf/TVN/fecutvnjunio2022/fecutvnjunio2022.pdf,trimestre,actual,2022-04-01,2022-06-30,2,True,Totales,14169915,56,pdfplumber,OK
TVN,2022-06-30,data/raw/pdf/TVN/fecutvnjunio2022/fecutvnjunio2022.pdf,trimestre,comparativo,2021-04-01,2021-06-30,2,True,Totales,12689652,56,pdfplumber,OK
TVN,2022-09-30,data/raw/pdf/TVN/LIBRO_FECU_TVN_09_22/LIBRO_FECU_TVN_09_22.pdf,acumulado9m,actual,2022-01-01,2022-09-30,0,False,Ingresos por publicidad en televisión abierta,26905531,52,pdfplumber,OK
TVN,2022-09-30,data/raw/pdf/TVN/LIBRO_FECU_TVN_09_22/LIBRO_FECU_TVN_09_22.pdf,acumulado9m,comparativo,2021-01-01,2021-09-30,0,False,Ingresos por publicidad en televisión abierta,25685382,52,pdfplumber,OK
TVN,2022-09-30,data/raw/pdf/TVN/LIBRO_FECU_TVN_09_22/LIBRO_FECU_TVN_09_22.pdf,trimestre,actual,2022-07-01,2022-09-30,0,False,Ingresos por publicidad en televisión abierta,9008480,52,pdfplumber,OK
TVN,2022-09-30,data/raw/pdf/TVN/LIBRO_FECU_TVN_09_22/LIBRO_FECU_TVN_09_22.pdf,trimestre,comparativo,2021-07-01,2021-09-30,0,False,Ingresos por publicidad en televisión abierta,10094885,52,pdfplumber,OK
TVN,2022-09-30,data/raw/pdf/TVN/LIBRO_FECU_TVN_09_22/LIBRO_FECU_TVN_09_22.pdf,acumulado9m,actual,2022-01-01,2022-09-30,1,False,Otros ingresos,12958118,52,pdfplumber,OK
TVN,2022-09-30,data/raw/pdf/TVN/LIBRO_FECU_TVN_09_22/LIBRO_FECU_TVN_09_22.pdf,acumulado9m,comparativo,2021-01-01,2021-09-30,1,False,Otros ingresos,11575146,52,pdfplumber,OK
TVN,2022-09-30,data/raw/pdf/TVN/LIBRO_FECU_TVN_09_22/LIBRO_FECU_TVN_09_22.pdf,trimestre,actual,2022-07-01,2022-09-30,1,False,Otros ingresos,4401847,52,pdfplumber,OK
TVN,2022-09-30,data/raw/pdf/TVN/LIBRO_FECU_TVN_09_22/LIBRO_FECU_TVN_09_22.pdf,trimestre,comparativo,2021-07-01,2021-09-30,1,False,Otros ingresos,4343645,52,pdfplumber,OK
TVN,2022-09-30,data/raw/pdf/TVN/LIBRO_FECU_TVN_09_22/LIBRO_FECU_TVN_09_22.pdf,acumulado9m,actual,2022-01-01,2022-09-30,2,True,Totales,39863649,52,pdfplumber,OK
TVN,2022-09-30,data/raw/pdf/TVN/LIBRO_FECU_TVN_09_22/LIBRO_FECU_TVN_09_22.pdf,acumulado9m,comparativo,2021-01-01,2021-09-30,2,True,Totales,37260528,52,pdfplumber,OK
TVN,2022-09-30,data/raw/pdf/TVN/LIBRO_FECU_TVN_09_22/LIBRO_FECU_TVN_09_22.pdf,trimestre,actual,2022-07-01,2022-09-30,2,True,Totales,13410327,52,pdfplumber,OK
TVN,2022-09-30,data/raw/pdf/TVN/LIBRO_FECU_TVN_09_22/LIBRO_FECU_TVN_09_22.pdf,trimestre,comparativo,2021-07-01,2021-09-30,2,True,Totales,14438530,52,pdfplumber,OK
TVN,2022-12-31,data/raw/pdf/TVN/Fecu_tvn_2022_dec/Fecu_tvn_2022_dec.pdf,anual,actual,2022-01-01,2022-12-31,0,False,Ingresos por publicidad en televisión abierta,37468108,56,pdfplumber,OK
TVN,2022-12-31,data/raw/pdf/TVN/Fecu_tvn_2022_dec/Fecu_tvn_2022_dec.pdf,anual,comparativo,2021-01-01,2021-12-31,0,False,Ingresos por publicidad en televisión abierta,38656026,56,pdfplumber,OK
TVN,2022-12-31,data/raw/pdf/TVN/Fecu_tvn_2022_dec/Fecu_tvn_2022_dec.pdf,anual,actual,2022-01-01,2022-12-31,1,False,Otros ingresos,18231616,56,pdfplumber,OK
TVN,2022-12-31,data/raw/pdf/TVN/Fecu_tvn_2022_dec/Fecu_tvn_2022_dec.pdf,anual,comparativo,2021-01-01,2021-12-31,1,False,Otros ingresos,16732984,56,pdfplumber,OK
TVN,2022-12-31,data/raw/pdf/TVN/Fecu_tvn_2022_dec/Fecu_tvn_2022_dec.pdf,anual,actual,2022-01-01,2022-12-31,2,True,Totales,55699724,56,pdfplumber,OK
TVN,2022-12-31,data/raw/pdf/TVN/Fecu_tvn_2022_dec/Fecu_tvn_2022_dec.pdf,anual,comparativo,2021-01-01,2021-12-31,2,True,Totales,55389010,56,pdfplumber,OK
TVN,2023-03-31,data/raw/pdf/TVN/LIBRO_EEFF_032023_816898005/LIBRO_EEFF_032023_816898005.pdf,trimestre,actual,2023-01-01,2023-03-31,0,False,Ingresos por publicidad en televisión abierta,9352427,52,pdfplumber,OK
TVN,2023-03-31,data/raw/pdf/TVN/LIBRO_EEFF_032023_816898005/LIBRO_EEFF_032023_816898005.pdf,trimestre,comparativo,2022-01-01,2022-03-31,0,False,Ingresos por publicidad en televisión abierta,8209220,52,pdfplumber,OK
TVN,2023-03-31,data/raw/pdf/TVN/LIBRO_EEFF_032023_816898005/LIBRO_EEFF_032023_816898005.pdf,trimestre,actual,2023-01-01,2023-03-31,1,False,Otros ingresos,3982798,52,pdfplumber,OK
TVN,2023-03-31,data/raw/pdf/TVN/LIBRO_EEFF_032023_816898005/LIBRO_EEFF_032023_816898005.pdf,trimestre,comparativo,2022-01-01,2022-03-31,1,False,Otros ingresos,4074187,52,pdfplumber,OK
TVN,2023-03-31,data/raw/pdf/TVN/LIBRO_EEFF_032023_816898005/LIBRO_EEFF_032023_816898005.pdf,trimestre,actual,2023-01-01,2023-03-31,2,True,Totales,13335225,52,pdfplumber,OK
TVN,2023-03-31,data/raw/pdf/TVN/LIBRO_EEFF_032023_816898005/LIBRO_EEFF_032023_816898005.pdf,trimestre,comparativo,2022-01-01,2022-03-31,2,True,Totales,12283407,52,pdfplumber,OK
TVN,2023-06-30,data/raw/pdf/TVN/Libro_FECU_30_06_2023/Libro_FECU_30_06_2023.pdf,semestre,actual,2023-01-01,2023-06-30,0,False,!Ingresos!por!publicidad!en!televisión!abierta!,18143084,52,pdfplumber,OK
TVN,2023-06-30,data/raw/pdf/TVN/Libro_FECU_30_06_2023/Libro_FECU_30_06_2023.pdf,semestre,comparativo,2022-01-01,2022-06-30,0,False,!Ingresos!por!publicidad!en!televisión!abierta!,17897051,52,pdfplumber,OK
TVN,2023-06-30,data/raw/pdf/TVN/Libro_FECU_30_06_2023/Libro_FECU_30_06_2023.pdf,trimestre,actual,2023-04-01,2023-06-30,0,False,!Ingresos!por!publicidad!en!televisión!abierta!,8790657,52,pdfplumber,OK
TVN,2023-06-30,data/raw/pdf/TVN/Libro_FECU_30_06_2023/Libro_FECU_30_06_2023.pdf,trimestre,comparativo,2022-04-01,2022-06-30,0,False,!Ingresos!por!publicidad!en!televisión!abierta!,9687831,52,pdfplumber,OK
TVN,2023-06-30,data/raw/pdf/TVN/Libro_FECU_30_06_2023/Libro_FECU_30_06_2023.pdf,semestre,actual,2023-01-01,2023-06-30,1,False,!Otros!ingresos!,8373052,52,pdfplumber,OK
TVN,2023-06-30,data/raw/pdf/TVN/Libro_FECU_30_06_2023/Libro_FECU_30_06_2023.pdf,semestre,comparativo,2022-01-01,2022-06-30,1,False,!Otros!ingresos!,8556271,52,pdfplumber,OK
TVN,2023-06-30,data/raw/pdf/TVN/Libro_FECU_30_06_2023/Libro_FECU_30_06_2023.pdf,trimestre,actual,2023-04-01,2023-06-30,1,False,!Otros!ingresos!,4390254,52,pdfplumber,OK
TVN,2023-06-30,data/raw/pdf/TVN/Libro_FECU_30_06_2023/Libro_FECU_30_06_2023.pdf,trimestre,comparativo,2022-04-01,2022-06-30,1,False,!Otros!ingresos!,4482084,52,pdfplumber,OK
TVN,2023-06-30,data/raw/pdf/TVN/Libro_FECU_30_06_2023/Libro_FECU_30_06_2023.pdf,semestre,actual,2023-01-01,2023-06-30,2,True,!Totales!,26516136,52,pdfplumber,OK
TVN,2023-06-30,data/raw/pdf/TVN/Libro_FECU_30_06_2023/Libro_FECU_30_06_2023.pdf,semestre,comparativo,2022-01-01,2022-06-30,2,True,!Totales!,26453322,52,pdfplumber,OK
TVN,2023-06-30,data/raw/pdf/TVN/Libro_FECU_30_06_2023/Libro_FECU_30_06_2023.pdf,trimestre,actual,2023-04-01,2023-06-30,2,True,!Totales!,13180911,52,pdfplumber,OK
TVN,2023-06-30,data/raw/pdf/TVN/Libro_FECU_30_06_2023/Libro_FECU_30_06_2023.pdf,trimestre,comparativo,2022-04-01,2022-06-30,2,True,!Totales!,14169915,52,pdfplumber,OK
TVN,2023-09-30,data/raw/pdf/TVN/LIBRO_EEFF_816898005_09_23/LIBRO_EEFF_816898005_09_23.pdf,acumulado9m,actual,2023-01-01,2023-09-30,0,False,Ingresos por publicidad en televisión abierta,25642608,49,pdfplumber,OK
TVN,2023-09-30,data/raw/pdf/TVN/LIBRO_EEFF_816898005_09_23/LIBRO_EEFF_816898005_09_23.pdf,acumulado9m,comparativo,2022-01-01,2022-09-30,0,False,Ingresos por publicidad en televisión abierta,26905531,49,pdfplumber,OK
TVN,2023-09-30,data/raw/pdf/TVN/LIBRO_EEFF_816898005_09_23/LIBRO_EEFF_816898005_09_23.pdf,trimestre,actual,2023-07-01,2023-09-30,0,False,Ingresos por publicidad en televisión abierta,7499524,49,pdfplumber,OK
TVN,2023-09-30,data/raw/pdf/TVN/LIBRO_EEFF_816898005_09_23/LIBRO_EEFF_816898005_09_23.pdf,trimestre,comparativo,2022-07-01,2022-09-30,0,False,Ingresos por publicidad en televisión abierta,9008480,49,pdfplumber,OK
TVN,2023-09-30,data/raw/pdf/TVN/LIBRO_EEFF_816898005_09_23/LIBRO_EEFF_816898005_09_23.pdf,acumulado9m,actual,2023-01-01,2023-09-30,1,False,Otros ingresos,12440000,49,pdfplumber,OK
TVN,2023-09-30,data/raw/pdf/TVN/LIBRO_EEFF_816898005_09_23/LIBRO_EEFF_816898005_09_23.pdf,acumulado9m,comparativo,2022-01-01,2022-09-30,1,False,Otros ingresos,12958118,49,pdfplumber,OK
TVN,2023-09-30,data/raw/pdf/TVN/LIBRO_EEFF_816898005_09_23/LIBRO_EEFF_816898005_09_23.pdf,trimestre,actual,2023-07-01,2023-09-30,1,False,Otros ingresos,4066948,49,pdfplumber,OK
TVN,2023-09-30,data/raw/pdf/TVN/LIBRO_EEFF_816898005_09_23/LIBRO_EEFF_816898005_09_23.pdf,trimestre,comparativo,2022-07-01,2022-09-30,1,False,Otros ingresos,4401847,49,pdfplumber,OK
TVN,2023-09-30,data/raw/pdf/TVN/LIBRO_EEFF_816898005_09_23/LIBRO_EEFF_816898005_09_23.pdf,acumulado9m,actual,2023-01-01,2023-09-30,2,True,Totales,38082608,49,pdfplumber,OK
TVN,2023-09-30,data/raw/pdf/TVN/LIBRO_EEFF_816898005_09_23/LIBRO_EEFF_816898005_09_23.pdf,acumulado9m,comparativo,2022-01-01,2022-09-30,2,True,Totales,39863649,49,pdfplumber,OK
TVN,2023-09-30,data/raw/pdf/TVN/LIBRO_EEFF_816898005_09_23/LIBRO_EEFF_816898005_09_23.pdf,trimestre,actual,2023-07-01,2023-09-30,2,True,Totales,11566472,49,pdfplumber,OK
TVN,2023-09-30,data/raw/pdf/TVN/LIBRO_EEFF_816898005_09_23/LIBRO_EEFF_816898005_09_23.pdf,trimestre,comparativo,2022-07-01,2022-09-30,2,True,Totales,13410327,49,pdfplumber,OK
TVN,2023-12-31,data/raw/pdf/TVN/FECU-dic-2023/FECU-dic-2023.pdf,anual,actual,2023-01-01,2023-12-31,0,False,Ingresos por publicidad en televisión abierta,34655366,54,ocr,OK
TVN,2023-12-31,data/raw/pdf/TVN/FECU-dic-2023/FECU-dic-2023.pdf,anual,comparativo,2022-01-01,2022-12-31,0,False,Ingresos por publicidad en televisión abierta,37468108,54,ocr,OK
TVN,2023-12-31,data/raw/pdf/TVN/FECU-dic-2023/FECU-dic-2023.pdf,anual,actual,2023-01-01,2023-12-31,1,False,Otros ingresos,17370782,54,ocr,OK
TVN,2023-12-31,data/raw/pdf/TVN/FECU-dic-2023/FECU-dic-2023.pdf,anual,comparativo,2022-01-01,2022-12-31,1,False,Otros ingresos,18231616,54,ocr,OK
TVN,2023-12-31,data/raw/pdf/TVN/FECU-dic-2023/FECU-dic-2023.pdf,anual,actual,2023-01-01,2023-12-31,2,True,Totales,52026148,54,ocr,OK
TVN,2023-12-31,data/raw/pdf/TVN/FECU-dic-2023/FECU-dic-2023.pdf,anual,comparativo,2022-01-01,2022-12-31,2,True,Totales,55699724,54,ocr,OK
TVN,2024-03-31,data/raw/pdf/TVN/2024-03-Estados-Financieros-TVN/2024-03-Estados-Financieros-TVN.pdf,trimestre,actual,2024-01-01,2024-03-31,0,False,Ingresos por publicidad en televisión abierta,8169143,46,pdfplumber,OK
TVN,2024-03-31,data/raw/pdf/TVN/2024-03-Estados-Financieros-TVN/2024-03-Estados-Financieros-TVN.pdf,trimestre,comparativo,2023-01-01,2023-03-31,0,False,Ingresos por publicidad en televisión abierta,9352427,46,pdfplumber,OK
TVN,2024-03-31,data/raw/pdf/TVN/2024-03-Estados-Financieros-TVN/2024-03-Estados-Financieros-TVN.pdf,trimestre,actual,2024-01-01,2024-03-31,1,False,Otros ingresos,3920402,46,pdfplumber,OK
TVN,2024-03-31,data/raw/pdf/TVN/2024-03-Estados-Financieros-TVN/2024-03-Estados-Financieros-TVN.pdf,trimestre,comparativo,2023-01-01,2023-03-31,1,False,Otros ingresos,3982798,46,pdfplumber,OK
TVN,2024-03-31,data/raw/pdf/TVN/2024-03-Estados-Financieros-TVN/2024-03-Estados-Financieros-TVN.pdf,trimestre,actual,2024-01-01,2024-03-31,2,True,Totales,12089545,46,pdfplumber,OK
TVN,2024-03-31,data/raw/pdf/TVN/2024-03-Estados-Financieros-TVN/2024-03-Estados-Financieros-TVN.pdf,trimestre,comparativo,2023-01-01,2023-03-31,2,True,Totales,13335225,46,pdfplumber,OK
TVN,2024-06-30,data/raw/pdf/TVN/2024-06-Estados-Financieros-TVN/2024-06-Estados-Financieros-TVN.pdf,semestre,actual,2024-01-01,2024-06-30,0,False,Ingresos por publicidad en televisión abierta,15257940,47,pdftotext-layout,OK
TVN,2024-06-30,data/raw/pdf/TVN/2024-06-Estados-Financieros-TVN/2024-06-Estados-Financieros-TVN.pdf,semestre,comparativo,2023-01-01,2023-06-30,0,False,Ingresos por publicidad en televisión abierta,18143084,47,pdftotext-layout,OK
TVN,2024-06-30,data/raw/pdf/TVN/2024-06-Estados-Financieros-TVN/2024-06-Estados-Financieros-TVN.pdf,trimestre,actual,2024-04-01,2024-06-30,0,False,Ingresos por publicidad en televisión abierta,7088797,47,pdftotext-layout,OK
TVN,2024-06-30,data/raw/pdf/TVN/2024-06-Estados-Financieros-TVN/2024-06-Estados-Financieros-TVN.pdf,trimestre,comparativo,2023-04-01,2023-06-30,0,False,Ingresos por publicidad en televisión abierta,8790657,47,pdftotext-layout,OK
TVN,2024-06-30,data/raw/pdf/TVN/2024-06-Estados-Financieros-TVN/2024-06-Estados-Financieros-TVN.pdf,semestre,actual,2024-01-01,2024-06-30,1,False,Otros ingresos,7905971,47,pdftotext-layout,OK
TVN,2024-06-30,data/raw/pdf/TVN/2024-06-Estados-Financieros-TVN/2024-06-Estados-Financieros-TVN.pdf,semestre,comparativo,2023-01-01,2023-06-30,1,False,Otros ingresos,8373052,47,pdftotext-layout,OK
TVN,2024-06-30,data/raw/pdf/TVN/2024-06-Estados-Financieros-TVN/2024-06-Estados-Financieros-TVN.pdf,trimestre,actual,2024-04-01,2024-06-30,1,False,Otros ingresos,3985569,47,pdftotext-layout,OK
TVN,2024-06-30,data/raw/pdf/TVN/2024-06-Estados-Financieros-TVN/2024-06-Estados-Financieros-TVN.pdf,trimestre,comparativo,2023-04-01,2023-06-30,1,False,Otros ingresos,4390254,47,pdftotext-layout,OK
TVN,2024-06-30,data/raw/pdf/TVN/2024-06-Estados-Financieros-TVN/2024-06-Estados-Financieros-TVN.pdf,semestre,actual,2024-01-01,2024-06-30,2,True,Totales,23163911,47,pdftotext-layout,OK
TVN,2024-06-30,data/raw/pdf/TVN/2024-06-Estados-Financieros-TVN/2024-06-Estados-Financieros-TVN.pdf,semestre,comparativo,2023-01-01,2023-06-30,2,True,Totales,26516136,47,pdftotext-layout,OK
TVN,2024-06-30,data/raw/pdf/TVN/2024-06-Estados-Financieros-TVN/2024-06-Estados-Financieros-TVN.pdf,trimestre,actual,2024-04-01,2024-06-30,2,True,Totales,11074366,47,pdftotext-layout,OK
TVN,2024-06-30,data/raw/pdf/TVN/2024-06-Estados-Financieros-TVN/2024-06-Estados-Financieros-TVN.pdf,trimestre,comparativo,2023-04-01,2023-06-30,2,True,Totales,13180911,47,pdftotext-layout,OK
TVN,2024-09-30,data/raw/pdf/TVN/2024-09-Estados-Financieros-TVN/2024-09-Estados-Financieros-TVN.pdf,acumulado9m,actual,2024-01-01,2024-09-30,0,False,Ingresos por publicidad en televisión abierta,21441547,45,pdftotext-layout,OK
TVN,2024-09-30,data/raw/pdf/TVN/2024-09-Estados-Financieros-TVN/2024-09-Estados-Financieros-TVN.pdf,acumulado9m,comparativo,2023-01-01,2023-09-30,0,False,Ingresos por publicidad en televisión abierta,25642608,45,pdftotext-layout,OK
TVN,2024-09-30,data/raw/pdf/TVN/2024-09-Estados-Financieros-TVN/2024-09-Estados-Financieros-TVN.pdf,trimestre,actual,2024-07-01,2024-09-30,0,False,Ingresos por publicidad en televisión abierta,6183607,45,pdftotext-layout,OK
TVN,2024-09-30,data/raw/pdf/TVN/2024-09-Estados-Financieros-TVN/2024-09-Estados-Financieros-TVN.pdf,trimestre,comparativo,2023-07-01,2023-09-30,0,False,Ingresos por publicidad en televisión abierta,7499524,45,pdftotext-layout,OK
TVN,2024-09-30,data/raw/pdf/TVN/2024-09-Estados-Financieros-TVN/2024-09-Estados-Financieros-TVN.pdf,acumulado9m,actual,2024-01-01,2024-09-30,1,False,Otros ingresos,12491943,45,pdftotext-layout,OK
TVN,2024-09-30,data/raw/pdf/TVN/2024-09-Estados-Financieros-TVN/2024-09-Estados-Financieros-TVN.pdf,acumulado9m,comparativo,2023-01-01,2023-09-30,1,False,Otros ingresos,12440000,45,pdftotext-layout,OK
TVN,2024-09-30,data/raw/pdf/TVN/2024-09-Estados-Financieros-TVN/2024-09-Estados-Financieros-TVN.pdf,trimestre,actual,2024-07-01,2024-09-30,1,False,Otros ingresos,4585972,45,pdftotext-layout,OK
TVN,2024-09-30,data/raw/pdf/TVN/2024-09-Estados-Financieros-TVN/2024-09-Estados-Financieros-TVN.pdf,trimestre,comparativo,2023-07-01,2023-09-30,1,False,Otros ingresos,4066948,45,pdftotext-layout,OK
TVN,2024-09-30,data/raw/pdf/TVN/2024-09-Estados-Financieros-TVN/2024-09-Estados-Financieros-TVN.pdf,acumulado9m,actual,2024-01-01,2024-09-30,2,True,Totales,33933490,45,pdftotext-layout,OK
TVN,2024-09-30,data/raw/pdf/TVN/2024-09-Estados-Financieros-TVN/2024-09-Estados-Financieros-TVN.pdf,acumulado9m,comparativo,2023-01-01,2023-09-30,2,True,Totales,38082608,45,pdftotext-layout,OK
TVN,2024-09-30,data/raw/pdf/TVN/2024-09-Estados-Financieros-TVN/2024-09-Estados-Financieros-TVN.pdf,trimestre,actual,2024-07-01,2024-09-30,2,True,Totales,10769579,45,pdftotext-layout,OK
TVN,2024-09-30,data/raw/pdf/TVN/2024-09-Estados-Financieros-TVN/2024-09-Estados-Financieros-TVN.pdf,trimestre,comparativo,2023-07-01,2023-09-30,2,True,Totales,11566472,45,pdftotext-layout,OK
TVN,2024-12-31,data/raw/pdf/TVN/Estados-Financieros-TVN-31-12-2024/Estados-Financieros-TVN-31-12-2024.pdf,anual,actual,2024-01-01,2024-12-31,0,False,Ingresos por publicidad en televisión abierta,29763217,50,pdfplumber,OK
TVN,2024-12-31,data/raw/pdf/TVN/Estados-Financieros-TVN-31-12-2024/Estados-Financieros-TVN-31-12-2024.pdf,anual,comparativo,2023-01-01,2023-12-31,0,False,Ingresos por publicidad en televisión abierta,34655366,50,pdfplumber,OK
TVN,2024-12-31,data/raw/pdf/TVN/Estados-Financieros-TVN-31-12-2024/Estados-Financieros-TVN-31-12-2024.pdf,anual,actual,2024-01-01,2024-12-31,1,False,Otros ingresos,17086817,50,pdfplumber,OK
TVN,2024-12-31,data/raw/pdf/TVN/Estados-Financieros-TVN-31-12-2024/Estados-Financieros-TVN-31-12-2024.pdf,anual,comparativo,2023-01-01,2023-12-31,1,False,Otros ingresos,17370782,50,pdfplumber,OK
TVN,2024-12-31,data/raw/pdf/TVN/Estados-Financieros-TVN-31-12-2024/Estados-Financieros-TVN-31-12-2024.pdf,anual,actual,2024-01-01,2024-12-31,2,True,Totales,46850034,50,pdfplumber,OK
TVN,2024-12-31,data/raw/pdf/TVN/Estados-Financieros-TVN-31-12-2024/Estados-Financieros-TVN-31-12-2024.pdf,anual,comparativo,2023-01-01,2023-12-31,2,True,Totales,52026148,50,pdfplumber,OK
TVN,2025-03-31,data/raw/pdf/TVN/1-Estados-Financieros-TVN-032025/1-Estados-Financieros-TVN-032025.pdf,trimestre,actual,2025-01-01,2025-03-31,0,False,Ingresos por publicidad en televisión abierta,6418065,45,pdftotext-layout,OK
TVN,2025-03-31,data/raw/pdf/TVN/1-Estados-Financieros-TVN-032025/1-Estados-Financieros-TVN-032025.pdf,trimestre,comparativo,2024-01-01,2024-03-31,0,False,Ingresos por publicidad en televisión abierta,8169143,45,pdftotext-layout,OK
TVN,2025-03-31,data/raw/pdf/TVN/1-Estados-Financieros-TVN-032025/1-Estados-Financieros-TVN-032025.pdf,trimestre,actual,2025-01-01,2025-03-31,1,False,Otros ingresos,4070757,45,pdftotext-layout,OK
TVN,2025-03-31,data/raw/pdf/TVN/1-Estados-Financieros-TVN-032025/1-Estados-Financieros-TVN-032025.pdf,trimestre,comparativo,2024-01-01,2024-03-31,1,False,Otros ingresos,3920402,45,pdftotext-layout,OK
TVN,2025-03-31,data/raw/pdf/TVN/1-Estados-Financieros-TVN-032025/1-Estados-Financieros-TVN-032025.pdf,trimestre,actual,2025-01-01,2025-03-31,2,True,Total es,10488822,45,pdftotext-layout,OK
TVN,2025-03-31,data/raw/pdf/TVN/1-Estados-Financieros-TVN-032025/1-Estados-Financieros-TVN-032025.pdf,trimestre,comparativo,2024-01-01,2024-03-31,2,True,Total es,12089545,45,pdftotext-layout,OK
TVN,2025-06-30,data/raw/pdf/TVN/Estados-Financieros-TVN-junio-2025/Estados-Financieros-TVN-junio-2025.pdf,semestre,actual,2025-01-01,2025-06-30,0,False,Ingresos por publicidad en televisión abierta,14095458,50,pdfplumber,OK
TVN,2025-06-30,data/raw/pdf/TVN/Estados-Financieros-TVN-junio-2025/Estados-Financieros-TVN-junio-2025.pdf,semestre,comparativo,2024-01-01,2024-06-30,0,False,Ingresos por publicidad en televisión abierta,15257940,50,pdfplumber,OK
TVN,2025-06-30,data/raw/pdf/TVN/Estados-Financieros-TVN-junio-2025/Estados-Financieros-TVN-junio-2025.pdf,trimestre,actual,2025-04-01,2025-06-30,0,False,Ingresos por publicidad en televisión abierta,7677393,50,pdfplumber,OK
TVN,2025-06-30,data/raw/pdf/TVN/Estados-Financieros-TVN-junio-2025/Estados-Financieros-TVN-junio-2025.pdf,trimestre,comparativo,2024-04-01,2024-06-30,0,False,Ingresos por publicidad en televisión abierta,7088797,50,pdfplumber,OK
TVN,2025-06-30,data/raw/pdf/TVN/Estados-Financieros-TVN-junio-2025/Estados-Financieros-TVN-junio-2025.pdf,semestre,actual,2025-01-01,2025-06-30,1,False,Otros ingresos,10141775,50,pdfplumber,OK
TVN,2025-06-30,data/raw/pdf/TVN/Estados-Financieros-TVN-junio-2025/Estados-Financieros-TVN-junio-2025.pdf,semestre,comparativo,2024-01-01,2024-06-30,1,False,Otros ingresos,7905971,50,pdfplumber,OK
TVN,2025-06-30,data/raw/pdf/TVN/Estados-Financieros-TVN-junio-2025/Estados-Financieros-TVN-junio-2025.pdf,trimestre,actual,2025-04-01,2025-06-30,1,False,Otros ingresos,6071018,50,pdfplumber,OK
TVN,2025-06-30,data/raw/pdf/TVN/Estados-Financieros-TVN-junio-2025/Estados-Financieros-TVN-junio-2025.pdf,trimestre,comparativo,2024-04-01,2024-06-30,1,False,Otros ingresos,3985569,50,pdfplumber,OK
TVN,2025-06-30,data/raw/pdf/TVN/Estados-Financieros-TVN-junio-2025/Estados-Financieros-TVN-junio-2025.pdf,semestre,actual,2025-01-01,2025-06-30,2,True,Totales,24237233,50,pdfplumber,OK
TVN,2025-06-30,data/raw/pdf/TVN/Estados-Financieros-TVN-junio-2025/Estados-Financieros-TVN-junio-2025.pdf,semestre,comparativo,2024-01-01,2024-06-30,2,True,Totales,23163911,50,pdfplumber,OK
TVN,2025-06-30,data/raw/pdf/TVN/Estados-Financieros-TVN-junio-2025/Estados-Financieros-TVN-junio-2025.pdf,trimestre,actual,2025-04-01,2025-06-30,2,True,Totales,13748411,50,pdfplumber,OK
TVN,2025-06-30,data/raw/pdf/TVN/Estados-Financieros-TVN-junio-2025/Estados-Financieros-TVN-junio-2025.pdf,trimestre,comparativo,2024-04-01,2024-06-30,2,True,Totales,11074366,50,pdfplumber,OK
TVN,2025-09-30,data/raw/pdf/TVN/Estados_Financieros_TVN-30_09_2025/Estados_Financieros_TVN-30_09_2025.pdf,acumulado9m,actual,2025-01-01,2025-09-30,0,False,Ingresos por publicidad en televisión abierta,21057822,48,pdftotext-layout,OK
TVN,2025-09-30,data/raw/pdf/TVN/Estados_Financieros_TVN-30_09_2025/Estados_Financieros_TVN-30_09_2025.pdf,acumulado9m,comparativo,2024-01-01,2024-09-30,0,False,Ingresos por publicidad en televisión abierta,21441547,48,pdftotext-layout,OK
TVN,2025-09-30,data/raw/pdf/TVN/Estados_Financieros_TVN-30_09_2025/Estados_Financieros_TVN-30_09_2025.pdf,trimestre,actual,2025-07-01,2025-09-30,0,False,Ingresos por publicidad en televisión abierta,6962364,48,pdftotext-layout,OK
TVN,2025-09-30,data/raw/pdf/TVN/Estados_Financieros_TVN-30_09_2025/Estados_Financieros_TVN-30_09_2025.pdf,trimestre,comparativo,2024-07-01,2024-09-30,0,False,Ingresos por publicidad en televisión abierta,6183607,48,pdftotext-layout,OK
TVN,2025-09-30,data/raw/pdf/TVN/Estados_Financieros_TVN-30_09_2025/Estados_Financieros_TVN-30_09_2025.pdf,acumulado9m,actual,2025-01-01,2025-09-30,1,False,Otros ingresos,14485687,48,pdftotext-layout,OK
TVN,2025-09-30,data/raw/pdf/TVN/Estados_Financieros_TVN-30_09_2025/Estados_Financieros_TVN-30_09_2025.pdf,acumulado9m,comparativo,2024-01-01,2024-09-30,1,False,Otros ingresos,12491943,48,pdftotext-layout,OK
TVN,2025-09-30,data/raw/pdf/TVN/Estados_Financieros_TVN-30_09_2025/Estados_Financieros_TVN-30_09_2025.pdf,trimestre,actual,2025-07-01,2025-09-30,1,False,Otros ingresos,4343912,48,pdftotext-layout,OK
TVN,2025-09-30,data/raw/pdf/TVN/Estados_Financieros_TVN-30_09_2025/Estados_Financieros_TVN-30_09_2025.pdf,trimestre,comparativo,2024-07-01,2024-09-30,1,False,Otros ingresos,4585972,48,pdftotext-layout,OK
TVN,2025-09-30,data/raw/pdf/TVN/Estados_Financieros_TVN-30_09_2025/Estados_Financieros_TVN-30_09_2025.pdf,acumulado9m,actual,2025-01-01,2025-09-30,2,True,Total es,35543509,48,pdftotext-layout,OK
TVN,2025-09-30,data/raw/pdf/TVN/Estados_Financieros_TVN-30_09_2025/Estados_Financieros_TVN-30_09_2025.pdf,acumulado9m,comparativo,2024-01-01,2024-09-30,2,True,Total es,33933490,48,pdftotext-layout,OK
TVN,2025-09-30,data/raw/pdf/TVN/Estados_Financieros_TVN-30_09_2025/Estados_Financieros_TVN-30_09_2025.pdf,trimestre,actual,2025-07-01,2025-09-30,2,True,Total es,11306276,48,pdftotext-layout,OK
TVN,2025-09-30,data/raw/pdf/TVN/Estados_Financieros_TVN-30_09_2025/Estados_Financieros_TVN-30_09_2025.pdf,trimestre,comparativo,2024-07-01,2024-09-30,2,True,Total es,10769579,48,pdftotext-layout,OK
TVN,2025-12-31,data/raw/pdf/TVN/Estados-Financieros-TVN-31-12-2025/Estados-Financieros-TVN-31-12-2025.pdf,anual,actual,2025-01-01,2025-12-31,0,False,Ingresos por publicidad en televisión abierta,28787675,54,ocr,OK
TVN,2025-12-31,data/raw/pdf/TVN/Estados-Financieros-TVN-31-12-2025/Estados-Financieros-TVN-31-12-2025.pdf,anual,comparativo,2024-01-01,2024-12-31,0,False,Ingresos por publicidad en televisión abierta,29763217,54,ocr,OK
TVN,2025-12-31,data/raw/pdf/TVN/Estados-Financieros-TVN-31-12-2025/Estados-Financieros-TVN-31-12-2025.pdf,anual,actual,2025-01-01,2025-12-31,1,False,Otros ingresos,19127723,54,ocr,OK
TVN,2025-12-31,data/raw/pdf/TVN/Estados-Financieros-TVN-31-12-2025/Estados-Financieros-TVN-31-12-2025.pdf,anual,comparativo,2024-01-01,2024-12-31,1,False,Otros ingresos,17086817,54,ocr,OK
TVN,2025-12-31,data/raw/pdf/TVN/Estados-Financieros-TVN-31-12-2025/Estados-Financieros-TVN-31-12-2025.pdf,anual,actual,2025-01-01,2025-12-31,2,True,Totales,47915398,54,ocr,OK
TVN,2025-12-31,data/raw/pdf/TVN/Estados-Financieros-TVN-31-12-2025/Estados-Financieros-TVN-31-12-2025.pdf,anual,comparativo,2024-01-01,2024-12-31,2,True,Totales,46850034,54,ocr,OK
TVN,2026-03-31,data/raw/pdf/TVN/Estados-Financieros-TVN-03-2026/Estados-Financieros-TVN-03-2026.pdf,trimestre,actual,2026-01-01,2026-03-31,0,False,Ingresos por publicidad en televisión abierta,5978199,49,pdftotext-layout,OK
TVN,2026-03-31,data/raw/pdf/TVN/Estados-Financieros-TVN-03-2026/Estados-Financieros-TVN-03-2026.pdf,trimestre,comparativo,2025-01-01,2025-03-31,0,False,Ingresos por publicidad en televisión abierta,6418065,49,pdftotext-layout,OK
TVN,2026-03-31,data/raw/pdf/TVN/Estados-Financieros-TVN-03-2026/Estados-Financieros-TVN-03-2026.pdf,trimestre,actual,2026-01-01,2026-03-31,1,False,Otros ingresos,4823041,49,pdftotext-layout,OK
TVN,2026-03-31,data/raw/pdf/TVN/Estados-Financieros-TVN-03-2026/Estados-Financieros-TVN-03-2026.pdf,trimestre,comparativo,2025-01-01,2025-03-31,1,False,Otros ingresos,4070757,49,pdftotext-layout,OK
TVN,2026-03-31,data/raw/pdf/TVN/Estados-Financieros-TVN-03-2026/Estados-Financieros-TVN-03-2026.pdf,trimestre,actual,2026-01-01,2026-03-31,2,True,Total es,10801240,49,pdftotext-layout,OK
TVN,2026-03-31,data/raw/pdf/TVN/Estados-Financieros-TVN-03-2026/Estados-Financieros-TVN-03-2026.pdf,trimestre,comparativo,2025-01-01,2025-03-31,2,True,Total es,10488822,49,pdftotext-layout,OK
TVN,2026-06-30,data/raw/pdf/TVN/Estados Financieros TVN al 06-2026/Estados Financieros TVN al 06-2026.pdf,semestre,actual,2026-01-01,2026-06-30,0,False,Ingresos por publicidad en televisión abierta,12596474,52,pdftotext-layout,OK
TVN,2026-06-30,data/raw/pdf/TVN/Estados Financieros TVN al 06-2026/Estados Financieros TVN al 06-2026.pdf,semestre,comparativo,2025-01-01,2025-06-30,0,False,Ingresos por publicidad en televisión abierta,14095458,52,pdftotext-layout,OK
TVN,2026-06-30,data/raw/pdf/TVN/Estados Financieros TVN al 06-2026/Estados Financieros TVN al 06-2026.pdf,trimestre,actual,2026-04-01,2026-06-30,0,False,Ingresos por publicidad en televisión abierta,6618275,52,pdftotext-layout,OK
TVN,2026-06-30,data/raw/pdf/TVN/Estados Financieros TVN al 06-2026/Estados Financieros TVN al 06-2026.pdf,trimestre,comparativo,2025-04-01,2025-06-30,0,False,Ingresos por publicidad en televisión abierta,7677393,52,pdftotext-layout,OK
TVN,2026-06-30,data/raw/pdf/TVN/Estados Financieros TVN al 06-2026/Estados Financieros TVN al 06-2026.pdf,semestre,actual,2026-01-01,2026-06-30,1,False,Otros ingresos (1),7990951,52,pdftotext-layout,OK
TVN,2026-06-30,data/raw/pdf/TVN/Estados Financieros TVN al 06-2026/Estados Financieros TVN al 06-2026.pdf,semestre,comparativo,2025-01-01,2025-06-30,1,False,Otros ingresos (1),8141775,52,pdftotext-layout,OK
TVN,2026-06-30,data/raw/pdf/TVN/Estados Financieros TVN al 06-2026/Estados Financieros TVN al 06-2026.pdf,trimestre,actual,2026-04-01,2026-06-30,1,False,Otros ingresos (1),3843535,52,pdftotext-layout,OK
TVN,2026-06-30,data/raw/pdf/TVN/Estados Financieros TVN al 06-2026/Estados Financieros TVN al 06-2026.pdf,trimestre,comparativo,2025-04-01,2025-06-30,1,False,Otros ingresos (1),4071018,52,pdftotext-layout,OK
TVN,2026-06-30,data/raw/pdf/TVN/Estados Financieros TVN al 06-2026/Estados Financieros TVN al 06-2026.pdf,semestre,actual,2026-01-01,2026-06-30,2,False,Subvencion NTV (2),1703714,52,pdftotext-layout,OK
TVN,2026-06-30,data/raw/pdf/TVN/Estados Financieros TVN al 06-2026/Estados Financieros TVN al 06-2026.pdf,semestre,comparativo,2025-01-01,2025-06-30,2,False,Subvencion NTV (2),2000000,52,pdftotext-layout,OK
TVN,2026-06-30,data/raw/pdf/TVN/Estados Financieros TVN al 06-2026/Estados Financieros TVN al 06-2026.pdf,trimestre,actual,2026-04-01,2026-06-30,2,False,Subvencion NTV (2),1028089,52,pdftotext-layout,OK
TVN,2026-06-30,data/raw/pdf/TVN/Estados Financieros TVN al 06-2026/Estados Financieros TVN al 06-2026.pdf,trimestre,comparativo,2025-04-01,2025-06-30,2,False,Subvencion NTV (2),2000000,52,pdftotext-layout,OK
TVN,2026-06-30,data/raw/pdf/TVN/Estados Financieros TVN al 06-2026/Estados Financieros TVN al 06-2026.pdf,semestre,actual,2026-01-01,2026-06-30,3,True,Total es,22291139,52,pdftotext-layout,OK
TVN,2026-06-30,data/raw/pdf/TVN/Estados Financieros TVN al 06-2026/Estados Financieros TVN al 06-2026.pdf,semestre,comparativo,2025-01-01,2025-06-30,3,True,Total es,24237233,52,pdftotext-layout,OK
TVN,2026-06-30,data/raw/pdf/TVN/Estados Financieros TVN al 06-2026/Estados Financieros TVN al 06-2026.pdf,trimestre,actual,2026-04-01,2026-06-30,3,True,Total es,11489899,52,pdftotext-layout,OK
TVN,2026-06-30,data/raw/pdf/TVN/Estados Financieros TVN al 06-2026/Estados Financieros TVN al 06-2026.pdf,trimestre,comparativo,2025-04-01,2025-06-30,3,True,Total es,13748411,52,pdftotext-layout,OK
