canal,periodo,tipo_periodo,inicio,fin,total,n1_publicidad,n1_otros,n2_publicidad,n2_otros_operacionales,n2_transferencias,A_punto,A_piso,A_techo,C_punto,C_piso,C_techo,F_punto,F_piso,F_techo,tvp_total,tvp_n1_publicidad,tvp_A_punto,tvp_A_piso,tvp_A_techo,tvp_C_punto,tvp_C_piso,tvp_C_techo,tvp_F_punto,tvp_F_piso,tvp_F_techo,documento,fecha_documento,reclasificado,origen_cifra,ipc_indice,ipc_completo,uf_prom,uf_completo,dolar_prom,dolar_completo
4 grandes,FY2016,anual,2016-01-01,2016-12-31,269088719,238019328,31069391,238019328,31069391,0,238019328,236544241,250418867,28510508,3073438,29985595,2558883,2558883,29471040,267613632,236544241,236544241,236544241,248943780,28510508,3073438,28510508,2558883,2558883,27995953,"suma de TVN, Canal 13, Mega, Chilevisión",2017-12-31,False,agregado,66.39128627896237,True,26022.674754098363,True,676.8324206349207,True
4 grandes,FY2017,anual,2017-01-01,2017-12-31,273388639,236931010,36457629,236931010,36457629,0,236931010,233283918,250046479,33765174,7042030,37412266,2692455,2692455,33062691,269741547,233283918,233283918,233283918,246399387,33765174,7042030,33765174,2692455,2692455,29415599,"suma de TVN, Canal 13, Mega, Chilevisión",2018-12-31,False,agregado,67.71114094531596,True,26571.92610958904,True,649.3287854251012,True
4 grandes,FY2018,anual,2018-01-01,2018-12-31,276497317,224352829,52144488,224352829,52144488,0,224352829,224352829,242168951,42356617,10643895,42356617,9787871,9787871,41500593,270103597,217959109,217959109,217959109,235775231,42356617,10643895,42356617,9787871,9787871,41500593,"suma de TVN, Canal 13, Mega, Chilevisión",2019-12-31,False,agregado,69.30760927123049,True,27165.746301369858,True,640.2907723577235,True
4 grandes,Q1 2019,trimestre,2019-01-01,2019-03-31,61203079,51424192,9778887,51424192,9778887,0,51424192,51424192,55891372,9759012,2532857,9759012,19875,19875,7246030,59744396,49965509,49965509,49965509,54432689,9759012,2532857,9759012,19875,19875,7246030,"suma de TVN, Canal 13, Mega, Chilevisión",2020-03-31,False,agregado,70.1698857500604,True,27556.739888888886,True,667.3444444444444,True
4 grandes,H1 2019,semestre,2019-01-01,2019-06-30,131422296,109062561,22359735,109062561,22359735,0,109062561,109062561,118188586,22314328,7113311,22314328,45407,45407,15246424,128546827,106187092,106187092,106187092,115313117,22314328,7113311,22314328,45407,45407,15246424,"suma de TVN, Canal 13, Mega, Chilevisión",2020-06-30,False,agregado,70.53347527463977,True,27636.73309392265,True,675.5067200000001,True
4 grandes,Q2 2019,trimestre,2019-04-01,2019-06-30,70219217,57638369,12580848,57638369,12580848,0,57638369,57638369,62297214,12555316,4580454,12555316,25532,25532,8000394,68802431,56221583,56221583,56221583,60880428,12555316,4580454,12555316,25532,25532,8000394,"suma de TVN, Canal 13, Mega, Chilevisión",2020-06-30,False,agregado,70.89706479921914,True,27715.847252747248,True,683.8006451612903,True
4 grandes,9M 2019,acumulado9m,2019-01-01,2019-09-30,193224015,160457796,32766219,160457796,32766219,0,160457796,160457796,173780051,32709467,10258167,32709467,56752,56752,22508052,188878343,156112124,156112124,156112124,169434379,32709467,10258167,32709467,56752,56752,22508052,"suma de TVN, Canal 13, Mega, Chilevisión",2020-09-30,False,agregado,70.78074277002335,True,27751.876263736263,True,685.2224731182796,True
4 grandes,Q3 2019,trimestre,2019-07-01,2019-09-30,61801719,51395235,10406484,51395235,10406484,0,51395235,51395235,55591465,10395139,3144856,10395139,11345,11345,7261628,60331516,49925032,49925032,49925032,54121262,10395139,3144856,10395139,11345,11345,7261628,"suma de TVN, Canal 13, Mega, Chilevisión",2020-09-30,False,agregado,71.2752777607905,True,27978.40793478261,True,705.1318032786885,True
4 grandes,FY2019,anual,2019-01-01,2019-12-31,235990259,201279497,34710762,201279497,34710762,0,201279497,201279497,218523100,34520524,12365265,34520524,190238,190238,22345497,230133006,195422244,195422244,195422244,212665847,34520524,12365265,34520524,190238,190238,22345497,"suma de TVN, Canal 13, Mega, Chilevisión",2020-12-31,True,agregado,71.07686469490493,True,27854.391863013698,True,702.6310483870968,True
4 grandes,H2 2019,semestre2,2019-07-01,2019-12-31,104567963,92216936,12351027,92216936,12351027,0,92216936,92216936,100334514,12206196,5251954,12206196,144831,144831,7099073,101586179,89235152,89235152,89235152,97352730,12206196,5251954,12206196,144831,144831,7099073,"suma de TVN, Canal 13, Mega, Chilevisión",2020-12-31,True,agregado,71.62025411517008,True,28068.501847826086,True,730.1964227642276,True
4 grandes,Q1 2020,trimestre,2020-01-01,2020-03-31,63181827,42996546,20185281,42996546,20185281,0,42996546,42996546,47409211,20172971,1740454,20172971,12310,12310,18444827,61832836,41647555,41647555,41647555,46060220,20172971,1740454,20172971,12310,12310,18444827,"suma de TVN, Canal 13, Mega, Chilevisión",2021-03-31,True,agregado,72.73540573351929,True,28417.99516483516,True,803.0015625000001,True
4 grandes,H1 2020,semestre,2020-01-01,2020-06-30,103684932,79041783,24643149,79041783,24643149,0,79041783,79041783,86955467,10849652,2554946,10849652,13793497,13793497,22088203,101515126,76871977,76871977,76871977,84785661,10849652,2554946,10849652,13793497,13793497,22088203,"suma de TVN, Canal 13, Mega, Chilevisión",2021-06-30,True,agregado,72.82000132352418,True,28554.21956043956,True,812.76352,True
4 grandes,Q2 2020,trimestre,2020-04-01,2020-06-30,40495453,36045237,4450216,36045237,4450216,0,36045237,36045237,39546256,4440568,814492,4440568,9648,9648,3635724,39674638,35224422,35224422,35224422,38725441,4440568,814492,4440568,9648,9648,3635724,"suma de TVN, Canal 13, Mega, Chilevisión",2021-06-30,True,agregado,72.90459691352908,True,28690.443956043953,True,823.0055737704918,True
4 grandes,9M 2020,acumulado9m,2020-01-01,2020-09-30,153835530,122483367,31352163,122483367,31352163,0,122483367,122483367,134273076,17549308,5231858,17549308,13802855,13802855,26120305,150736451,119384288,119384288,119384288,131173997,17549308,5231858,17549308,13802855,13802855,26120305,"suma de TVN, Canal 13, Mega, Chilevisión",2021-09-30,True,agregado,72.91302004610303,True,28596.752700729925,True,802.0043915343916,True
4 grandes,Q3 2020,trimestre,2020-07-01,2020-09-30,49892920,43172689,6720231,43172689,6720231,0,43172689,43172689,47048714,6710873,2676912,6710873,9358,9358,4043319,48963647,42243416,42243416,42243416,46119441,6710873,2676912,6710873,9358,9358,4043319,"suma de TVN, Canal 13, Mega, Chilevisión",2021-09-30,True,agregado,73.09905749126075,True,28680.894347826088,True,780.99046875,True
4 grandes,FY2020,anual,2020-01-01,2020-12-31,228525837,180528287,47997550,180528287,47997550,0,180528287,180528287,197745293,34182871,8585218,34182871,13814679,13814679,39412332,223952532,175954982,175954982,175954982,193171988,34182871,8585218,34182871,13814679,13814679,39412332,"suma de TVN, Canal 13, Mega, Chilevisión",2021-12-31,True,agregado,73.17320118894278,True,28678.814453551913,True,792.2218326693227,True
4 grandes,H2 2020,semestre2,2020-07-01,2020-12-31,124840905,101486504,23354401,101486504,23354401,0,101486504,101486504,110789826,23333219,6030272,23333219,21182,21182,17324129,122437406,99083005,99083005,99083005,108386327,23333219,6030272,23333219,21182,21182,17324129,"suma de TVN, Canal 13, Mega, Chilevisión",2021-12-31,True,agregado,73.52640105436139,True,28802.05505434783,True,771.8431746031746,True
4 grandes,Q1 2021,trimestre,2021-01-01,2021-03-31,50773672,43862613,6911059,43862613,6911059,0,43862613,43862613,47903490,6908945,2005289,6908945,2114,2114,4905770,49472150,42561091,42561091,42561091,46601968,6908945,2005289,6908945,2114,2114,4905770,"suma de TVN, Canal 13, Mega, Chilevisión",2022-03-31,True,agregado,74.79446958951426,True,29214.230111111112,True,724.2868253968253,True
4 grandes,H1 2021,semestre,2021-01-01,2021-06-30,119023387,100062848,18960539,100062848,18960539,0,100062848,100062848,108941979,18791936,4978017,18791936,168603,168603,13982522,116446461,97485922,97485922,97485922,106365053,18791936,4978017,18791936,168603,168603,13982522,"suma de TVN, Canal 13, Mega, Chilevisión",2022-06-30,True,agregado,75.1570197771643,True,29384.986906077353,True,719.9266129032259,True
4 grandes,Q2 2021,trimestre,2021-04-01,2021-06-30,68249715,57838068,10411647,57838068,10411647,0,57838068,57838068,62676322,10400780,2972728,10400780,10867,10867,7438919,66974311,56562664,56562664,56562664,61400918,10400780,2972728,10400780,10867,10867,7438919,"suma de TVN, Canal 13, Mega, Chilevisión",2022-06-30,True,agregado,75.51956996481432,True,29553.867252747255,True,715.4234426229506,True
4 grandes,9M 2021,acumulado9m,2021-01-01,2021-09-30,195425444,165958817,29466627,165958817,29466627,0,165958817,165958817,179857115,29098904,7176914,29098904,367723,367723,22289713,191479942,162013315,162013315,162013315,175911613,29098904,7176914,29098904,367723,367723,22289713,"suma de TVN, Canal 13, Mega, Chilevisión",2022-09-30,True,agregado,75.69135058495596,True,29546.11271062271,True,737.4602127659574,True
4 grandes,Q3 2021,trimestre,2021-07-01,2021-09-30,76402059,65895969,10506090,65895969,10506090,0,65895969,65895969,70915136,10306970,2198897,10306970,199120,199120,8307193,75033483,64527393,64527393,64527393,69546560,10306970,2198897,10306970,199120,199120,8307193,"suma de TVN, Canal 13, Mega, Chilevisión",2022-09-30,True,agregado,76.7600122005393,True,29863.110217391306,True,771.4315624999999,True
4 grandes,FY2021,anual,2021-01-01,2021-12-31,291355134,246018738,45336396,246018738,45336396,0,246018738,246018738,266410702,45131366,13531386,45131366,205030,205030,31805010,285274442,239938046,239938046,239938046,260330010,45131366,13531386,45131366,205030,205030,31805010,"suma de TVN, Canal 13, Mega, Chilevisión",2022-12-31,True,agregado,76.50681815733448,True,29802.931589041098,True,759.2728400000001,True
4 grandes,H2 2021,semestre2,2021-07-01,2021-12-31,172331747,145955890,26375857,145955890,26375857,0,145955890,145955890,157468723,26339430,8553369,26339430,36427,36427,17822488,168827981,142452124,142452124,142452124,153964957,26339430,8553369,26339430,36427,36427,17822488,"suma de TVN, Canal 13, Mega, Chilevisión",2022-12-31,True,agregado,77.85661653750465,True,30214.061956521742,True,797.9945238095238,True
4 grandes,Q1 2022,trimestre,2022-01-01,2022-03-31,66606080,54654882,11951198,54654882,11951198,0,54654882,54654882,60378992,11868484,3232021,11868484,82714,82714,8719177,64982523,53031325,53031325,53031325,58755435,11868484,3232021,11868484,82714,82714,8719177,"suma de TVN, Canal 13, Mega, Chilevisión",2023-03-31,True,agregado,81.13075711547621,True,31377.420333333335,True,809.151875,True
4 grandes,H1 2022,semestre,2022-01-01,2022-06-30,143695265,117498180,26197085,117498180,26197085,0,117498180,117498180,130819656,25925061,6647598,25925061,272024,272024,19549487,140449683,114252598,114252598,114252598,127574074,25925061,6647598,25925061,272024,272024,19549487,"suma de TVN, Canal 13, Mega, Chilevisión",2023-06-30,False,agregado,82.71783782793095,True,31900.878397790057,True,824.8424603174606,True
4 grandes,Q2 2022,trimestre,2022-04-01,2022-06-30,77089185,62923756,14165429,62923756,14165429,0,62923756,62923756,70521122,14056577,3415577,14056577,108852,108852,10749852,75467160,61301731,61301731,61301731,68899097,14056577,3415577,14056577,108852,108852,10749852,"suma de TVN, Canal 13, Mega, Chilevisión",2023-06-30,False,agregado,84.30491854038569,True,32418.584175824177,True,841.0391935483871,True
4 grandes,9M 2022,acumulado9m,2022-01-01,2022-09-30,218132732,177184081,40948651,177184081,40948651,0,177184081,177184081,198028659,40525500,9875788,40525500,423151,423151,31072863,213126964,172178313,172178313,172178313,193022891,40525500,9875788,40525500,423151,423151,31072863,"suma de TVN, Canal 13, Mega, Chilevisión",2023-09-30,False,agregado,84.24176146381704,True,32488.16208791209,True,858.5919576719577,True
4 grandes,Q3 2022,trimestre,2022-07-01,2022-09-30,74437467,59685901,14751566,59685901,14751566,0,59685901,59685901,67209003,14600439,3228190,14600439,151127,151127,11523376,72677281,57925715,57925715,57925715,65448817,14600439,3228190,14600439,151127,151127,11523376,"suma de TVN, Canal 13, Mega, Chilevisión",2023-09-30,False,agregado,87.28960873558924,True,33643.57891304348,True,926.0909523809523,True
4 grandes,FY2022,anual,2022-01-01,2022-12-31,303541841,250770621,52771220,250770621,52771220,0,250770621,250770621,275912665,51512863,12751051,51512863,1258357,1258357,40020169,296136953,243365733,243365733,243365733,268507777,51512863,12751051,51512863,1258357,1258357,40020169,"suma de TVN, Canal 13, Mega, Chilevisión",2023-12-31,True,agregado,85.50135647028573,True,33047.14161643836,True,872.3315200000001,True
4 grandes,H2 2022,semestre2,2022-07-01,2022-12-31,159846576,133272441,26574135,133272441,26574135,0,133272441,133272441,145093009,25587802,6103453,25587802,986333,986333,20470682,155687270,129113135,129113135,129113135,140933703,25587802,6103453,25587802,986333,986333,20470682,"suma de TVN, Canal 13, Mega, Chilevisión",2023-12-31,True,agregado,88.28487511264052,True,34174.71576086956,True,920.5865322580644,True
4 grandes,Q1 2023,trimestre,2023-01-01,2023-03-31,64088730,51412281,12676449,51412281,12676449,0,51412281,51412281,57195320,12648169,3360883,12648169,28280,28280,9315566,62491133,49814684,49814684,49814684,55597723,12648169,3360883,12648169,28280,28280,9315566,"suma de TVN, Canal 13, Mega, Chilevisión",2024-03-31,False,agregado,90.74356805233406,True,35396.80522222222,True,811.51234375,True
4 grandes,H1 2023,semestre,2023-01-01,2023-06-30,137072816,111603327,25469489,111603327,25469489,0,111603327,111603327,122305363,25441208,7373292,25441208,28281,28281,18096197,133801158,108331669,108331669,108331669,119033705,25441208,7373292,25441208,28281,28281,18096197,"suma de TVN, Canal 13, Mega, Chilevisión",2024-06-30,True,agregado,91.19692377591316,True,35651.08850828729,True,806.21696,True
4 grandes,Q2 2023,trimestre,2023-04-01,2023-06-30,72984086,58506495,14477591,58506495,14477591,0,58506495,58506495,65110044,14477591,4012409,14477591,0,0,10465182,71310025,56832434,56832434,56832434,63435983,14477591,4012409,14477591,0,0,10465182,"suma de TVN, Canal 13, Mega, Chilevisión",2024-06-30,False,agregado,91.65027949949224,True,35902.57747252747,True,800.6611475409835,True
4 grandes,9M 2023,acumulado9m,2023-01-01,2023-09-30,211519519,171571874,39947645,171571874,39947645,0,171571874,171571874,187855943,39947645,12678511,39947645,0,0,27269134,206553140,166605495,166605495,166605495,182889564,39947645,12678511,39947645,0,0,27269134,"suma de TVN, Canal 13, Mega, Chilevisión",2024-09-30,False,agregado,91.53152575070652,True,35804.87340659341,True,820.7841711229947,True
4 grandes,Q3 2023,trimestre,2023-07-01,2023-09-30,74446703,59968547,14478156,59968547,14478156,0,59968547,59968547,65550579,14506436,5305219,14506436,-28280,-28280,9172937,72751982,58273826,58273826,58273826,63855858,14506436,5305219,14506436,-28280,-28280,9172937,"suma de TVN, Canal 13, Mega, Chilevisión",2024-09-30,True,agregado,92.20072970029327,True,36107.42847826087,True,850.1535483870967,True
4 grandes,FY2023,anual,2023-01-01,2023-12-31,298574959,241840730,56734229,241840730,56734229,0,241840730,241840730,264997946,56734229,17439342,56734229,0,0,39294887,291458007,234723778,234723778,234723778,257880994,56734229,17439342,56734229,0,0,39294887,"suma de TVN, Canal 13, Mega, Chilevisión",2024-12-31,True,agregado,91.97600291973446,True,35974.36753424657,True,839.0734008097166,True
4 grandes,H2 2023,semestre2,2023-07-01,2023-12-31,161502143,130237403,31264740,130237403,31264740,0,130237403,130237403,142692583,31293021,10066050,31293021,-28281,-28281,21198690,157656849,126392109,126392109,126392109,138847289,31293021,10066050,31293021,-28281,-28281,21198690,"suma de TVN, Canal 13, Mega, Chilevisión",2024-12-31,True,agregado,92.75508206355578,True,36292.375706521736,True,872.737786885246,True
4 grandes,Q1 2024,trimestre,2024-01-01,2024-03-31,64326251,51092983,13233268,51092983,13233268,0,51092983,51092983,55568008,13233268,4401888,13233268,0,0,8831380,62608246,49374978,49374978,49374978,53850003,13233268,4401888,13233268,0,0,8831380,"suma de TVN, Canal 13, Mega, Chilevisión",2025-03-31,True,agregado,94.36810539787162,True,36849.12065934065,True,945.502380952381,True
4 grandes,H1 2024,semestre,2024-01-01,2024-06-30,140866574,109674108,31192466,109674108,31192466,0,109674108,109674108,118896450,31192466,12682776,31192466,0,0,18509690,137283404,106090938,106090938,106090938,115313280,31192466,12682776,31192466,0,0,18509690,"suma de TVN, Canal 13, Mega, Chilevisión",2025-06-30,True,agregado,94.9042516038989,True,37099.92164835164,True,940.4852000000001,True
4 grandes,Q2 2024,trimestre,2024-04-01,2024-06-30,76540323,58581125,17959198,58581125,17959198,0,58581125,58581125,63328442,17959198,8280888,17959198,0,0,9678310,74675158,56715960,56715960,56715960,61463277,17959198,8280888,17959198,0,0,9678310,"suma de TVN, Canal 13, Mega, Chilevisión",2025-06-30,True,agregado,95.44039780992614,True,37350.72263736263,True,935.3870967741934,True
4 grandes,9M 2024,acumulado9m,2024-01-01,2024-09-30,215779000,162698836,53080164,162698836,53080164,0,162698836,162698836,181824218,53080164,19777350,53080164,0,0,33302814,210401134,157320970,157320970,157320970,176446352,53080164,19777350,53080164,0,0,33302814,"suma de TVN, Canal 13, Mega, Chilevisión",2025-09-30,True,agregado,95.39106607769124,True,37298.57897810219,True,937.5626344086021,True
4 grandes,Q3 2024,trimestre,2024-07-01,2024-09-30,74912426,55262763,19649663,55262763,19649663,0,55262763,55262763,62927769,19649663,7094574,19649663,0,0,12555089,73117730,53468067,53468067,53468067,61133073,19649663,7094574,19649663,0,0,12555089,"suma de TVN, Canal 13, Mega, Chilevisión",2025-09-30,True,agregado,96.36469502527594,True,37691.575,True,931.5737704918033,True
4 grandes,FY2024,anual,2024-01-01,2024-12-31,301997700,234365755,67631945,234365755,67631945,0,234365755,234365755,258017495,67631945,25014746,67631945,0,0,42617199,294350251,226718306,226718306,226718306,250370046,67631945,25014746,67631945,0,0,42617199,"suma de TVN, Canal 13, Mega, Chilevisión",2025-12-31,False,agregado,95.9321085325393,True,37508.218415300544,True,943.5824193548387,True
4 grandes,H2 2024,semestre2,2024-07-01,2024-12-31,161131126,124691647,36439479,124691647,36439479,0,124691647,124691647,139121045,36439479,12331970,36439479,0,0,24107509,157066847,120627368,120627368,120627368,135056766,36439479,12331970,36439479,0,0,24107509,"suma de TVN, Canal 13, Mega, Chilevisión",2025-12-31,True,agregado,96.95996546117972,True,37912.07717391304,True,946.73,True
4 grandes,Q1 2025,trimestre,2025-01-01,2025-03-31,72230804,53552302,18678502,53552302,18678502,0,53552302,53552302,59773866,18678502,8198311,18678502,0,0,10480191,70508543,51830041,51830041,51830041,58051605,18678502,8198311,18678502,0,0,10480191,"suma de TVN, Canal 13, Mega, Chilevisión",2026-03-31,False,agregado,98.99013284209353,True,38566.67744444444,True,964.0125396825397,True
4 grandes,H1 2025,semestre,2025-01-01,2025-06-30,151176566,115312804,35863762,115312804,33863762,2000000,115312804,115312804,125186927,33863762,14954549,33863762,2000000,2000000,20909213,147825862,111962100,111962100,111962100,121836223,33863762,14954549,33863762,2000000,2000000,20909213,"suma de TVN, Canal 13, Mega, Chilevisión",2026-06-30,True,agregado,99.32008733058444,True,38844.908121546956,True,955.7651612903226,True
4 grandes,Q2 2025,trimestre,2025-04-01,2025-06-30,78945763,60673770,18271993,60673770,16271993,2000000,60673770,60673770,65413063,16271993,6756238,16271993,2000000,2000000,11515755,77317320,59045327,59045327,59045327,63784620,16271993,6756238,16271993,2000000,2000000,11515755,"suma de TVN, Canal 13, Mega, Chilevisión",2026-06-30,True,agregado,99.65004181907538,True,39120.08131868132,True,947.2473770491803,True
4 grandes,9M 2025,acumulado9m,2025-01-01,2025-09-30,224482664,170628708,53853956,170628708,53853956,0,170628708,170628708,190995883,53853956,19985156,53853956,0,0,33868800,219234564,165380608,165380608,165380608,185747783,53853956,19985156,53853956,0,0,33868800,"suma de TVN, Canal 13, Mega, Chilevisión",2025-09-30,False,agregado,99.70640998887205,True,39003.31538461539,True,956.8946236559138,True
4 grandes,Q3 2025,trimestre,2025-07-01,2025-09-30,73306098,57553937,15752161,57553937,15752161,0,57553937,57553937,63808956,15752161,5030607,15752161,0,0,10721554,71408702,55656541,55656541,55656541,61911560,15752161,5030607,15752161,0,0,10721554,"suma de TVN, Canal 13, Mega, Chilevisión",2025-09-30,False,agregado,100.47905530544729,True,39314.96445652174,True,959.1535483870969,True
4 grandes,FY2025,anual,2025-01-01,2025-12-31,306803166,239051389,67751777,239051389,65751777,2000000,239051389,239051389,263695436,65751777,22126761,65751777,2000000,2000000,45625016,299244122,231492345,231492345,231492345,256136392,65751777,22126761,65751777,2000000,2000000,45625016,"suma de TVN, Canal 13, Mega, Chilevisión",2025-12-31,False,agregado,99.99999999999999,True,39156.96745205479,True,951.6412096774194,True
4 grandes,H2 2025,semestre2,2025-07-01,2025-12-31,155626600,123738585,31888015,123738585,31888015,0,123738585,123738585,138508509,31888015,7172212,31888015,0,0,24715803,151418260,119530245,119530245,119530245,134300169,31888015,7172212,31888015,0,0,24715803,"suma de TVN, Canal 13, Mega, Chilevisión",2025-12-31,True,agregado,100.67991266941551,True,39463.938858695656,True,947.5172580645159,True
4 grandes,Q1 2026,trimestre,2026-01-01,2026-03-31,73774576,57388723,16385853,57388723,16385853,0,57388723,57388723,63585597,16385853,5509634,16385853,0,0,10876219,71577209,55191356,55191356,55191356,61388230,16385853,5509634,16385853,0,0,10876219,"suma de TVN, Canal 13, Mega, Chilevisión",2026-03-31,False,agregado,101.58767254515989,True,39767.015555555554,True,886.0528571428572,True
4 grandes,H1 2026,semestre,2026-01-01,2026-06-30,153347437,119068218,34279219,119068218,32575505,1703714,119068218,119068218,130356860,32575505,10103933,32575505,1703714,1703714,24175286,149124028,114844809,114844809,114844809,126133451,32575505,10103933,32575505,1703714,1703714,24175286,"suma de TVN, Canal 13, Mega, Chilevisión",2026-06-30,False,agregado,102.65894188969503,True,40063.40762430939,True,892.7671774193549,True
4 grandes,Q2 2026,trimestre,2026-04-01,2026-06-30,79572861,61679496,17893365,61679496,16865276,1028089,61679496,61679496,67446889,16865276,4594299,16865276,1028089,1028089,13299066,77546819,59653454,59653454,59653454,65420847,16865276,4594299,16865276,1028089,1028089,13299066,"suma de TVN, Canal 13, Mega, Chilevisión",2026-06-30,False,agregado,103.73021123423018,True,40356.54263736264,True,899.7016393442623,True
6 canales CMF,FY2017,anual,2017-01-01,2017-12-31,281598401,244949472,36648929,244949472,36648929,0,244949472,241302380,258064941,33956474,7233330,37603566,2692455,2692455,33062691,277951309,241302380,241302380,241302380,254417849,33956474,7233330,33956474,2692455,2692455,29415599,"suma de TVN, Canal 13, Mega, Chilevisión, La Red, TV+",2018-12-31,False,agregado,67.71114094531596,True,26571.92610958904,True,649.3287854251012,True
6 canales CMF,FY2018,anual,2018-01-01,2018-12-31,284393694,230036913,54356781,230036913,54356781,0,232089710,230036913,249906419,42516113,10802804,42516113,9787871,9787871,43553977,277999974,223643193,225695990,223643193,243512699,42516113,10802804,42516113,9787871,9787871,43553977,"suma de TVN, Canal 13, Mega, Chilevisión, La Red, TV+",2019-12-31,False,agregado,69.30760927123049,True,27165.746301369858,True,640.2907723577235,True
6 canales CMF,Q1 2019,trimestre,2019-01-01,2019-03-31,63006896,52415597,10591299,52415597,10591299,0,53179094,52415597,57646274,9807927,2581772,9807927,19875,19875,8009527,61548213,50956914,51720411,50956914,56187591,9807927,2581772,9807927,19875,19875,8009527,"suma de TVN, Canal 13, Mega, Chilevisión, La Red, TV+",2020-03-31,False,agregado,70.1698857500604,True,27556.739888888886,True,667.3444444444444,True
6 canales CMF,H1 2019,semestre,2019-01-01,2019-06-30,135332045,111924059,23407986,111924059,23407986,0,112858745,111924059,122000685,22427893,7210961,22427893,45407,45407,16197025,132456576,109048590,109983276,109048590,119125216,22427893,7210961,22427893,45407,45407,16197025,"suma de TVN, Canal 13, Mega, Chilevisión, La Red, TV+",2020-06-30,False,agregado,70.53347527463977,True,27636.73309392265,True,675.5067200000001,True
6 canales CMF,9M 2019,acumulado9m,2019-01-01,2019-09-30,199179374,164876125,34303249,164876125,34303249,0,166230226,164876125,179559514,32892396,10434063,32892396,56752,56752,23869186,194833702,160530453,161884554,160530453,175213842,32892396,10434063,32892396,56752,56752,23869186,"suma de TVN, Canal 13, Mega, Chilevisión, La Red, TV+",2020-09-30,False,agregado,70.78074277002335,True,27751.876263736263,True,685.2224731182796,True
6 canales CMF,FY2019,anual,2019-01-01,2019-12-31,243723323,206944467,36778856,206944467,36778856,0,208714464,206944467,225960014,34778281,12621075,34778281,230578,230578,24157781,237866070,201087214,202857211,201087214,220102761,34778281,12621075,34778281,230578,230578,24157781,"suma de TVN, Canal 13, Mega, Chilevisión, La Red, TV+",2020-12-31,True,agregado,71.07686469490493,True,27854.391863013698,True,702.6310483870968,True
6 canales CMF,H2 2019,semestre2,2019-07-01,2019-12-31,108391278,95020408,13370870,95020408,13370870,0,95855719,95020408,103959329,12350388,5410114,12350388,185171,185171,7960756,105409494,92038624,92873935,92038624,100977545,12350388,5410114,12350388,185171,185171,7960756,"suma de TVN, Canal 13, Mega, Chilevisión, La Red, TV+",2020-12-31,True,agregado,71.62025411517008,True,28068.501847826086,True,730.1964227642276,True
6 canales CMF,Q1 2020,trimestre,2020-01-01,2020-03-31,65009767,44350400,20659367,44350400,20659367,0,44703499,44350400,49127827,20282558,1838378,20282558,23710,23710,18820989,63660776,43001409,43354508,43001409,47778836,20282558,1838378,20282558,23710,23710,18820989,"suma de TVN, Canal 13, Mega, Chilevisión, La Red, TV+",2021-03-31,True,agregado,72.73540573351929,True,28417.99516483516,True,803.0015625000001,True
6 canales CMF,H1 2020,semestre,2020-01-01,2020-06-30,107161943,81669602,25492341,81669602,25492341,0,82344793,81669602,90261528,11009973,2712216,11009973,13807177,13807177,22780125,104992137,79499796,80174987,79499796,88091722,11009973,2712216,11009973,13807177,13807177,22780125,"suma de TVN, Canal 13, Mega, Chilevisión, La Red, TV+",2021-06-30,True,agregado,72.82000132352418,True,28554.21956043956,True,812.76352,True
6 canales CMF,9M 2020,acumulado9m,2020-01-01,2020-09-30,159525833,126884091,32641742,126884091,32641742,0,127867166,126884091,139663699,17837532,5513258,17837532,13821135,13821135,27128484,156426754,123785012,124768087,123785012,136564620,17837532,5513258,17837532,13821135,13821135,27128484,"suma de TVN, Canal 13, Mega, Chilevisión, La Red, TV+",2021-09-30,True,agregado,72.91302004610303,True,28596.752700729925,True,802.0043915343916,True
6 canales CMF,FY2020,anual,2020-01-01,2020-12-31,237026575,187254641,49771934,187254641,49771934,0,188589990,187254641,205828141,34559179,8940381,34559179,13877406,13877406,40831553,232453270,182681336,184016685,182681336,201254836,34559179,8940381,34559179,13877406,13877406,40831553,"suma de TVN, Canal 13, Mega, Chilevisión, La Red, TV+",2021-12-31,True,agregado,73.17320118894278,True,28678.814453551913,True,792.2218326693227,True
6 canales CMF,H2 2020,semestre2,2020-07-01,2020-12-31,129864632,105585039,24279593,105585039,24279593,0,106245197,105585039,115566613,23549206,6228165,23549206,70229,70229,18051428,127461133,103181540,103841698,103181540,113163114,23549206,6228165,23549206,70229,70229,18051428,"suma de TVN, Canal 13, Mega, Chilevisión, La Red, TV+",2021-12-31,True,agregado,73.52640105436139,True,28802.05505434783,True,771.8431746031746,True
6 canales CMF,Q1 2021,trimestre,2021-01-01,2021-03-31,52621297,45364403,7256894,45364403,7256894,0,45585403,45364403,49637120,7009065,2094569,7009065,26829,26829,5162325,51319775,44062881,44283881,44062881,48335598,7009065,2094569,7009065,26829,26829,5162325,"suma de TVN, Canal 13, Mega, Chilevisión, La Red, TV+",2022-03-31,True,agregado,74.79446958951426,True,29214.230111111112,True,724.2868253968253,True
6 canales CMF,H1 2021,semestre,2021-01-01,2021-06-30,123347591,103686922,19660669,103686922,19660669,0,104190927,103686922,113090111,18979051,5145079,18979051,177613,177613,14515590,120770665,101109996,101614001,101109996,110513185,18979051,5145079,18979051,177613,177613,14515590,"suma de TVN, Canal 13, Mega, Chilevisión, La Red, TV+",2022-06-30,True,agregado,75.1570197771643,True,29384.986906077353,True,719.9266129032259,True
6 canales CMF,9M 2021,acumulado9m,2021-01-01,2021-09-30,202615068,172019890,30595178,172019890,30595178,0,172861708,172019890,186790236,29358112,7405892,29358112,395248,395248,23189286,198669566,168074388,168916206,168074388,182844734,29358112,7405892,29358112,395248,395248,23189286,"suma de TVN, Canal 13, Mega, Chilevisión, La Red, TV+",2022-09-30,True,agregado,75.69135058495596,True,29546.11271062271,True,737.4602127659574,True
6 canales CMF,FY2021,anual,2021-01-01,2021-12-31,301765069,254865973,46899096,254865973,46899096,0,256031769,254865973,276491888,45496214,13828079,45496214,237086,237086,33071017,295684377,248785281,249951077,248785281,270411196,45496214,13828079,45496214,237086,237086,33071017,"suma de TVN, Canal 13, Mega, Chilevisión, La Red, TV+",2022-12-31,True,agregado,76.50681815733448,True,29802.931589041098,True,759.2728400000001,True
6 canales CMF,H2 2021,semestre2,2021-07-01,2021-12-31,178417478,151179051,27238427,151179051,27238427,0,151840842,151179051,163401777,26517163,8683000,26517163,59473,59473,18555427,174913712,147675285,148337076,147675285,159898011,26517163,8683000,26517163,59473,59473,18555427,"suma de TVN, Canal 13, Mega, Chilevisión, La Red, TV+",2022-12-31,True,agregado,77.85661653750465,True,30214.061956521742,True,797.9945238095238,True
6 canales CMF,Q1 2022,trimestre,2022-01-01,2022-03-31,69018079,56705403,12312676,56705403,12312676,0,56981273,56705403,62720299,11954092,3302713,11954092,82714,82714,9009963,67394522,55081846,55357716,55081846,61096742,11954092,3302713,11954092,82714,82714,9009963,"suma de TVN, Canal 13, Mega, Chilevisión, La Red, TV+",2023-03-31,True,agregado,81.13075711547621,True,31377.420333333335,True,809.151875,True
6 canales CMF,H1 2022,semestre,2022-01-01,2022-06-30,148672731,121733896,26938835,121733896,26938835,0,122303469,121733896,135666077,26097238,6778643,26097238,272024,272024,20160192,145427149,118488314,119057887,118488314,132420495,26097238,6778643,26097238,272024,272024,20160192,"suma de TVN, Canal 13, Mega, Chilevisión, La Red, TV+",2023-06-30,True,agregado,82.71783782793095,True,31900.878397790057,True,824.8424603174606,True
6 canales CMF,9M 2022,acumulado9m,2022-01-01,2022-09-30,225298465,183189091,42109374,183189091,42109374,0,184060087,183189091,205002409,40814692,10067236,40814692,423686,423686,32042138,220292697,178183323,179054319,178183323,199996641,40814692,10067236,40814692,423686,423686,32042138,"suma de TVN, Canal 13, Mega, Chilevisión, La Red, TV+",2023-09-30,False,agregado,84.24176146381704,True,32488.16208791209,True,858.5919576719577,True
6 canales CMF,FY2022,anual,2022-01-01,2022-12-31,312842522,258534191,54308331,258534191,54308331,0,259713088,258534191,284965060,51870542,12998802,51870542,1258892,1258892,41309529,305437634,251129303,252308200,251129303,277560172,51870542,12998802,51870542,1258892,1258892,41309529,"suma de TVN, Canal 13, Mega, Chilevisión, La Red, TV+",2023-12-31,True,agregado,85.50135647028573,True,33047.14161643836,True,872.3315200000001,True
6 canales CMF,H2 2022,semestre2,2022-07-01,2022-12-31,164169791,136800295,27369496,136800295,27369496,0,137409619,136800295,149298983,25773304,6220159,25773304,986868,986868,21149337,160010485,132640989,133250313,132640989,145139677,25773304,6220159,25773304,986868,986868,21149337,"suma de TVN, Canal 13, Mega, Chilevisión, La Red, TV+",2023-12-31,True,agregado,88.28487511264052,True,34174.71576086956,True,920.5865322580644,True
6 canales CMF,Q1 2023,trimestre,2023-01-01,2023-03-31,65671614,52604737,13066877,52604737,13066877,0,52893722,52604737,58724293,12749612,3414794,12749612,28280,28280,9652083,64074017,51007140,51296125,51007140,57126696,12749612,3414794,12749612,28280,28280,9652083,"suma de TVN, Canal 13, Mega, Chilevisión, La Red, TV+",2024-03-31,False,agregado,90.74356805233406,True,35396.80522222222,True,811.51234375,True
6 canales CMF,H1 2023,semestre,2023-01-01,2023-06-30,140473416,114213650,26259766,114213650,26259766,0,114782190,114213650,125593901,25662945,7485354,25662945,28281,28281,18774412,137201758,110941992,111510532,110941992,122322243,25662945,7485354,25662945,28281,28281,18774412,"suma de TVN, Canal 13, Mega, Chilevisión, La Red, TV+",2024-06-30,True,agregado,91.19692377591316,True,35651.08850828729,True,806.21696,True
6 canales CMF,9M 2023,acumulado9m,2023-01-01,2023-09-30,216783186,176503372,40279814,176503372,40279814,0,176503372,176503372,192942405,40279814,12855716,40279814,0,0,27424098,211816807,171536993,171536993,171536993,187976026,40279814,12855716,40279814,0,0,27424098,"suma de TVN, Canal 13, Mega, Chilevisión, La Red, TV+",2024-09-30,True,agregado,91.53152575070652,True,35804.87340659341,True,820.7841711229947,True
6 canales CMF,FY2023,anual,2023-01-01,2023-12-31,305479142,247193427,58285715,247193427,58285715,0,248326619,247193427,271684382,57152523,17657089,57152523,0,0,40628626,298362190,240076475,241209667,240076475,264567430,57152523,17657089,57152523,0,0,40628626,"suma de TVN, Canal 13, Mega, Chilevisión, La Red, TV+",2024-12-31,True,agregado,91.97600291973446,True,35974.36753424657,True,839.0734008097166,True
6 canales CMF,H2 2023,semestre2,2023-07-01,2023-12-31,165005726,132979777,32025949,132979777,32025949,0,133544429,132979777,146090481,31489578,10171735,31489578,-28281,-28281,21854214,161160432,129134483,129699135,129134483,142245187,31489578,10171735,31489578,-28281,-28281,21854214,"suma de TVN, Canal 13, Mega, Chilevisión, La Red, TV+",2024-12-31,True,agregado,92.75508206355578,True,36292.375706521736,True,872.737786885246,True
6 canales CMF,Q1 2024,trimestre,2024-01-01,2024-03-31,65625851,52041083,13584768,52041083,13584768,0,52309348,52041083,56841683,13316503,4427813,13316503,0,0,9156955,63907846,50323078,50591343,50323078,55123678,13316503,4427813,13316503,0,0,9156955,"suma de TVN, Canal 13, Mega, Chilevisión, La Red, TV+",2025-03-31,True,agregado,94.36810539787162,True,36849.12065934065,True,945.502380952381,True
6 canales CMF,H1 2024,semestre,2024-01-01,2024-06-30,143714990,111815214,31899776,111815214,31899776,0,112367858,111815214,121718941,31347132,12708701,31347132,0,0,19191075,140131820,108232044,108784688,108232044,118135771,31347132,12708701,31347132,0,0,19191075,"suma de TVN, Canal 13, Mega, Chilevisión, La Red, TV+",2025-06-30,True,agregado,94.9042516038989,True,37099.92164835164,True,940.4852000000001,True
6 canales CMF,9M 2024,acumulado9m,2024-01-01,2024-09-30,220134980,165946652,54188328,165946652,54188328,0,166784534,165946652,186099240,53350446,19858308,53350446,0,0,34330020,214757114,160568786,161406668,160568786,180721374,53350446,19858308,53350446,0,0,34330020,"suma de TVN, Canal 13, Mega, Chilevisión, La Red, TV+",2025-09-30,True,agregado,95.39106607769124,True,37298.57897810219,True,937.5626344086021,True
6 canales CMF,FY2024,anual,2024-01-01,2024-12-31,308100137,238767886,69332251,238767886,69332251,0,239871714,238767886,263786851,68228423,25347827,68228423,0,0,43984424,300452688,231120437,232224265,231120437,256139402,68228423,25347827,68228423,0,0,43984424,"suma de TVN, Canal 13, Mega, Chilevisión, La Red, TV+",2025-12-31,False,agregado,95.9321085325393,True,37508.218415300544,True,943.5824193548387,True
6 canales CMF,H2 2024,semestre2,2024-07-01,2024-12-31,164385147,126952672,37432475,126952672,37432475,0,127503856,126952672,142067910,36881291,12639126,36881291,0,0,24793349,160320868,122888393,123439577,122888393,138003631,36881291,12639126,36881291,0,0,24793349,"suma de TVN, Canal 13, Mega, Chilevisión, La Red, TV+",2025-12-31,True,agregado,96.95996546117972,True,37912.07717391304,True,946.73,True
6 canales CMF,Q1 2025,trimestre,2025-01-01,2025-03-31,73380144,54362834,19017310,54362834,19017310,0,54581687,54362834,60875959,18798457,8245558,18798457,0,0,10771752,71657883,52640573,52859426,52640573,59153698,18798457,8245558,18798457,0,0,10771752,"suma de TVN, Canal 13, Mega, Chilevisión, La Red, TV+",2026-03-31,False,agregado,98.99013284209353,True,38566.67744444444,True,964.0125396825397,True
6 canales CMF,H1 2025,semestre,2025-01-01,2025-06-30,153481263,116871437,36609826,116871437,34609826,2000000,117312917,116871437,127331720,34168346,15114453,34168346,2000000,2000000,21495373,150130559,113520733,113962213,113520733,123981016,34168346,15114453,34168346,2000000,2000000,21495373,"suma de TVN, Canal 13, Mega, Chilevisión, La Red, TV+",2026-06-30,True,agregado,99.32008733058444,True,38844.908121546956,True,955.7651612903226,True
6 canales CMF,9M 2025,acumulado9m,2025-01-01,2025-09-30,227913813,172907724,55006089,172907724,55006089,0,173608970,172907724,194217751,54304843,20194437,54304843,0,0,34811652,222665713,167659624,168360870,167659624,188969651,54304843,20194437,54304843,0,0,34811652,"suma de TVN, Canal 13, Mega, Chilevisión, La Red, TV+",2025-09-30,False,agregado,99.70640998887205,True,39003.31538461539,True,956.8946236559138,True
6 canales CMF,FY2025,anual,2025-01-01,2025-12-31,311494519,242083100,69411419,242083100,67411419,2000000,243081625,242083100,268084068,66412894,22429482,66412894,2000000,2000000,46981937,303935475,234524056,235522581,234524056,260525024,66412894,22429482,66412894,2000000,2000000,46981937,"suma de TVN, Canal 13, Mega, Chilevisión, La Red, TV+",2025-12-31,False,agregado,99.99999999999999,True,39156.96745205479,True,951.6412096774194,True
6 canales CMF,H2 2025,semestre2,2025-07-01,2025-12-31,158013256,125211663,32801593,125211663,32801593,0,125768708,125211663,140752348,32244548,7315029,32244548,0,0,25486564,153804916,121003323,121560368,121003323,136544008,32244548,7315029,32244548,0,0,25486564,"suma de TVN, Canal 13, Mega, Chilevisión, La Red, TV+",2025-12-31,True,agregado,100.67991266941551,True,39463.938858695656,True,947.5172580645159,True
6 canales CMF,Q1 2026,trimestre,2026-01-01,2026-03-31,74590554,57835239,16755315,57835239,16755315,0,58018859,57835239,64360008,16571695,5551201,16571695,0,0,11204114,72393187,55637872,55821492,55637872,62162641,16571695,5551201,16571695,0,0,11204114,"suma de TVN, Canal 13, Mega, Chilevisión, La Red, TV+",2026-03-31,False,agregado,101.58767254515989,True,39767.015555555554,True,886.0528571428572,True
6 canales CMF,H1 2026,semestre,2026-01-01,2026-06-30,155048226,119986669,35061557,119986669,33357843,1703714,120400199,119986669,131958914,32944313,10202668,32944313,1703714,1703714,24858889,150824817,115763260,116176790,115763260,127735505,32944313,10202668,32944313,1703714,1703714,24858889,"suma de TVN, Canal 13, Mega, Chilevisión, La Red, TV+",2026-06-30,False,agregado,102.65894188969503,True,40063.40762430939,True,892.7671774193549,True
Canal 13,FY2016,anual,2016-01-01,2016-12-31,74410742,61373211,13037531,61373211,13037531,0,61373211,61373211,61373211,13037531,0,13037531,0,0,13037531,74410742,61373211,61373211,61373211,61373211,13037531,0,13037531,0,0,13037531,data/raw/pdf/Canal 13/29080/2018040075032.pdf,2017-12-31,False,extraccion,66.39128627896237,True,26022.674754098363,True,676.8324206349207,True
Canal 13,FY2017,anual,2017-01-01,2017-12-31,69229869,55622194,13607675,55622194,13607675,0,55622194,55622194,55622194,13607675,0,13607675,0,0,13607675,69229869,55622194,55622194,55622194,55622194,13607675,0,13607675,0,0,13607675,data/raw/pdf/Canal 13/29080/2018040075032.pdf,2017-12-31,False,extraccion,67.71114094531596,True,26571.92610958904,True,649.3287854251012,True
Canal 13,FY2018,anual,2018-01-01,2018-12-31,79762071,59435373,20326698,59435373,20326698,0,59435373,59435373,59435373,13896600,0,13896600,6430098,6430098,20326698,79762071,59435373,59435373,59435373,59435373,13896600,0,13896600,6430098,6430098,20326698,data/raw/pdf/Canal 13/28617/archivo(3).pdf,2019-12-31,False,"desglose de nota (data/raw/pdf/Canal 13/28617/archivo(3).pdf, p. 89),extraccion",69.30760927123049,True,27165.746301369858,True,640.2907723577235,True
Canal 13,Q1 2019,trimestre,2019-01-01,2019-03-31,17146359,14387384,2758975,14387384,2758975,0,14387384,14387384,14387384,2758975,0,2758975,0,0,2758975,17146359,14387384,14387384,14387384,14387384,2758975,0,2758975,0,0,2758975,data/raw/pdf/Canal 13/29049/2020050177776_1.pdf,2020-03-31,False,extraccion,70.1698857500604,True,27556.739888888886,True,667.3444444444444,True
Canal 13,H1 2019,semestre,2019-01-01,2019-06-30,37785257,31710265,6074992,31710265,6074992,0,31710265,31710265,31710265,6074992,0,6074992,0,0,6074992,37785257,31710265,31710265,31710265,31710265,6074992,0,6074992,0,0,6074992,data/raw/pdf/Canal 13/29819/2.pdf,2020-06-30,False,extraccion,70.53347527463977,True,27636.73309392265,True,675.5067200000001,True
Canal 13,Q2 2019,trimestre,2019-04-01,2019-06-30,20638898,17322881,3316017,17322881,3316017,0,17322881,17322881,17322881,3316017,0,3316017,0,0,3316017,20638898,17322881,17322881,17322881,17322881,3316017,0,3316017,0,0,3316017,data/raw/pdf/Canal 13/29819/2.pdf,2020-06-30,False,extraccion,70.89706479921914,True,27715.847252747248,True,683.8006451612903,True
Canal 13,9M 2019,acumulado9m,2019-01-01,2019-09-30,55797908,46668863,9129045,46668863,9129045,0,46668863,46668863,46668863,9129045,0,9129045,0,0,9129045,55797908,46668863,46668863,46668863,46668863,9129045,0,9129045,0,0,9129045,data/raw/pdf/Canal 13/38818/2020110488373_1.pdf,2020-09-30,False,extraccion,70.78074277002335,True,27751.876263736263,True,685.2224731182796,True
Canal 13,Q3 2019,trimestre,2019-07-01,2019-09-30,18012651,14958598,3054053,14958598,3054053,0,14958598,14958598,14958598,3054053,0,3054053,0,0,3054053,18012651,14958598,14958598,14958598,14958598,3054053,0,3054053,0,0,3054053,data/raw/pdf/Canal 13/38818/2020110488373_1.pdf,2020-09-30,False,extraccion,71.2752777607905,True,27978.40793478261,True,705.1318032786885,True
Canal 13,FY2019,anual,2019-01-01,2019-12-31,65571174,60659518,4911656,60659518,4911656,0,60659518,60659518,60659518,4911656,0,4911656,0,0,4911656,65571174,60659518,60659518,60659518,60659518,4911656,0,4911656,0,0,4911656,data/raw/pdf/Canal 13/47350/2021030123089_1.pdf,2020-12-31,True,extraccion,71.07686469490493,True,27854.391863013698,True,702.6310483870968,True
Canal 13,H2 2019,semestre2,2019-07-01,2019-12-31,27785917,28949253,-1163336,28949253,-1163336,0,28949253,28949253,28949253,-1163336,0,-1163336,0,0,-1163336,27785917,28949253,28949253,28949253,28949253,-1163336,0,-1163336,0,0,-1163336,data/raw/pdf/Canal 13/47350/2021030123089_1.pdf − data/raw/pdf/Canal 13/29819/2.pdf,2020-12-31,True,derivado (anual − H1),71.62025411517008,True,28068.501847826086,True,730.1964227642276,True
Canal 13,Q1 2020,trimestre,2020-01-01,2020-03-31,27692328,13672476,14019852,13672476,14019852,0,13672476,13672476,13672476,14019852,0,14019852,0,0,14019852,27692328,13672476,13672476,13672476,13672476,14019852,0,14019852,0,0,14019852,data/raw/pdf/Canal 13/47714/2021050211434_3.pdf,2021-03-31,True,extraccion,72.73540573351929,True,28417.99516483516,True,803.0015625000001,True
Canal 13,H1 2020,semestre,2020-01-01,2020-06-30,39008939,24856378,14152561,24856378,14152561,0,24856378,24856378,24856378,381022,0,381022,13771539,13771539,14152561,39008939,24856378,24856378,24856378,24856378,381022,0,381022,13771539,13771539,14152561,data/raw/pdf/Canal 13/49397/2021090376181_3.pdf,2021-06-30,True,"desglose de nota (data/raw/pdf/Canal 13/29819/2.pdf, p. 74),extraccion",72.82000132352418,True,28554.21956043956,True,812.76352,True
Canal 13,Q2 2020,trimestre,2020-04-01,2020-06-30,11308959,11183902,125057,11183902,125057,0,11183902,11183902,11183902,125057,0,125057,0,0,125057,11308959,11183902,11183902,11183902,11183902,125057,0,125057,0,0,125057,data/raw/pdf/Canal 13/49397/2021090376181_3.pdf,2021-06-30,True,extraccion,72.90459691352908,True,28690.443956043953,True,823.0055737704918,True
Canal 13,9M 2020,acumulado9m,2020-01-01,2020-09-30,53149356,38850076,14299280,38850076,14299280,0,38850076,38850076,38850076,527741,0,527741,13771539,13771539,14299280,53149356,38850076,38850076,38850076,38850076,527741,0,527741,13771539,13771539,14299280,data/raw/pdf/Canal 13/49903/2021110476519_1.pdf,2021-09-30,True,"desglose de nota (data/raw/pdf/Canal 13/38818/2020110488373_1.pdf, p. 69),extraccion",72.91302004610303,True,28596.752700729925,True,802.0043915343916,True
Canal 13,Q3 2020,trimestre,2020-07-01,2020-09-30,13882739,13724803,157936,13724803,157936,0,13724803,13724803,13724803,157936,0,157936,0,0,157936,13882739,13724803,13724803,13724803,13724803,157936,0,157936,0,0,157936,data/raw/pdf/Canal 13/49903/2021110476519_1.pdf,2021-09-30,True,extraccion,73.09905749126075,True,28680.894347826088,True,780.99046875,True
Canal 13,FY2020,anual,2020-01-01,2020-12-31,71881546,49729360,22152186,49729360,22152186,0,49729360,49729360,49729360,8380647,0,8380647,13771539,13771539,22152186,71881546,49729360,49729360,49729360,49729360,8380647,0,8380647,13771539,13771539,22152186,data/raw/pdf/Canal 13/50693/Estados financieros.pdf,2021-12-31,True,"desglose de nota (data/raw/pdf/Canal 13/47350/2021030123089_1.pdf, p. 75),extraccion",73.17320118894278,True,28678.814453551913,True,792.2218326693227,True
Canal 13,H2 2020,semestre2,2020-07-01,2020-12-31,32872607,24872982,7999625,24872982,7999625,0,24872982,24872982,24872982,7999625,0,7999625,0,0,7999625,32872607,24872982,24872982,24872982,24872982,7999625,0,7999625,0,0,7999625,data/raw/pdf/Canal 13/50693/Estados financieros.pdf − data/raw/pdf/Canal 13/49397/2021090376181_3.pdf,2021-12-31,True,derivado (anual − H1),73.52640105436139,True,28802.05505434783,True,771.8431746031746,True
Canal 13,Q1 2021,trimestre,2021-01-01,2021-03-31,12224997,11362218,862779,11362218,862779,0,11362218,11362218,11362218,862779,0,862779,0,0,862779,12224997,11362218,11362218,11362218,11362218,862779,0,862779,0,0,862779,data/raw/pdf/Canal 13/51266/Estados Financieros Marzo 2022.pdf,2022-03-31,True,extraccion,74.79446958951426,True,29214.230111111112,True,724.2868253968253,True
Canal 13,H1 2021,semestre,2021-01-01,2021-06-30,27909751,22974963,4934788,22974963,4934788,0,22974963,22974963,22974963,4934788,0,4934788,0,0,4934788,27909751,22974963,22974963,22974963,22974963,4934788,0,4934788,0,0,4934788,data/raw/pdf/Canal 13/53286/2022090357517_2.pdf,2022-06-30,True,extraccion,75.1570197771643,True,29384.986906077353,True,719.9266129032259,True
Canal 13,Q2 2021,trimestre,2021-04-01,2021-06-30,15684754,13094956,2589798,13094956,2589798,0,13094956,13094956,13094956,2589798,0,2589798,0,0,2589798,15684754,13094956,13094956,13094956,13094956,2589798,0,2589798,0,0,2589798,data/raw/pdf/Canal 13/53286/2022090357517_2.pdf,2022-06-30,True,extraccion,75.51956996481432,True,29553.867252747255,True,715.4234426229506,True
Canal 13,9M 2021,acumulado9m,2021-01-01,2021-09-30,44777954,36754262,8023692,36754262,8023692,0,36754262,36754262,36754262,8023692,0,8023692,0,0,8023692,44777954,36754262,36754262,36754262,36754262,8023692,0,8023692,0,0,8023692,data/raw/pdf/Canal 13/57118/2022110453755_0.pdf,2022-09-30,True,extraccion,75.69135058495596,True,29546.11271062271,True,737.4602127659574,True
Canal 13,Q3 2021,trimestre,2021-07-01,2021-09-30,16868205,13779299,3088906,13779299,3088906,0,13779299,13779299,13779299,3088906,0,3088906,0,0,3088906,16868205,13779299,13779299,13779299,13779299,3088906,0,3088906,0,0,3088906,data/raw/pdf/Canal 13/57118/2022110453755_0.pdf,2022-09-30,True,extraccion,76.7600122005393,True,29863.110217391306,True,771.4315624999999,True
Canal 13,FY2021,anual,2021-01-01,2021-12-31,64326011,53117995,11208016,53117995,11208016,0,53117995,53117995,53117995,11208016,0,11208016,0,0,11208016,64326011,53117995,53117995,53117995,53117995,11208016,0,11208016,0,0,11208016,data/raw/pdf/Canal 13/68977/2023030137056_2.pdf,2022-12-31,True,extraccion,76.50681815733448,True,29802.931589041098,True,759.2728400000001,True
Canal 13,H2 2021,semestre2,2021-07-01,2021-12-31,36416260,30143032,6273228,30143032,6273228,0,30143032,30143032,30143032,6273228,0,6273228,0,0,6273228,36416260,30143032,30143032,30143032,30143032,6273228,0,6273228,0,0,6273228,data/raw/pdf/Canal 13/68977/2023030137056_2.pdf − data/raw/pdf/Canal 13/53286/2022090357517_2.pdf,2022-12-31,True,derivado (anual − H1),77.85661653750465,True,30214.061956521742,True,797.9945238095238,True
Canal 13,Q1 2022,trimestre,2022-01-01,2022-03-31,13575653,10663300,2912353,10663300,2912353,0,10663300,10663300,10663300,2912353,0,2912353,0,0,2912353,13575653,10663300,10663300,10663300,10663300,2912353,0,2912353,0,0,2912353,data/raw/pdf/Canal 13/70644/2023050231569_3.pdf,2023-03-31,True,extraccion,81.13075711547621,True,31377.420333333335,True,809.151875,True
Canal 13,H1 2022,semestre,2022-01-01,2022-06-30,29817250,23861263,5955987,23861263,5955987,0,23861263,23861263,23861263,5955987,0,5955987,0,0,5955987,29817250,23861263,23861263,23861263,23861263,5955987,0,5955987,0,0,5955987,data/raw/pdf/Canal 13/73693/2023090394048-1 Estados Financieros Intermedios Junio 2023.pdf,2023-06-30,False,extraccion,82.71783782793095,True,31900.878397790057,True,824.8424603174606,True
Canal 13,Q2 2022,trimestre,2022-04-01,2022-06-30,16241597,13197963,3043634,13197963,3043634,0,13197963,13197963,13197963,3043634,0,3043634,0,0,3043634,16241597,13197963,13197963,13197963,13197963,3043634,0,3043634,0,0,3043634,data/raw/pdf/Canal 13/73693/2023090394048-1 Estados Financieros Intermedios Junio 2023.pdf,2023-06-30,False,extraccion,84.30491854038569,True,32418.584175824177,True,841.0391935483871,True
Canal 13,9M 2022,acumulado9m,2022-01-01,2022-09-30,45710428,35905294,9805134,35905294,9805134,0,35905294,35905294,35905294,9805134,0,9805134,0,0,9805134,45710428,35905294,35905294,35905294,35905294,9805134,0,9805134,0,0,9805134,data/raw/pdf/Canal 13/75889/2023110517059_3.pdf,2023-09-30,False,extraccion,84.24176146381704,True,32488.16208791209,True,858.5919576719577,True
Canal 13,Q3 2022,trimestre,2022-07-01,2022-09-30,15893178,12044031,3849147,12044031,3849147,0,12044031,12044031,12044031,3849147,0,3849147,0,0,3849147,15893178,12044031,12044031,12044031,12044031,3849147,0,3849147,0,0,3849147,data/raw/pdf/Canal 13/75889/2023110517059_3.pdf,2023-09-30,False,extraccion,87.28960873558924,True,33643.57891304348,True,926.0909523809523,True
Canal 13,FY2022,anual,2022-01-01,2022-12-31,64707615,51087847,13619768,51087847,13619768,0,51087847,51087847,51087847,13619768,0,13619768,0,0,13619768,64707615,51087847,51087847,51087847,51087847,13619768,0,13619768,0,0,13619768,data/raw/pdf/Canal 13/79944/2024040190694_4.pdf,2023-12-31,False,extraccion,85.50135647028573,True,33047.14161643836,True,872.3315200000001,True
Canal 13,H2 2022,semestre2,2022-07-01,2022-12-31,34890365,27226584,7663781,27226584,7663781,0,27226584,27226584,27226584,7663781,0,7663781,0,0,7663781,34890365,27226584,27226584,27226584,27226584,7663781,0,7663781,0,0,7663781,data/raw/pdf/Canal 13/79944/2024040190694_4.pdf − data/raw/pdf/Canal 13/73693/2023090394048-1 Estados Financieros Intermedios Junio 2023.pdf,2023-12-31,False,derivado (anual − H1),88.28487511264052,True,34174.71576086956,True,920.5865322580644,True
Canal 13,Q1 2023,trimestre,2023-01-01,2023-03-31,16107984,12603737,3504247,12603737,3504247,0,12603737,12603737,12603737,3504247,0,3504247,0,0,3504247,16107984,12603737,12603737,12603737,12603737,3504247,0,3504247,0,0,3504247,data/raw/pdf/Canal 13/82002/Estados financieros 1.pdf,2024-03-31,False,extraccion,90.74356805233406,True,35396.80522222222,True,811.51234375,True
Canal 13,H1 2023,semestre,2023-01-01,2023-06-30,32833725,25467845,7365880,25467845,7365880,0,25467845,25467845,25467845,7365880,0,7365880,0,0,7365880,32833725,25467845,25467845,25467845,25467845,7365880,0,7365880,0,0,7365880,data/raw/pdf/Canal 13/85354/2024090487105_3.pdf,2024-06-30,False,extraccion,91.19692377591316,True,35651.08850828729,True,806.21696,True
Canal 13,Q2 2023,trimestre,2023-04-01,2023-06-30,16725741,12864108,3861633,12864108,3861633,0,12864108,12864108,12864108,3861633,0,3861633,0,0,3861633,16725741,12864108,12864108,12864108,12864108,3861633,0,3861633,0,0,3861633,data/raw/pdf/Canal 13/85354/2024090487105_3.pdf,2024-06-30,False,extraccion,91.65027949949224,True,35902.57747252747,True,800.6611475409835,True
Canal 13,9M 2023,acumulado9m,2023-01-01,2023-09-30,49280061,38294996,10985065,38294996,10985065,0,38294996,38294996,38294996,10985065,0,10985065,0,0,10985065,49280061,38294996,38294996,38294996,38294996,10985065,0,10985065,0,0,10985065,data/raw/pdf/Canal 13/88266/2024110657792_2.pdf,2024-09-30,False,extraccion,91.53152575070652,True,35804.87340659341,True,820.7841711229947,True
Canal 13,Q3 2023,trimestre,2023-07-01,2023-09-30,16446336,12827151,3619185,12827151,3619185,0,12827151,12827151,12827151,3619185,0,3619185,0,0,3619185,16446336,12827151,12827151,12827151,12827151,3619185,0,3619185,0,0,3619185,data/raw/pdf/Canal 13/88266/2024110657792_2.pdf,2024-09-30,False,extraccion,92.20072970029327,True,36107.42847826087,True,850.1535483870967,True
Canal 13,FY2023,anual,2023-01-01,2023-12-31,72062779,55925108,16137671,55925108,16137671,0,55925108,55925108,55925108,16137671,0,16137671,0,0,16137671,72062779,55925108,55925108,55925108,55925108,16137671,0,16137671,0,0,16137671,data/raw/pdf/Canal 13/93013/estados financieros.pdf,2024-12-31,False,extraccion,91.97600291973446,True,35974.36753424657,True,839.0734008097166,True
Canal 13,H2 2023,semestre2,2023-07-01,2023-12-31,39229054,30457263,8771791,30457263,8771791,0,30457263,30457263,30457263,8771791,0,8771791,0,0,8771791,39229054,30457263,30457263,30457263,30457263,8771791,0,8771791,0,0,8771791,data/raw/pdf/Canal 13/93013/estados financieros.pdf − data/raw/pdf/Canal 13/85354/2024090487105_3.pdf,2024-12-31,False,derivado (anual − H1),92.75508206355578,True,36292.375706521736,True,872.737786885246,True
Canal 13,Q1 2024,trimestre,2024-01-01,2024-03-31,17356814,13000459,4356355,13000459,4356355,0,13000459,13000459,13000459,4356355,0,4356355,0,0,4356355,17356814,13000459,13000459,13000459,13000459,4356355,0,4356355,0,0,4356355,data/raw/pdf/Canal 13/95045/2025050380967_0.pdf,2025-03-31,False,extraccion,94.36810539787162,True,36849.12065934065,True,945.502380952381,True
Canal 13,H1 2024,semestre,2024-01-01,2024-06-30,36869423,27582075,9287348,27582075,9287348,0,27582075,27582075,27582075,9287348,0,9287348,0,0,9287348,36869423,27582075,27582075,27582075,27582075,9287348,0,9287348,0,0,9287348,data/raw/pdf/Canal 13/98820/2025090628474_3.pdf,2025-06-30,True,extraccion,94.9042516038989,True,37099.92164835164,True,940.4852000000001,True
Canal 13,Q2 2024,trimestre,2024-04-01,2024-06-30,19512609,14581616,4930993,14581616,4930993,0,14581616,14581616,14581616,4930993,0,4930993,0,0,4930993,19512609,14581616,14581616,14581616,14581616,4930993,0,4930993,0,0,4930993,data/raw/pdf/Canal 13/98820/2025090628474_3.pdf,2025-06-30,False,extraccion,95.44039780992614,True,37350.72263736263,True,935.3870967741934,True
Canal 13,9M 2024,acumulado9m,2024-01-01,2024-09-30,56566576,42389144,14177432,42389144,14177432,0,42389144,42389144,42389144,14177432,0,14177432,0,0,14177432,56566576,42389144,42389144,42389144,42389144,14177432,0,14177432,0,0,14177432,data/raw/pdf/Canal 13/101639/Estados financieros intermedios.pdf,2025-09-30,False,extraccion,95.39106607769124,True,37298.57897810219,True,937.5626344086021,True
Canal 13,Q3 2024,trimestre,2024-07-01,2024-09-30,19697153,14807070,4890083,14807070,4890083,0,14807070,14807070,14807070,4890083,0,4890083,0,0,4890083,19697153,14807070,14807070,14807070,14807070,4890083,0,4890083,0,0,4890083,data/raw/pdf/Canal 13/101639/Estados financieros intermedios.pdf,2025-09-30,False,extraccion,96.36469502527594,True,37691.575,True,931.5737704918033,True
Canal 13,FY2024,anual,2024-01-01,2024-12-31,78910289,59944830,18965459,59944830,18965459,0,59944830,59944830,59944830,18965459,0,18965459,0,0,18965459,78910289,59944830,59944830,59944830,59944830,18965459,0,18965459,0,0,18965459,data/raw/pdf/Canal 13/109182/2026030220532_1.pdf,2025-12-31,False,extraccion,95.9321085325393,True,37508.218415300544,True,943.5824193548387,True
Canal 13,H2 2024,semestre2,2024-07-01,2024-12-31,42040866,32362755,9678111,32362755,9678111,0,32362755,32362755,32362755,9678111,0,9678111,0,0,9678111,42040866,32362755,32362755,32362755,32362755,9678111,0,9678111,0,0,9678111,data/raw/pdf/Canal 13/109182/2026030220532_1.pdf − data/raw/pdf/Canal 13/98820/2025090628474_3.pdf,2025-12-31,True,derivado (anual − H1),96.95996546117972,True,37912.07717391304,True,946.73,True
Canal 13,Q1 2025,trimestre,2025-01-01,2025-03-31,16595810,12337183,4258627,12337183,4258627,0,12337183,12337183,12337183,4258627,0,4258627,0,0,4258627,16595810,12337183,12337183,12337183,12337183,4258627,0,4258627,0,0,4258627,data/raw/pdf/Canal 13/111123/2026050358805_0.pdf,2026-03-31,False,extraccion,98.99013284209353,True,38566.67744444444,True,964.0125396825397,True
Canal 13,H1 2025,semestre,2025-01-01,2025-06-30,37163375,28128285,9035090,28128285,9035090,0,28128285,28128285,28128285,9035090,0,9035090,0,0,9035090,37163375,28128285,28128285,28128285,28128285,9035090,0,9035090,0,0,9035090,data/raw/pdf/Canal 13/113709/2026090594155-0.pdf,2026-06-30,False,extraccion,99.32008733058444,True,38844.908121546956,True,955.7651612903226,True
Canal 13,Q2 2025,trimestre,2025-04-01,2025-06-30,20567565,15791103,4776462,15791103,4776462,0,15791103,15791103,15791103,4776462,0,4776462,0,0,4776462,20567565,15791103,15791103,15791103,15791103,4776462,0,4776462,0,0,4776462,data/raw/pdf/Canal 13/113709/2026090594155-0.pdf,2026-06-30,False,extraccion,99.65004181907538,True,39120.08131868132,True,947.2473770491803,True
Canal 13,9M 2025,acumulado9m,2025-01-01,2025-09-30,57861070,44359445,13501625,44359445,13501625,0,44359445,44359445,44359445,13501625,0,13501625,0,0,13501625,57861070,44359445,44359445,44359445,44359445,13501625,0,13501625,0,0,13501625,data/raw/pdf/Canal 13/101639/Estados financieros intermedios.pdf,2025-09-30,False,extraccion,99.70640998887205,True,39003.31538461539,True,956.8946236559138,True
Canal 13,Q3 2025,trimestre,2025-07-01,2025-09-30,20697695,16231160,4466535,16231160,4466535,0,16231160,16231160,16231160,4466535,0,4466535,0,0,4466535,20697695,16231160,16231160,16231160,16231160,4466535,0,4466535,0,0,4466535,data/raw/pdf/Canal 13/101639/Estados financieros intermedios.pdf,2025-09-30,False,extraccion,100.47905530544729,True,39314.96445652174,True,959.1535483870969,True
Canal 13,FY2025,anual,2025-01-01,2025-12-31,81549524,62568555,18980969,62568555,18980969,0,62568555,62568555,62568555,18980969,0,18980969,0,0,18980969,81549524,62568555,62568555,62568555,62568555,18980969,0,18980969,0,0,18980969,data/raw/pdf/Canal 13/109182/2026030220532_1.pdf,2025-12-31,False,extraccion,99.99999999999999,True,39156.96745205479,True,951.6412096774194,True
Canal 13,H2 2025,semestre2,2025-07-01,2025-12-31,44386149,34440270,9945879,34440270,9945879,0,34440270,34440270,34440270,9945879,0,9945879,0,0,9945879,44386149,34440270,34440270,34440270,34440270,9945879,0,9945879,0,0,9945879,data/raw/pdf/Canal 13/109182/2026030220532_1.pdf − data/raw/pdf/Canal 13/113709/2026090594155-0.pdf,2025-12-31,False,derivado (anual − H1),100.67991266941551,True,39463.938858695656,True,947.5172580645159,True
Canal 13,Q1 2026,trimestre,2026-01-01,2026-03-31,17510966,12831621,4679345,12831621,4679345,0,12831621,12831621,12831621,4679345,0,4679345,0,0,4679345,17510966,12831621,12831621,12831621,12831621,4679345,0,4679345,0,0,4679345,data/raw/pdf/Canal 13/111123/2026050358805_0.pdf,2026-03-31,False,extraccion,101.58767254515989,True,39767.015555555554,True,886.0528571428572,True
Canal 13,H1 2026,semestre,2026-01-01,2026-06-30,38389971,27207041,11182930,27207041,11182930,0,27207041,27207041,27207041,11182930,0,11182930,0,0,11182930,38389971,27207041,27207041,27207041,27207041,11182930,0,11182930,0,0,11182930,data/raw/pdf/Canal 13/113709/2026090594155-0.pdf,2026-06-30,False,extraccion,102.65894188969503,True,40063.40762430939,True,892.7671774193549,True
Canal 13,Q2 2026,trimestre,2026-04-01,2026-06-30,20879005,14375421,6503584,14375421,6503584,0,14375421,14375421,14375421,6503584,0,6503584,0,0,6503584,20879005,14375421,14375421,14375421,14375421,6503584,0,6503584,0,0,6503584,data/raw/pdf/Canal 13/113709/2026090594155-0.pdf,2026-06-30,False,extraccion,103.73021123423018,True,40356.54263736264,True,899.7016393442623,True
Chilevisión,FY2016,anual,2016-01-01,2016-12-31,50565933,46522073,4043860,46522073,4043860,0,46522073,46522073,48007050,1484977,0,1484977,2558883,2558883,4043860,50565933,46522073,46522073,46522073,48007050,1484977,0,1484977,2558883,2558883,4043860,data/raw/pdf/Chilevisión/29083/articles-29083_recurso_1.pdf,2017-12-31,False,extraccion,66.39128627896237,True,26022.674754098363,True,676.8324206349207,True
Chilevisión,FY2017,anual,2017-01-01,2017-12-31,51631929,47796944,3834985,47796944,3834985,0,47796944,47796944,48939474,1142530,0,1142530,2692455,2692455,3834985,51631929,47796944,47796944,47796944,48939474,1142530,0,1142530,2692455,2692455,3834985,data/raw/pdf/Chilevisión/29083/articles-29083_recurso_1.pdf,2017-12-31,False,extraccion,67.71114094531596,True,26571.92610958904,True,649.3287854251012,True
Chilevisión,FY2018,anual,2018-01-01,2018-12-31,56632617,50480970,6151647,50480970,6151647,0,50480970,50480970,53274844,2793874,0,2793874,3357773,3357773,6151647,56632617,50480970,50480970,50480970,53274844,2793874,0,2793874,3357773,3357773,6151647,data/raw/pdf/Chilevisión/28710/2020040141840_2.pdf,2019-12-31,False,extraccion,69.30760927123049,True,27165.746301369858,True,640.2907723577235,True
Chilevisión,Q1 2019,trimestre,2019-01-01,2019-03-31,11609005,10837716,771289,10837716,771289,0,10837716,10837716,11589130,751414,0,751414,19875,19875,771289,11609005,10837716,10837716,10837716,11589130,751414,0,751414,19875,19875,771289,data/raw/pdf/Chilevisión/29052/2020050178104_2.pdf,2020-03-31,False,extraccion,70.1698857500604,True,27556.739888888886,True,667.3444444444444,True
Chilevisión,H1 2019,semestre,2019-01-01,2019-06-30,23673473,21801176,1872297,21801176,1872297,0,21801176,21801176,23628066,1826890,0,1826890,45407,45407,1872297,23673473,21801176,21801176,21801176,23628066,1826890,0,1826890,45407,45407,1872297,data/raw/pdf/Chilevisión/29823/2.pdf,2020-06-30,False,extraccion,70.53347527463977,True,27636.73309392265,True,675.5067200000001,True
Chilevisión,Q2 2019,trimestre,2019-04-01,2019-06-30,12064468,10963460,1101008,10963460,1101008,0,10963460,10963460,12038936,1075476,0,1075476,25532,25532,1101008,12064468,10963460,10963460,10963460,12038936,1075476,0,1075476,25532,25532,1101008,data/raw/pdf/Chilevisión/29823/2.pdf,2020-06-30,False,extraccion,70.89706479921914,True,27715.847252747248,True,683.8006451612903,True
Chilevisión,9M 2019,acumulado9m,2019-01-01,2019-09-30,35063192,32543118,2520074,32543118,2520074,0,32543118,32543118,35006440,2463322,0,2463322,56752,56752,2520074,35063192,32543118,32543118,32543118,35006440,2463322,0,2463322,56752,56752,2520074,data/raw/pdf/Chilevisión/38815/2020110486640_3.pdf,2020-09-30,False,extraccion,70.78074277002335,True,27751.876263736263,True,685.2224731182796,True
Chilevisión,Q3 2019,trimestre,2019-07-01,2019-09-30,11389719,10741942,647777,10741942,647777,0,10741942,10741942,11378374,636432,0,636432,11345,11345,647777,11389719,10741942,10741942,10741942,11378374,636432,0,636432,11345,11345,647777,data/raw/pdf/Chilevisión/38815/2020110486640_3.pdf,2020-09-30,False,extraccion,71.2752777607905,True,27978.40793478261,True,705.1318032786885,True
Chilevisión,FY2019,anual,2019-01-01,2019-12-31,42612791,39573787,3039004,39573787,3039004,0,39573787,39573787,42422553,2848766,0,2848766,190238,190238,3039004,42612791,39573787,39573787,39573787,42422553,2848766,0,2848766,190238,190238,3039004,data/raw/pdf/Chilevisión/47353/2021030124626_1.pdf,2020-12-31,False,extraccion,71.07686469490493,True,27854.391863013698,True,702.6310483870968,True
Chilevisión,H2 2019,semestre2,2019-07-01,2019-12-31,18939318,17772611,1166707,17772611,1166707,0,17772611,17772611,18794487,1021876,0,1021876,144831,144831,1166707,18939318,17772611,17772611,17772611,18794487,1021876,0,1021876,144831,144831,1166707,data/raw/pdf/Chilevisión/47353/2021030124626_1.pdf − data/raw/pdf/Chilevisión/29823/2.pdf,2020-12-31,False,derivado (anual − H1),71.62025411517008,True,28068.501847826086,True,730.1964227642276,True
Chilevisión,Q1 2020,trimestre,2020-01-01,2020-03-31,8933664,8222662,711002,8222662,711002,0,8222662,8222662,8921354,698692,0,698692,12310,12310,711002,8933664,8222662,8222662,8222662,8921354,698692,0,698692,12310,12310,711002,data/raw/pdf/Chilevisión/47716/2021050210956_2.pdf,2021-03-31,False,extraccion,72.73540573351929,True,28417.99516483516,True,803.0015625000001,True
Chilevisión,H1 2020,semestre,2020-01-01,2020-06-30,16318489,15004315,1314174,15004315,1314174,0,15004315,15004315,16296531,1292216,0,1292216,21958,21958,1314174,16318489,15004315,15004315,15004315,16296531,1292216,0,1292216,21958,21958,1314174,data/raw/pdf/Chilevisión/49401/2021090377437_0 (2).pdf,2021-06-30,False,extraccion,72.82000132352418,True,28554.21956043956,True,812.76352,True
Chilevisión,Q2 2020,trimestre,2020-04-01,2020-06-30,7384825,6781653,603172,6781653,603172,0,6781653,6781653,7375177,593524,0,593524,9648,9648,603172,7384825,6781653,6781653,6781653,7375177,593524,0,593524,9648,9648,603172,data/raw/pdf/Chilevisión/49401/2021090377437_0 (2).pdf,2021-06-30,False,extraccion,72.90459691352908,True,28690.443956043953,True,823.0055737704918,True
Chilevisión,9M 2020,acumulado9m,2020-01-01,2020-09-30,26603045,24676465,1926580,24676465,1926580,0,24676465,24676465,26571729,1895264,0,1895264,31316,31316,1926580,26603045,24676465,24676465,24676465,26571729,1895264,0,1895264,31316,31316,1926580,data/raw/pdf/Chilevisión/49918/2021110477681_1 (1).pdf,2021-09-30,False,extraccion,72.91302004610303,True,28596.752700729925,True,802.0043915343916,True
Chilevisión,Q3 2020,trimestre,2020-07-01,2020-09-30,10284556,9672150,612406,9672150,612406,0,9672150,9672150,10275198,603048,0,603048,9358,9358,612406,10284556,9672150,9672150,9672150,10275198,603048,0,603048,9358,9358,612406,data/raw/pdf/Chilevisión/49918/2021110477681_1 (1).pdf,2021-09-30,False,extraccion,73.09905749126075,True,28680.894347826088,True,780.99046875,True
Chilevisión,FY2020,anual,2020-01-01,2020-12-31,45155959,42246991,2908968,42246991,2908968,0,42246991,42246991,45112819,2865828,0,2865828,43140,43140,2908968,45155959,42246991,42246991,42246991,45112819,2865828,0,2865828,43140,43140,2908968,data/raw/pdf/Chilevisión/50697/Estados Financieros.pdf,2021-12-31,False,extraccion,73.17320118894278,True,28678.814453551913,True,792.2218326693227,True
Chilevisión,H2 2020,semestre2,2020-07-01,2020-12-31,28837470,27242676,1594794,27242676,1594794,0,27242676,27242676,28816288,1573612,0,1573612,21182,21182,1594794,28837470,27242676,27242676,27242676,28816288,1573612,0,1573612,21182,21182,1594794,data/raw/pdf/Chilevisión/50697/Estados Financieros.pdf − data/raw/pdf/Chilevisión/49401/2021090377437_0 (2).pdf,2021-12-31,False,derivado (anual − H1),73.52640105436139,True,28802.05505434783,True,771.8431746031746,True
Chilevisión,Q1 2021,trimestre,2021-01-01,2021-03-31,11364012,10707623,656389,10707623,656389,0,10707623,10707623,11361898,654275,0,654275,2114,2114,656389,11364012,10707623,10707623,10707623,11361898,654275,0,654275,2114,2114,656389,data/raw/pdf/Chilevisión/51270/Estados Financieros Marzo 2022.pdf,2022-03-31,False,extraccion,74.79446958951426,True,29214.230111111112,True,724.2868253968253,True
Chilevisión,H1 2021,semestre,2021-01-01,2021-06-30,28594660,26778427,1816233,26778427,1816233,0,26778427,26778427,28426057,1647630,0,1647630,168603,168603,1816233,28594660,26778427,26778427,26778427,28426057,1647630,0,1647630,168603,168603,1816233,data/raw/pdf/Chilevisión/53290/2022090358208_3.pdf,2022-06-30,True,extraccion,75.1570197771643,True,29384.986906077353,True,719.9266129032259,True
Chilevisión,Q2 2021,trimestre,2021-04-01,2021-06-30,17230648,16226426,1004222,16226426,1004222,0,16226426,16226426,17219781,993355,0,993355,10867,10867,1004222,17230648,16226426,16226426,16226426,17219781,993355,0,993355,10867,10867,1004222,data/raw/pdf/Chilevisión/53290/2022090358208_3.pdf,2022-06-30,True,extraccion,75.51956996481432,True,29553.867252747255,True,715.4234426229506,True
Chilevisión,9M 2021,acumulado9m,2021-01-01,2021-09-30,47944740,45253865,2690875,45253865,2690875,0,45253865,45253865,47577017,2323152,0,2323152,367723,367723,2690875,47944740,45253865,45253865,45253865,47577017,2323152,0,2323152,367723,367723,2690875,data/raw/pdf/Chilevisión/57122/2022110453703_1.pdf,2022-09-30,True,extraccion,75.69135058495596,True,29546.11271062271,True,737.4602127659574,True
Chilevisión,Q3 2021,trimestre,2021-07-01,2021-09-30,19350080,18475438,874642,18475438,874642,0,18475438,18475438,19150960,675522,0,675522,199120,199120,874642,19350080,18475438,18475438,18475438,19150960,675522,0,675522,199120,199120,874642,data/raw/pdf/Chilevisión/57122/2022110453703_1.pdf,2022-09-30,True,extraccion,76.7600122005393,True,29863.110217391306,True,771.4315624999999,True
Chilevisión,FY2021,anual,2021-01-01,2021-12-31,73181442,69317432,3864010,69317432,3864010,0,69317432,69317432,72976412,3658980,0,3658980,205030,205030,3864010,73181442,69317432,69317432,69317432,72976412,3658980,0,3658980,205030,205030,3864010,data/raw/pdf/Chilevisión/68983/2023030138847_1.pdf,2022-12-31,True,extraccion,76.50681815733448,True,29802.931589041098,True,759.2728400000001,True
Chilevisión,H2 2021,semestre2,2021-07-01,2021-12-31,44586782,42539005,2047777,42539005,2047777,0,42539005,42539005,44550355,2011350,0,2011350,36427,36427,2047777,44586782,42539005,42539005,42539005,44550355,2011350,0,2011350,36427,36427,2047777,data/raw/pdf/Chilevisión/68983/2023030138847_1.pdf − data/raw/pdf/Chilevisión/53290/2022090358208_3.pdf,2022-12-31,True,derivado (anual − H1),77.85661653750465,True,30214.061956521742,True,797.9945238095238,True
Chilevisión,Q1 2022,trimestre,2022-01-01,2022-03-31,17340858,15608221,1732637,15608221,1732637,0,15608221,15608221,17258144,1649923,0,1649923,82714,82714,1732637,17340858,15608221,15608221,15608221,17258144,1649923,0,1649923,82714,82714,1732637,data/raw/pdf/Chilevisión/70647/2023050232246_1.pdf,2023-03-31,False,extraccion,81.13075711547621,True,31377.420333333335,True,809.151875,True
Chilevisión,H1 2022,semestre,2022-01-01,2022-06-30,37838403,32801174,5037229,32801174,5037229,0,32801174,32801174,37566379,4765205,0,4765205,272024,272024,5037229,37838403,32801174,32801174,32801174,37566379,4765205,0,4765205,272024,272024,5037229,data/raw/pdf/Chilevisión/73701/2023090394685-3 Estados Financieros 06.2023.pdf,2023-06-30,False,extraccion,82.71783782793095,True,31900.878397790057,True,824.8424603174606,True
Chilevisión,Q2 2022,trimestre,2022-04-01,2022-06-30,20497545,17273411,3224134,17273411,3224134,0,17273411,17273411,20388693,3115282,0,3115282,108852,108852,3224134,20497545,17273411,17273411,17273411,20388693,3115282,0,3115282,108852,108852,3224134,data/raw/pdf/Chilevisión/73701/2023090394685-3 Estados Financieros 06.2023.pdf,2023-06-30,False,extraccion,84.30491854038569,True,32418.584175824177,True,841.0391935483871,True
Chilevisión,9M 2022,acumulado9m,2022-01-01,2022-09-30,58113647,49804036,8309611,49804036,8309611,0,49804036,49804036,57690496,7886460,0,7886460,423151,423151,8309611,58113647,49804036,49804036,49804036,57690496,7886460,0,7886460,423151,423151,8309611,data/raw/pdf/Chilevisión/75891/2023110513636_2.pdf,2023-09-30,False,extraccion,84.24176146381704,True,32488.16208791209,True,858.5919576719577,True
Chilevisión,Q3 2022,trimestre,2022-07-01,2022-09-30,20275244,17002862,3272382,17002862,3272382,0,17002862,17002862,20124117,3121255,0,3121255,151127,151127,3272382,20275244,17002862,17002862,17002862,20124117,3121255,0,3121255,151127,151127,3272382,data/raw/pdf/Chilevisión/75891/2023110513636_2.pdf,2023-09-30,False,extraccion,87.28960873558924,True,33643.57891304348,True,926.0909523809523,True
Chilevisión,FY2022,anual,2022-01-01,2022-12-31,80568845,72400060,8168785,72400060,8168785,0,72400060,72400060,79310488,6910428,0,6910428,1258357,1258357,8168785,80568845,72400060,72400060,72400060,79310488,6910428,0,6910428,1258357,1258357,8168785,data/raw/pdf/Chilevisión/79941/2024030188463_3.pdf,2023-12-31,True,extraccion,85.50135647028573,True,33047.14161643836,True,872.3315200000001,True
Chilevisión,H2 2022,semestre2,2022-07-01,2022-12-31,42730442,39598886,3131556,39598886,3131556,0,39598886,39598886,41744109,2145223,0,2145223,986333,986333,3131556,42730442,39598886,39598886,39598886,41744109,2145223,0,2145223,986333,986333,3131556,data/raw/pdf/Chilevisión/79941/2024030188463_3.pdf − data/raw/pdf/Chilevisión/73701/2023090394685-3 Estados Financieros 06.2023.pdf,2023-12-31,True,derivado (anual − H1),88.28487511264052,True,34174.71576086956,True,920.5865322580644,True
Chilevisión,Q1 2023,trimestre,2023-01-01,2023-03-31,14167085,12338564,1828521,12338564,1828521,0,12338564,12338564,14138805,1800241,0,1800241,28280,28280,1828521,14167085,12338564,12338564,12338564,14138805,1800241,0,1800241,28280,28280,1828521,data/raw/pdf/Chilevisión/82006/Estados financieros_3.pdf,2024-03-31,False,extraccion,90.74356805233406,True,35396.80522222222,True,811.51234375,True
Chilevisión,H1 2023,semestre,2023-01-01,2023-06-30,32449172,30091907,2357265,30091907,2357265,0,30091907,30091907,32420891,2328984,0,2328984,28281,28281,2357265,32449172,30091907,30091907,30091907,32420891,2328984,0,2328984,28281,28281,2357265,data/raw/pdf/Chilevisión/85359/2024090483672_2.pdf,2024-06-30,True,extraccion,91.19692377591316,True,35651.08850828729,True,806.21696,True
Chilevisión,Q2 2023,trimestre,2023-04-01,2023-06-30,18282087,16068792,2213295,16068792,2213295,0,16068792,16068792,18282087,2213295,0,2213295,0,0,2213295,18282087,16068792,16068792,16068792,18282087,2213295,0,2213295,0,0,2213295,data/raw/pdf/Chilevisión/85359/2024090483672_2.pdf,2024-06-30,False,extraccion,91.65027949949224,True,35902.57747252747,True,800.6611475409835,True
Chilevisión,9M 2023,acumulado9m,2023-01-01,2023-09-30,54133020,50288951,3844069,50288951,3844069,0,50288951,50288951,54133020,3844069,0,3844069,0,0,3844069,54133020,50288951,50288951,50288951,54133020,3844069,0,3844069,0,0,3844069,data/raw/pdf/Chilevisión/88270/2024110655725_1.pdf,2024-09-30,False,extraccion,91.53152575070652,True,35804.87340659341,True,820.7841711229947,True
Chilevisión,Q3 2023,trimestre,2023-07-01,2023-09-30,21683848,20197044,1486804,20197044,1486804,0,20197044,20197044,21712128,1515084,0,1515084,-28280,-28280,1486804,21683848,20197044,20197044,20197044,21712128,1515084,0,1515084,-28280,-28280,1486804,data/raw/pdf/Chilevisión/88270/2024110655725_1.pdf,2024-09-30,True,extraccion,92.20072970029327,True,36107.42847826087,True,850.1535483870967,True
Chilevisión,FY2023,anual,2023-01-01,2023-12-31,76668211,70881777,5786434,70881777,5786434,0,70881777,70881777,76668211,5786434,0,5786434,0,0,5786434,76668211,70881777,70881777,70881777,76668211,5786434,0,5786434,0,0,5786434,data/raw/pdf/Chilevisión/93017/ESTADOS FINANCIEROS.pdf,2024-12-31,True,extraccion,91.97600291973446,True,35974.36753424657,True,839.0734008097166,True
Chilevisión,H2 2023,semestre2,2023-07-01,2023-12-31,44219039,40789870,3429169,40789870,3429169,0,40789870,40789870,44247320,3457450,0,3457450,-28281,-28281,3429169,44219039,40789870,40789870,40789870,44247320,3457450,0,3457450,-28281,-28281,3429169,data/raw/pdf/Chilevisión/93017/ESTADOS FINANCIEROS.pdf − data/raw/pdf/Chilevisión/85359/2024090483672_2.pdf,2024-12-31,True,derivado (anual − H1),92.75508206355578,True,36292.375706521736,True,872.737786885246,True
Chilevisión,Q1 2024,trimestre,2024-01-01,2024-03-31,13641433,13086810,554623,13086810,554623,0,13086810,13086810,13641433,554623,0,554623,0,0,554623,13641433,13086810,13086810,13086810,13641433,554623,0,554623,0,0,554623,data/raw/pdf/Chilevisión/95049/2025050383970_1.pdf,2025-03-31,True,extraccion,94.36810539787162,True,36849.12065934065,True,945.502380952381,True
Chilevisión,H1 2024,semestre,2024-01-01,2024-06-30,30856108,29539737,1316371,29539737,1316371,0,29539737,29539737,30856108,1316371,0,1316371,0,0,1316371,30856108,29539737,29539737,29539737,30856108,1316371,0,1316371,0,0,1316371,data/raw/pdf/Chilevisión/98825/2025090626894_1.pdf,2025-06-30,True,extraccion,94.9042516038989,True,37099.92164835164,True,940.4852000000001,True
Chilevisión,Q2 2024,trimestre,2024-04-01,2024-06-30,17214675,16452927,761748,16452927,761748,0,16452927,16452927,17214675,761748,0,761748,0,0,761748,17214675,16452927,16452927,16452927,17214675,761748,0,761748,0,0,761748,data/raw/pdf/Chilevisión/98825/2025090626894_1.pdf,2025-06-30,True,extraccion,95.44039780992614,True,37350.72263736263,True,935.3870967741934,True
Chilevisión,9M 2024,acumulado9m,2024-01-01,2024-09-30,50052540,43419101,6633439,43419101,6633439,0,43419101,43419101,50052540,6633439,0,6633439,0,0,6633439,50052540,43419101,43419101,43419101,50052540,6633439,0,6633439,0,0,6633439,data/raw/pdf/Chilevisión/101642/Estados financieros.pdf,2025-09-30,True,extraccion,95.39106607769124,True,37298.57897810219,True,937.5626344086021,True
Chilevisión,Q3 2024,trimestre,2024-07-01,2024-09-30,19196432,16117398,3079034,16117398,3079034,0,16117398,16117398,19196432,3079034,0,3079034,0,0,3079034,19196432,16117398,16117398,16117398,19196432,3079034,0,3079034,0,0,3079034,data/raw/pdf/Chilevisión/101642/Estados financieros.pdf,2025-09-30,True,extraccion,96.36469502527594,True,37691.575,True,931.5737704918033,True
Chilevisión,FY2024,anual,2024-01-01,2024-12-31,73317526,66752603,6564923,66752603,6564923,0,66752603,66752603,73317526,6564923,0,6564923,0,0,6564923,73317526,66752603,66752603,66752603,73317526,6564923,0,6564923,0,0,6564923,data/raw/pdf/Chilevisión/109184/2026030214248_1.pdf,2025-12-31,False,extraccion,95.9321085325393,True,37508.218415300544,True,943.5824193548387,True
Chilevisión,H2 2024,semestre2,2024-07-01,2024-12-31,42461418,37212866,5248552,37212866,5248552,0,37212866,37212866,42461418,5248552,0,5248552,0,0,5248552,42461418,37212866,37212866,37212866,42461418,5248552,0,5248552,0,0,5248552,data/raw/pdf/Chilevisión/109184/2026030214248_1.pdf − data/raw/pdf/Chilevisión/98825/2025090626894_1.pdf,2025-12-31,True,derivado (anual − H1),96.95996546117972,True,37912.07717391304,True,946.73,True
Chilevisión,Q1 2025,trimestre,2025-01-01,2025-03-31,16431122,14280315,2150807,14280315,2150807,0,14280315,14280315,16431122,2150807,0,2150807,0,0,2150807,16431122,14280315,14280315,14280315,16431122,2150807,0,2150807,0,0,2150807,data/raw/pdf/Chilevisión/111126/2026050359726_1.pdf,2026-03-31,False,extraccion,98.99013284209353,True,38566.67744444444,True,964.0125396825397,True
Chilevisión,H1 2025,semestre,2025-01-01,2025-06-30,35226547,33494199,1732348,33494199,1732348,0,33494199,33494199,35226547,1732348,0,1732348,0,0,1732348,35226547,33494199,33494199,33494199,35226547,1732348,0,1732348,0,0,1732348,data/raw/pdf/Chilevisión/113714/2026090594832-1.pdf,2026-06-30,False,extraccion,99.32008733058444,True,38844.908121546956,True,955.7651612903226,True
Chilevisión,Q2 2025,trimestre,2025-04-01,2025-06-30,18795426,18127151,668275,18127151,668275,0,18127151,18127151,18795426,668275,0,668275,0,0,668275,18795426,18127151,18127151,18127151,18795426,668275,0,668275,0,0,668275,data/raw/pdf/Chilevisión/113714/2026090594832-1.pdf,2026-06-30,False,extraccion,99.65004181907538,True,39120.08131868132,True,947.2473770491803,True
Chilevisión,9M 2025,acumulado9m,2025-01-01,2025-09-30,52219461,46337973,5881488,46337973,5881488,0,46337973,46337973,52219461,5881488,0,5881488,0,0,5881488,52219461,46337973,46337973,46337973,52219461,5881488,0,5881488,0,0,5881488,data/raw/pdf/Chilevisión/101642/Estados financieros.pdf,2025-09-30,False,extraccion,99.70640998887205,True,39003.31538461539,True,956.8946236559138,True
Chilevisión,Q3 2025,trimestre,2025-07-01,2025-09-30,16992914,15081807,1911107,15081807,1911107,0,15081807,15081807,16992914,1911107,0,1911107,0,0,1911107,16992914,15081807,15081807,15081807,16992914,1911107,0,1911107,0,0,1911107,data/raw/pdf/Chilevisión/101642/Estados financieros.pdf,2025-09-30,False,extraccion,100.47905530544729,True,39314.96445652174,True,959.1535483870969,True
Chilevisión,FY2025,anual,2025-01-01,2025-12-31,72498180,64981856,7516324,64981856,7516324,0,64981856,64981856,72498180,7516324,0,7516324,0,0,7516324,72498180,64981856,64981856,64981856,72498180,7516324,0,7516324,0,0,7516324,data/raw/pdf/Chilevisión/109184/2026030214248_1.pdf,2025-12-31,False,extraccion,99.99999999999999,True,39156.96745205479,True,951.6412096774194,True
Chilevisión,H2 2025,semestre2,2025-07-01,2025-12-31,37271633,31487657,5783976,31487657,5783976,0,31487657,31487657,37271633,5783976,0,5783976,0,0,5783976,37271633,31487657,31487657,31487657,37271633,5783976,0,5783976,0,0,5783976,data/raw/pdf/Chilevisión/109184/2026030214248_1.pdf − data/raw/pdf/Chilevisión/113714/2026090594832-1.pdf,2025-12-31,False,derivado (anual − H1),100.67991266941551,True,39463.938858695656,True,947.5172580645159,True
Chilevisión,Q1 2026,trimestre,2026-01-01,2026-03-31,15107634,13733801,1373833,13733801,1373833,0,13733801,13733801,15107634,1373833,0,1373833,0,0,1373833,15107634,13733801,13733801,13733801,15107634,1373833,0,1373833,0,0,1373833,data/raw/pdf/Chilevisión/111126/2026050359726_1.pdf,2026-03-31,False,extraccion,101.58767254515989,True,39767.015555555554,True,886.0528571428572,True
Chilevisión,H1 2026,semestre,2026-01-01,2026-06-30,36231357,32933666,3297691,32933666,3297691,0,32933666,32933666,36231357,3297691,0,3297691,0,0,3297691,36231357,32933666,32933666,32933666,36231357,3297691,0,3297691,0,0,3297691,data/raw/pdf/Chilevisión/113714/2026090594832-1.pdf,2026-06-30,False,extraccion,102.65894188969503,True,40063.40762430939,True,892.7671774193549,True
Chilevisión,Q2 2026,trimestre,2026-04-01,2026-06-30,21123723,19199865,1923858,19199865,1923858,0,19199865,19199865,21123723,1923858,0,1923858,0,0,1923858,21123723,19199865,19199865,19199865,21123723,1923858,0,1923858,0,0,1923858,data/raw/pdf/Chilevisión/113714/2026090594832-1.pdf,2026-06-30,False,extraccion,103.73021123423018,True,40356.54263736264,True,899.7016393442623,True
La Red,FY2016,anual,2016-01-01,2016-12-31,6728067,6422577,305490,6422577,305490,0,6422577,6422577,6422577,305490,305490,305490,0,0,0,6728067,6422577,6422577,6422577,6422577,305490,305490,305490,0,0,0,data/raw/pdf/La Red/29082/articles-29082_recurso_1.pdf,2017-12-31,False,extraccion,66.39128627896237,True,26022.674754098363,True,676.8324206349207,True
La Red,FY2017,anual,2017-01-01,2017-12-31,6365932,6174632,191300,6174632,191300,0,6174632,6174632,6174632,191300,191300,191300,0,0,0,6365932,6174632,6174632,6174632,6174632,191300,191300,191300,0,0,0,data/raw/pdf/La Red/29082/articles-29082_recurso_1.pdf,2017-12-31,False,extraccion,67.71114094531596,True,26571.92610958904,True,649.3287854251012,True
La Red,FY2018,anual,2018-01-01,2018-12-31,3826905,3667996,158909,3667996,158909,0,3667996,3667996,3667996,158909,158909,158909,0,0,0,3826905,3667996,3667996,3667996,3667996,158909,158909,158909,0,0,0,data/raw/pdf/La Red/28528/articles-28528_recurso_1.pdf,2019-12-31,False,extraccion,69.30760927123049,True,27165.746301369858,True,640.2907723577235,True
La Red,Q1 2019,trimestre,2019-01-01,2019-03-31,1040320,991405,48915,991405,48915,0,991405,991405,991405,48915,48915,48915,0,0,0,1040320,991405,991405,991405,991405,48915,48915,48915,0,0,0,data/raw/pdf/La Red/29050/2020050177661_2.pdf,2020-03-31,False,extraccion,70.1698857500604,True,27556.739888888886,True,667.3444444444444,True
La Red,H1 2019,semestre,2019-01-01,2019-06-30,2205750,2108100,97650,2108100,97650,0,2108100,2108100,2108100,97650,97650,97650,0,0,0,2205750,2108100,2108100,2108100,2108100,97650,97650,97650,0,0,0,data/raw/pdf/La Red/29820/3.pdf,2020-06-30,False,extraccion,70.53347527463977,True,27636.73309392265,True,675.5067200000001,True
La Red,9M 2019,acumulado9m,2019-01-01,2019-09-30,3318643,3142747,175896,3142747,175896,0,3142747,3142747,3142747,175896,175896,175896,0,0,0,3318643,3142747,3142747,3142747,3142747,175896,175896,175896,0,0,0,data/raw/pdf/La Red/38814/2020110486093_3.pdf,2020-09-30,False,extraccion,70.78074277002335,True,27751.876263736263,True,685.2224731182796,True
La Red,FY2019,anual,2019-01-01,2019-12-31,4211423,3955613,255810,3955613,255810,0,3955613,3955613,3955613,255810,255810,255810,0,0,0,4211423,3955613,3955613,3955613,3955613,255810,255810,255810,0,0,0,data/raw/pdf/La Red/47351/2021030120869_1.pdf,2020-12-31,False,extraccion,71.07686469490493,True,27854.391863013698,True,702.6310483870968,True
La Red,H2 2019,semestre2,2019-07-01,2019-12-31,2005673,1847513,158160,1847513,158160,0,1847513,1847513,1847513,158160,158160,158160,0,0,0,2005673,1847513,1847513,1847513,1847513,158160,158160,158160,0,0,0,data/raw/pdf/La Red/47351/2021030120869_1.pdf − data/raw/pdf/La Red/29820/3.pdf,2020-12-31,False,derivado (anual − H1),71.62025411517008,True,28068.501847826086,True,730.1964227642276,True
La Red,Q1 2020,trimestre,2020-01-01,2020-03-31,883508,785584,97924,785584,97924,0,785584,785584,785584,97924,97924,97924,0,0,0,883508,785584,785584,785584,785584,97924,97924,97924,0,0,0,data/raw/pdf/La Red/47715/2021050210171_2.pdf,2021-03-31,False,extraccion,72.73540573351929,True,28417.99516483516,True,803.0015625000001,True
La Red,H1 2020,semestre,2020-01-01,2020-06-30,1628152,1470882,157270,1470882,157270,0,1470882,1470882,1470882,157270,157270,157270,0,0,0,1628152,1470882,1470882,1470882,1470882,157270,157270,157270,0,0,0,data/raw/pdf/La Red/49398/2021090375853_2.pdf,2021-06-30,False,extraccion,72.82000132352418,True,28554.21956043956,True,812.76352,True
La Red,9M 2020,acumulado9m,2020-01-01,2020-09-30,2736238,2454838,281400,2454838,281400,0,2454838,2454838,2454838,281400,281400,281400,0,0,0,2736238,2454838,2454838,2454838,2454838,281400,281400,281400,0,0,0,data/raw/pdf/La Red/49905/2021110476849_2.pdf,2021-09-30,False,extraccion,72.91302004610303,True,28596.752700729925,True,802.0043915343916,True
La Red,FY2020,anual,2020-01-01,2020-12-31,4038531,3683368,355163,3683368,355163,0,3683368,3683368,3683368,355163,355163,355163,0,0,0,4038531,3683368,3683368,3683368,3683368,355163,355163,355163,0,0,0,data/raw/pdf/La Red/50694/Estados Financieros.pdf,2021-12-31,False,extraccion,73.17320118894278,True,28678.814453551913,True,792.2218326693227,True
La Red,H2 2020,semestre2,2020-07-01,2020-12-31,2410379,2212486,197893,2212486,197893,0,2212486,2212486,2212486,197893,197893,197893,0,0,0,2410379,2212486,2212486,2212486,2212486,197893,197893,197893,0,0,0,data/raw/pdf/La Red/50694/Estados Financieros.pdf − data/raw/pdf/La Red/49398/2021090375853_2.pdf,2021-12-31,False,derivado (anual − H1),73.52640105436139,True,28802.05505434783,True,771.8431746031746,True
La Red,Q1 2021,trimestre,2021-01-01,2021-03-31,812532,723252,89280,723252,89280,0,723252,723252,723252,89280,89280,89280,0,0,0,812532,723252,723252,723252,723252,89280,89280,89280,0,0,0,data/raw/pdf/La Red/51267/ESTADOS FINANCIEROS.pdf,2022-03-31,False,extraccion,74.79446958951426,True,29214.230111111112,True,724.2868253968253,True
La Red,H1 2021,semestre,2021-01-01,2021-06-30,2030895,1863833,167062,1863833,167062,0,1863833,1863833,1863833,167062,167062,167062,0,0,0,2030895,1863833,1863833,1863833,1863833,167062,167062,167062,0,0,0,data/raw/pdf/La Red/53287/2022090358063_3.pdf,2022-06-30,False,extraccion,75.1570197771643,True,29384.986906077353,True,719.9266129032259,True
La Red,9M 2021,acumulado9m,2021-01-01,2021-09-30,3360262,3131284,228978,3131284,228978,0,3131284,3131284,3131284,228978,228978,228978,0,0,0,3360262,3131284,3131284,3131284,3131284,228978,228978,228978,0,0,0,data/raw/pdf/La Red/57119/2022110454862_1.pdf,2022-09-30,False,extraccion,75.69135058495596,True,29546.11271062271,True,737.4602127659574,True
La Red,FY2021,anual,2021-01-01,2021-12-31,4860420,4563727,296693,4563727,296693,0,4563727,4563727,4563727,296693,296693,296693,0,0,0,4860420,4563727,4563727,4563727,4563727,296693,296693,296693,0,0,0,data/raw/pdf/La Red/72570/2023110499561_3.pdf,2022-12-31,False,extraccion,76.50681815733448,True,29802.931589041098,True,759.2728400000001,True
La Red,H2 2021,semestre2,2021-07-01,2021-12-31,2829525,2699894,129631,2699894,129631,0,2699894,2699894,2699894,129631,129631,129631,0,0,0,2829525,2699894,2699894,2699894,2699894,129631,129631,129631,0,0,0,data/raw/pdf/La Red/72570/2023110499561_3.pdf − data/raw/pdf/La Red/53287/2022090358063_3.pdf,2022-12-31,False,derivado (anual − H1),77.85661653750465,True,30214.061956521742,True,797.9945238095238,True
La Red,Q1 2022,trimestre,2022-01-01,2022-03-31,1229831,1159139,70692,1159139,70692,0,1159139,1159139,1159139,70692,70692,70692,0,0,0,1229831,1159139,1159139,1159139,1159139,70692,70692,70692,0,0,0,data/raw/pdf/La Red/76623/2023120563000_3 (1).pdf,2023-03-31,False,extraccion,81.13075711547621,True,31377.420333333335,True,809.151875,True
La Red,H1 2022,semestre,2022-01-01,2022-06-30,2256017,2124972,131045,2124972,131045,0,2124972,2124972,2124972,131045,131045,131045,0,0,0,2256017,2124972,2124972,2124972,2124972,131045,131045,131045,0,0,0,data/raw/pdf/La Red/78503/2024020089846_2.pdf,2023-06-30,False,extraccion,82.71783782793095,True,31900.878397790057,True,824.8424603174606,True
La Red,9M 2022,acumulado9m,2022-01-01,2022-09-30,2943178,2751730,191448,2751730,191448,0,2751730,2751730,2751730,191448,191448,191448,0,0,0,2943178,2751730,2751730,2751730,2751730,191448,191448,191448,0,0,0,data/raw/pdf/La Red/79938/2024030171021_1.pdf,2023-09-30,False,extraccion,84.24176146381704,True,32488.16208791209,True,858.5919576719577,True
La Red,FY2022,anual,2022-01-01,2022-12-31,3638369,3390618,247751,3390618,247751,0,3390618,3390618,3390618,247751,247751,247751,0,0,0,3638369,3390618,3390618,3390618,3390618,247751,247751,247751,0,0,0,data/raw/pdf/La Red/80608/Estados financieros.pdf,2023-12-31,False,extraccion,85.50135647028573,True,33047.14161643836,True,872.3315200000001,True
La Red,H2 2022,semestre2,2022-07-01,2022-12-31,1382352,1265646,116706,1265646,116706,0,1265646,1265646,1265646,116706,116706,116706,0,0,0,1382352,1265646,1265646,1265646,1265646,116706,116706,116706,0,0,0,data/raw/pdf/La Red/80608/Estados financieros.pdf − data/raw/pdf/La Red/78503/2024020089846_2.pdf,2023-12-31,False,derivado (anual − H1),88.28487511264052,True,34174.71576086956,True,920.5865322580644,True
La Red,Q1 2023,trimestre,2023-01-01,2023-03-31,478940,425029,53911,425029,53911,0,425029,425029,425029,53911,53911,53911,0,0,0,478940,425029,425029,425029,425029,53911,53911,53911,0,0,0,data/raw/pdf/La Red/82004/2024060331482_3.pdf,2024-03-31,False,extraccion,90.74356805233406,True,35396.80522222222,True,811.51234375,True
La Red,H1 2023,semestre,2023-01-01,2023-06-30,1015686,903624,112062,903624,112062,0,903624,903624,903624,112062,112062,112062,0,0,0,1015686,903624,903624,903624,903624,112062,112062,112062,0,0,0,data/raw/pdf/La Red/85356/2024090481543_3.pdf,2024-06-30,False,extraccion,91.19692377591316,True,35651.08850828729,True,806.21696,True
La Red,9M 2023,acumulado9m,2023-01-01,2023-09-30,1707310,1530105,177205,1530105,177205,0,1530105,1530105,1530105,177205,177205,177205,0,0,0,1707310,1530105,1530105,1530105,1530105,177205,177205,177205,0,0,0,data/raw/pdf/La Red/88267/2024110658354_2.pdf,2024-09-30,False,extraccion,91.53152575070652,True,35804.87340659341,True,820.7841711229947,True
La Red,FY2023,anual,2023-01-01,2023-12-31,2198014,1980267,217747,1980267,217747,0,1980267,1980267,1980267,217747,217747,217747,0,0,0,2198014,1980267,1980267,1980267,1980267,217747,217747,217747,0,0,0,data/raw/pdf/La Red/93015/ESTADOS FINANCIEROS.pdf,2024-12-31,False,extraccion,91.97600291973446,True,35974.36753424657,True,839.0734008097166,True
La Red,H2 2023,semestre2,2023-07-01,2023-12-31,1182328,1076643,105685,1076643,105685,0,1076643,1076643,1076643,105685,105685,105685,0,0,0,1182328,1076643,1076643,1076643,1076643,105685,105685,105685,0,0,0,data/raw/pdf/La Red/93015/ESTADOS FINANCIEROS.pdf − data/raw/pdf/La Red/85356/2024090481543_3.pdf,2024-12-31,False,derivado (anual − H1),92.75508206355578,True,36292.375706521736,True,872.737786885246,True
La Red,Q1 2024,trimestre,2024-01-01,2024-03-31,454248,428323,25925,428323,25925,0,428323,428323,428323,25925,25925,25925,0,0,0,454248,428323,428323,428323,428323,25925,25925,25925,0,0,0,data/raw/pdf/La Red/95047/2025050380606_2.pdf,2025-03-31,False,extraccion,94.36810539787162,True,36849.12065934065,True,945.502380952381,True
La Red,H1 2024,semestre,2024-01-01,2024-06-30,880290,854365,25925,854365,25925,0,854365,854365,854365,25925,25925,25925,0,0,0,880290,854365,854365,854365,854365,25925,25925,25925,0,0,0,data/raw/pdf/La Red/98821/2025090626005_1.pdf,2025-06-30,False,extraccion,94.9042516038989,True,37099.92164835164,True,940.4852000000001,True
La Red,9M 2024,acumulado9m,2024-01-01,2024-09-30,1222674,1141716,80958,1141716,80958,0,1141716,1141716,1141716,80958,80958,80958,0,0,0,1222674,1141716,1141716,1141716,1141716,80958,80958,80958,0,0,0,data/raw/pdf/La Red/101640/Estados financieros.pdf,2025-09-30,False,extraccion,95.39106607769124,True,37298.57897810219,True,937.5626344086021,True
La Red,FY2024,anual,2024-01-01,2024-12-31,1788135,1455054,333081,1455054,333081,0,1455054,1455054,1455054,333081,333081,333081,0,0,0,1788135,1455054,1455054,1455054,1455054,333081,333081,333081,0,0,0,data/raw/pdf/La Red/110595/2026050319078_1.pdf,2025-12-31,False,extraccion,95.9321085325393,True,37508.218415300544,True,943.5824193548387,True
La Red,H2 2024,semestre2,2024-07-01,2024-12-31,907845,600689,307156,600689,307156,0,600689,600689,600689,307156,307156,307156,0,0,0,907845,600689,600689,600689,600689,307156,307156,307156,0,0,0,data/raw/pdf/La Red/110595/2026050319078_1.pdf − data/raw/pdf/La Red/98821/2025090626005_1.pdf,2025-12-31,False,derivado (anual − H1),96.95996546117972,True,37912.07717391304,True,946.73,True
La Red,Q1 2025,trimestre,2025-01-01,2025-03-31,311712,264465,47247,264465,47247,0,264465,264465,264465,47247,47247,47247,0,0,0,311712,264465,264465,264465,264465,47247,47247,47247,0,0,0,data/raw/pdf/La Red/113718/2026080530731-2.pdf,2026-03-31,False,extraccion,98.99013284209353,True,38566.67744444444,True,964.0125396825397,True
La Red,H1 2025,semestre,2025-01-01,2025-06-30,578096,418192,159904,418192,159904,0,418192,418192,418192,159904,159904,159904,0,0,0,578096,418192,418192,418192,418192,159904,159904,159904,0,0,0,data/raw/pdf/La Red/113715/2026090587585-2.pdf,2026-06-30,False,extraccion,99.32008733058444,True,38844.908121546956,True,955.7651612903226,True
La Red,9M 2025,acumulado9m,2025-01-01,2025-09-30,730966,521685,209281,521685,209281,0,521685,521685,521685,209281,209281,209281,0,0,0,730966,521685,521685,521685,521685,209281,209281,209281,0,0,0,data/raw/pdf/La Red/101640/Estados financieros.pdf,2025-09-30,False,extraccion,99.70640998887205,True,39003.31538461539,True,956.8946236559138,True
La Red,FY2025,anual,2025-01-01,2025-12-31,966706,663985,302721,663985,302721,0,663985,663985,663985,302721,302721,302721,0,0,0,966706,663985,663985,663985,663985,302721,302721,302721,0,0,0,data/raw/pdf/La Red/110595/2026050319078_1.pdf,2025-12-31,False,extraccion,99.99999999999999,True,39156.96745205479,True,951.6412096774194,True
La Red,H2 2025,semestre2,2025-07-01,2025-12-31,388610,245793,142817,245793,142817,0,245793,245793,245793,142817,142817,142817,0,0,0,388610,245793,245793,245793,245793,142817,142817,142817,0,0,0,data/raw/pdf/La Red/110595/2026050319078_1.pdf − data/raw/pdf/La Red/113715/2026090587585-2.pdf,2025-12-31,False,derivado (anual − H1),100.67991266941551,True,39463.938858695656,True,947.5172580645159,True
La Red,Q1 2026,trimestre,2026-01-01,2026-03-31,159104,117537,41567,117537,41567,0,117537,117537,117537,41567,41567,41567,0,0,0,159104,117537,117537,117537,117537,41567,41567,41567,0,0,0,data/raw/pdf/La Red/113718/2026080530731-2.pdf,2026-03-31,False,extraccion,101.58767254515989,True,39767.015555555554,True,886.0528571428572,True
La Red,H1 2026,semestre,2026-01-01,2026-06-30,334657,235922,98735,235922,98735,0,235922,235922,235922,98735,98735,98735,0,0,0,334657,235922,235922,235922,235922,98735,98735,98735,0,0,0,data/raw/pdf/La Red/113715/2026090587585-2.pdf,2026-06-30,False,extraccion,102.65894188969503,True,40063.40762430939,True,892.7671774193549,True
Mega,FY2016,anual,2016-01-01,2016-12-31,95330054,92256616,3073438,92256616,3073438,0,92256616,90781529,92256616,3073438,3073438,4548525,0,0,1475087,93854967,90781529,90781529,90781529,90781529,3073438,3073438,3073438,0,0,0,data/raw/pdf/Mega/29085/articles-29085_recurso_1.pdf,2017-12-31,False,extraccion,66.39128627896237,True,26022.674754098363,True,676.8324206349207,True
Mega,FY2017,anual,2017-01-01,2017-12-31,100966612,93924582,7042030,93924582,7042030,0,93924582,90277490,93924582,7042030,7042030,10689122,0,0,3647092,97319520,90277490,90277490,90277490,90277490,7042030,7042030,7042030,0,0,0,data/raw/pdf/Mega/29085/articles-29085_recurso_1.pdf,2017-12-31,False,extraccion,67.71114094531596,True,26571.92610958904,True,649.3287854251012,True
Mega,FY2018,anual,2018-01-01,2018-12-31,95734135,85090240,10643895,85090240,10643895,0,85090240,85090240,85090240,10643895,10643895,10643895,0,0,0,89340415,78696520,78696520,78696520,78696520,10643895,10643895,10643895,0,0,0,data/raw/pdf/Mega/28606/archivo_3.pdf,2019-12-31,False,extraccion,69.30760927123049,True,27165.746301369858,True,640.2907723577235,True
Mega,Q1 2019,trimestre,2019-01-01,2019-03-31,20484518,17951661,2532857,17951661,2532857,0,17951661,17951661,17951661,2532857,2532857,2532857,0,0,0,19025835,16492978,16492978,16492978,16492978,2532857,2532857,2532857,0,0,0,data/raw/pdf/Mega/29051/2020050177471_2.pdf,2020-03-31,False,extraccion,70.1698857500604,True,27556.739888888886,True,667.3444444444444,True
Mega,H1 2019,semestre,2019-01-01,2019-06-30,46479623,39366312,7113311,39366312,7113311,0,39366312,39366312,39366312,7113311,7113311,7113311,0,0,0,43604154,36490843,36490843,36490843,36490843,7113311,7113311,7113311,0,0,0,data/raw/pdf/Mega/29822/3.pdf,2020-06-30,False,extraccion,70.53347527463977,True,27636.73309392265,True,675.5067200000001,True
Mega,Q2 2019,trimestre,2019-04-01,2019-06-30,25995105,21414651,4580454,21414651,4580454,0,21414651,21414651,21414651,4580454,4580454,4580454,0,0,0,24578319,19997865,19997865,19997865,19997865,4580454,4580454,4580454,0,0,0,data/raw/pdf/Mega/29822/3.pdf,2020-06-30,False,extraccion,70.89706479921914,True,27715.847252747248,True,683.8006451612903,True
Mega,9M 2019,acumulado9m,2019-01-01,2019-09-30,69082680,58824513,10258167,58824513,10258167,0,58824513,58824513,58824513,10258167,10258167,10258167,0,0,0,64737008,54478841,54478841,54478841,54478841,10258167,10258167,10258167,0,0,0,data/raw/pdf/Mega/38819/2020110485843_2.pdf,2020-09-30,False,extraccion,70.78074277002335,True,27751.876263736263,True,685.2224731182796,True
Mega,Q3 2019,trimestre,2019-07-01,2019-09-30,22603057,19458201,3144856,19458201,3144856,0,19458201,19458201,19458201,3144856,3144856,3144856,0,0,0,21132854,17987998,17987998,17987998,17987998,3144856,3144856,3144856,0,0,0,data/raw/pdf/Mega/38819/2020110485843_2.pdf,2020-09-30,False,extraccion,71.2752777607905,True,27978.40793478261,True,705.1318032786885,True
Mega,FY2019,anual,2019-01-01,2019-12-31,86612405,74247140,12365265,74247140,12365265,0,74247140,74247140,74247140,12365265,12365265,12365265,0,0,0,80755152,68389887,68389887,68389887,68389887,12365265,12365265,12365265,0,0,0,data/raw/pdf/Mega/47352/2021030123006_1.pdf,2020-12-31,False,extraccion,71.07686469490493,True,27854.391863013698,True,702.6310483870968,True
Mega,H2 2019,semestre2,2019-07-01,2019-12-31,40132782,34880828,5251954,34880828,5251954,0,34880828,34880828,34880828,5251954,5251954,5251954,0,0,0,37150998,31899044,31899044,31899044,31899044,5251954,5251954,5251954,0,0,0,data/raw/pdf/Mega/47352/2021030123006_1.pdf − data/raw/pdf/Mega/29822/3.pdf,2020-12-31,False,derivado (anual − H1),71.62025411517008,True,28068.501847826086,True,730.1964227642276,True
Mega,Q1 2020,trimestre,2020-01-01,2020-03-31,16321301,14580847,1740454,14580847,1740454,0,14580847,14580847,14580847,1740454,1740454,1740454,0,0,0,14972310,13231856,13231856,13231856,13231856,1740454,1740454,1740454,0,0,0,data/raw/pdf/Mega/47717/2021050208939_1.pdf,2021-03-31,False,extraccion,72.73540573351929,True,28417.99516483516,True,803.0015625000001,True
Mega,H1 2020,semestre,2020-01-01,2020-06-30,30402094,27847148,2554946,27847148,2554946,0,27847148,27847148,27847148,2554946,2554946,2554946,0,0,0,28232288,25677342,25677342,25677342,25677342,2554946,2554946,2554946,0,0,0,data/raw/pdf/Mega/49403/2021090374840_0 (1).pdf,2021-06-30,False,extraccion,72.82000132352418,True,28554.21956043956,True,812.76352,True
Mega,Q2 2020,trimestre,2020-04-01,2020-06-30,14080793,13266301,814492,13266301,814492,0,13266301,13266301,13266301,814492,814492,814492,0,0,0,13259978,12445486,12445486,12445486,12445486,814492,814492,814492,0,0,0,data/raw/pdf/Mega/49403/2021090374840_0 (1).pdf,2021-06-30,False,extraccion,72.90459691352908,True,28690.443956043953,True,823.0055737704918,True
Mega,9M 2020,acumulado9m,2020-01-01,2020-09-30,46851862,41620004,5231858,41620004,5231858,0,41620004,41620004,41620004,5231858,5231858,5231858,0,0,0,43752783,38520925,38520925,38520925,38520925,5231858,5231858,5231858,0,0,0,data/raw/pdf/Mega/49907/2021110471982_1.pdf,2021-09-30,False,extraccion,72.91302004610303,True,28596.752700729925,True,802.0043915343916,True
Mega,Q3 2020,trimestre,2020-07-01,2020-09-30,16449768,13772856,2676912,13772856,2676912,0,13772856,13772856,13772856,2676912,2676912,2676912,0,0,0,15520495,12843583,12843583,12843583,12843583,2676912,2676912,2676912,0,0,0,data/raw/pdf/Mega/49907/2021110471982_1.pdf,2021-09-30,False,extraccion,73.09905749126075,True,28680.894347826088,True,780.99046875,True
Mega,FY2020,anual,2020-01-01,2020-12-31,70220598,61635380,8585218,61635380,8585218,0,61635380,61635380,61635380,8585218,8585218,8585218,0,0,0,65647293,57062075,57062075,57062075,57062075,8585218,8585218,8585218,0,0,0,data/raw/pdf/Mega/50699/EEFF.pdf,2021-12-31,False,extraccion,73.17320118894278,True,28678.814453551913,True,792.2218326693227,True
Mega,H2 2020,semestre2,2020-07-01,2020-12-31,39818504,33788232,6030272,33788232,6030272,0,33788232,33788232,33788232,6030272,6030272,6030272,0,0,0,37415005,31384733,31384733,31384733,31384733,6030272,6030272,6030272,0,0,0,data/raw/pdf/Mega/50699/EEFF.pdf − data/raw/pdf/Mega/49403/2021090374840_0 (1).pdf,2021-12-31,False,derivado (anual − H1),73.52640105436139,True,28802.05505434783,True,771.8431746031746,True
Mega,Q1 2021,trimestre,2021-01-01,2021-03-31,17052317,15047028,2005289,15047028,2005289,0,15047028,15047028,15047028,2005289,2005289,2005289,0,0,0,15750795,13745506,13745506,13745506,13745506,2005289,2005289,2005289,0,0,0,data/raw/pdf/Mega/51272/Ficha y Notas Megamedia S.A. 31.03.2022.pdf,2022-03-31,False,extraccion,74.79446958951426,True,29214.230111111112,True,724.2868253968253,True
Mega,H1 2021,semestre,2021-01-01,2021-06-30,39696978,34718961,4978017,34718961,4978017,0,34718961,34718961,34718961,4978017,4978017,4978017,0,0,0,37120052,32142035,32142035,32142035,32142035,4978017,4978017,4978017,0,0,0,data/raw/pdf/Mega/53293/2022090356584_1.pdf,2022-06-30,False,extraccion,75.1570197771643,True,29384.986906077353,True,719.9266129032259,True
Mega,Q2 2021,trimestre,2021-04-01,2021-06-30,22644661,19671933,2972728,19671933,2972728,0,19671933,19671933,19671933,2972728,2972728,2972728,0,0,0,21369257,18396529,18396529,18396529,18396529,2972728,2972728,2972728,0,0,0,data/raw/pdf/Mega/53293/2022090356584_1.pdf,2022-06-30,False,extraccion,75.51956996481432,True,29553.867252747255,True,715.4234426229506,True
Mega,9M 2021,acumulado9m,2021-01-01,2021-09-30,65442222,58265308,7176914,58265308,7176914,0,58265308,58265308,58265308,7176914,7176914,7176914,0,0,0,61496720,54319806,54319806,54319806,54319806,7176914,7176914,7176914,0,0,0,data/raw/pdf/Mega/57125/2022110448272_0.pdf,2022-09-30,False,extraccion,75.69135058495596,True,29546.11271062271,True,737.4602127659574,True
Mega,Q3 2021,trimestre,2021-07-01,2021-09-30,25745244,23546347,2198897,23546347,2198897,0,23546347,23546347,23546347,2198897,2198897,2198897,0,0,0,24376668,22177771,22177771,22177771,22177771,2198897,2198897,2198897,0,0,0,data/raw/pdf/Mega/57125/2022110448272_0.pdf,2022-09-30,False,extraccion,76.7600122005393,True,29863.110217391306,True,771.4315624999999,True
Mega,FY2021,anual,2021-01-01,2021-12-31,98458671,84927285,13531386,84927285,13531386,0,84927285,84927285,84927285,13531386,13531386,13531386,0,0,0,92377979,78846593,78846593,78846593,78846593,13531386,13531386,13531386,0,0,0,data/raw/pdf/Mega/68984/2023030137794_1.pdf,2022-12-31,False,extraccion,76.50681815733448,True,29802.931589041098,True,759.2728400000001,True
Mega,H2 2021,semestre2,2021-07-01,2021-12-31,58761693,50208324,8553369,50208324,8553369,0,50208324,50208324,50208324,8553369,8553369,8553369,0,0,0,55257927,46704558,46704558,46704558,46704558,8553369,8553369,8553369,0,0,0,data/raw/pdf/Mega/68984/2023030137794_1.pdf − data/raw/pdf/Mega/53293/2022090356584_1.pdf,2022-12-31,False,derivado (anual − H1),77.85661653750465,True,30214.061956521742,True,797.9945238095238,True
Mega,Q1 2022,trimestre,2022-01-01,2022-03-31,23406162,20174141,3232021,20174141,3232021,0,20174141,20174141,20174141,3232021,3232021,3232021,0,0,0,21782605,18550584,18550584,18550584,18550584,3232021,3232021,3232021,0,0,0,data/raw/pdf/Mega/70646/2023050231873_1.pdf,2023-03-31,False,extraccion,81.13075711547621,True,31377.420333333335,True,809.151875,True
Mega,H1 2022,semestre,2022-01-01,2022-06-30,49586290,42938692,6647598,42938692,6647598,0,42938692,42938692,42938692,6647598,6647598,6647598,0,0,0,46340708,39693110,39693110,39693110,39693110,6647598,6647598,6647598,0,0,0,data/raw/pdf/Mega/73702/2023090392195-2 Megamedia S.A. Ficha y notas al 30.06.2023.pdf,2023-06-30,False,extraccion,82.71783782793095,True,31900.878397790057,True,824.8424603174606,True
Mega,Q2 2022,trimestre,2022-04-01,2022-06-30,26180128,22764551,3415577,22764551,3415577,0,22764551,22764551,22764551,3415577,3415577,3415577,0,0,0,24558103,21142526,21142526,21142526,21142526,3415577,3415577,3415577,0,0,0,data/raw/pdf/Mega/73702/2023090392195-2 Megamedia S.A. Ficha y notas al 30.06.2023.pdf,2023-06-30,False,extraccion,84.30491854038569,True,32418.584175824177,True,841.0391935483871,True
Mega,9M 2022,acumulado9m,2022-01-01,2022-09-30,74445008,64569220,9875788,64569220,9875788,0,64569220,64569220,64569220,9875788,9875788,9875788,0,0,0,69439240,59563452,59563452,59563452,59563452,9875788,9875788,9875788,0,0,0,data/raw/pdf/Mega/75893/2023110516283_2.pdf,2023-09-30,False,extraccion,84.24176146381704,True,32488.16208791209,True,858.5919576719577,True
Mega,Q3 2022,trimestre,2022-07-01,2022-09-30,24858718,21630528,3228190,21630528,3228190,0,21630528,21630528,21630528,3228190,3228190,3228190,0,0,0,23098532,19870342,19870342,19870342,19870342,3228190,3228190,3228190,0,0,0,data/raw/pdf/Mega/75893/2023110516283_2.pdf,2023-09-30,False,extraccion,87.28960873558924,True,33643.57891304348,True,926.0909523809523,True
Mega,FY2022,anual,2022-01-01,2022-12-31,102565657,89814606,12751051,89814606,12751051,0,89814606,89814606,89814606,12751051,12751051,12751051,0,0,0,95160769,82409718,82409718,82409718,82409718,12751051,12751051,12751051,0,0,0,data/raw/pdf/Mega/79942/2024030188005_2.pdf,2023-12-31,False,extraccion,85.50135647028573,True,33047.14161643836,True,872.3315200000001,True
Mega,H2 2022,semestre2,2022-07-01,2022-12-31,52979367,46875914,6103453,46875914,6103453,0,46875914,46875914,46875914,6103453,6103453,6103453,0,0,0,48820061,42716608,42716608,42716608,42716608,6103453,6103453,6103453,0,0,0,data/raw/pdf/Mega/79942/2024030188005_2.pdf − data/raw/pdf/Mega/73702/2023090392195-2 Megamedia S.A. Ficha y notas al 30.06.2023.pdf,2023-12-31,False,derivado (anual − H1),88.28487511264052,True,34174.71576086956,True,920.5865322580644,True
Mega,Q1 2023,trimestre,2023-01-01,2023-03-31,20478436,17117553,3360883,17117553,3360883,0,17117553,17117553,17117553,3360883,3360883,3360883,0,0,0,18880839,15519956,15519956,15519956,15519956,3360883,3360883,3360883,0,0,0,data/raw/pdf/Mega/70646/2023050231873_1.pdf,2023-03-31,False,extraccion,90.74356805233406,True,35396.80522222222,True,811.51234375,True
Mega,H1 2023,semestre,2023-01-01,2023-06-30,45273783,37900491,7373292,37900491,7373292,0,37900491,37900491,37900491,7373292,7373292,7373292,0,0,0,42002125,34628833,34628833,34628833,34628833,7373292,7373292,7373292,0,0,0,data/raw/pdf/Mega/85360/2024090483478_2.pdf,2024-06-30,False,extraccion,91.19692377591316,True,35651.08850828729,True,806.21696,True
Mega,Q2 2023,trimestre,2023-04-01,2023-06-30,24795347,20782938,4012409,20782938,4012409,0,20782938,20782938,20782938,4012409,4012409,4012409,0,0,0,23121286,19108877,19108877,19108877,19108877,4012409,4012409,4012409,0,0,0,data/raw/pdf/Mega/85360/2024090483478_2.pdf,2024-06-30,False,extraccion,91.65027949949224,True,35902.57747252747,True,800.6611475409835,True
Mega,9M 2023,acumulado9m,2023-01-01,2023-09-30,70023830,57345319,12678511,57345319,12678511,0,57345319,57345319,57345319,12678511,12678511,12678511,0,0,0,65057451,52378940,52378940,52378940,52378940,12678511,12678511,12678511,0,0,0,data/raw/pdf/Mega/88269/2024110652109_2.pdf,2024-09-30,False,extraccion,91.53152575070652,True,35804.87340659341,True,820.7841711229947,True
Mega,Q3 2023,trimestre,2023-07-01,2023-09-30,24750047,19444828,5305219,19444828,5305219,0,19444828,19444828,19444828,5305219,5305219,5305219,0,0,0,23055326,17750107,17750107,17750107,17750107,5305219,5305219,5305219,0,0,0,data/raw/pdf/Mega/88269/2024110652109_2.pdf,2024-09-30,False,extraccion,92.20072970029327,True,36107.42847826087,True,850.1535483870967,True
Mega,FY2023,anual,2023-01-01,2023-12-31,97817821,80378479,17439342,80378479,17439342,0,80378479,80378479,80378479,17439342,17439342,17439342,0,0,0,90700869,73261527,73261527,73261527,73261527,17439342,17439342,17439342,0,0,0,data/raw/pdf/Mega/93019/ESTADOS FINANCIEROS.pdf,2024-12-31,False,extraccion,91.97600291973446,True,35974.36753424657,True,839.0734008097166,True
Mega,H2 2023,semestre2,2023-07-01,2023-12-31,52544038,42477988,10066050,42477988,10066050,0,42477988,42477988,42477988,10066050,10066050,10066050,0,0,0,48698744,38632694,38632694,38632694,38632694,10066050,10066050,10066050,0,0,0,data/raw/pdf/Mega/93019/ESTADOS FINANCIEROS.pdf − data/raw/pdf/Mega/85360/2024090483478_2.pdf,2024-12-31,False,derivado (anual − H1),92.75508206355578,True,36292.375706521736,True,872.737786885246,True
Mega,Q1 2024,trimestre,2024-01-01,2024-03-31,21238459,16836571,4401888,16836571,4401888,0,16836571,16836571,16836571,4401888,4401888,4401888,0,0,0,19520454,15118566,15118566,15118566,15118566,4401888,4401888,4401888,0,0,0,data/raw/pdf/Mega/95052/2025050382210_1 (1).pdf,2025-03-31,False,extraccion,94.36810539787162,True,36849.12065934065,True,945.502380952381,True
Mega,H1 2024,semestre,2024-01-01,2024-06-30,49977132,37294356,12682776,37294356,12682776,0,37294356,37294356,37294356,12682776,12682776,12682776,0,0,0,46393962,33711186,33711186,33711186,33711186,12682776,12682776,12682776,0,0,0,data/raw/pdf/Mega/98823/2025090625950_1.pdf,2025-06-30,False,extraccion,94.9042516038989,True,37099.92164835164,True,940.4852000000001,True
Mega,Q2 2024,trimestre,2024-04-01,2024-06-30,28738673,20457785,8280888,20457785,8280888,0,20457785,20457785,20457785,8280888,8280888,8280888,0,0,0,26873508,18592620,18592620,18592620,18592620,8280888,8280888,8280888,0,0,0,data/raw/pdf/Mega/98823/2025090625950_1.pdf,2025-06-30,False,extraccion,95.44039780992614,True,37350.72263736263,True,935.3870967741934,True
Mega,9M 2024,acumulado9m,2024-01-01,2024-09-30,75226394,55449044,19777350,55449044,19777350,0,55449044,55449044,55449044,19777350,19777350,19777350,0,0,0,69848528,50071178,50071178,50071178,50071178,19777350,19777350,19777350,0,0,0,data/raw/pdf/Mega/101641/Estados financieros.pdf,2025-09-30,False,extraccion,95.39106607769124,True,37298.57897810219,True,937.5626344086021,True
Mega,Q3 2024,trimestre,2024-07-01,2024-09-30,25249262,18154688,7094574,18154688,7094574,0,18154688,18154688,18154688,7094574,7094574,7094574,0,0,0,23454566,16359992,16359992,16359992,16359992,7094574,7094574,7094574,0,0,0,data/raw/pdf/Mega/101641/Estados financieros.pdf,2025-09-30,False,extraccion,96.36469502527594,True,37691.575,True,931.5737704918033,True
Mega,FY2024,anual,2024-01-01,2024-12-31,102919851,77905105,25014746,77905105,25014746,0,77905105,77905105,77905105,25014746,25014746,25014746,0,0,0,95272402,70257656,70257656,70257656,70257656,25014746,25014746,25014746,0,0,0,data/raw/pdf/Mega/109207/2026030222620_1.pdf,2025-12-31,False,extraccion,95.9321085325393,True,37508.218415300544,True,943.5824193548387,True
Mega,H2 2024,semestre2,2024-07-01,2024-12-31,52942719,40610749,12331970,40610749,12331970,0,40610749,40610749,40610749,12331970,12331970,12331970,0,0,0,48878440,36546470,36546470,36546470,36546470,12331970,12331970,12331970,0,0,0,data/raw/pdf/Mega/109207/2026030222620_1.pdf − data/raw/pdf/Mega/98823/2025090625950_1.pdf,2025-12-31,False,derivado (anual − H1),96.95996546117972,True,37912.07717391304,True,946.73,True
Mega,Q1 2025,trimestre,2025-01-01,2025-03-31,28715050,20516739,8198311,20516739,8198311,0,20516739,20516739,20516739,8198311,8198311,8198311,0,0,0,26992789,18794478,18794478,18794478,18794478,8198311,8198311,8198311,0,0,0,data/raw/pdf/Mega/111125/2026050359100_1.pdf,2026-03-31,False,extraccion,98.99013284209353,True,38566.67744444444,True,964.0125396825397,True
Mega,H1 2025,semestre,2025-01-01,2025-06-30,54549411,39594862,14954549,39594862,14954549,0,39594862,39594862,39594862,14954549,14954549,14954549,0,0,0,51198707,36244158,36244158,36244158,36244158,14954549,14954549,14954549,0,0,0,data/raw/pdf/Mega/113710/2026090594478-1.pdf,2026-06-30,False,extraccion,99.32008733058444,True,38844.908121546956,True,955.7651612903226,True
Mega,Q2 2025,trimestre,2025-04-01,2025-06-30,25834361,19078123,6756238,19078123,6756238,0,19078123,19078123,19078123,6756238,6756238,6756238,0,0,0,24205918,17449680,17449680,17449680,17449680,6756238,6756238,6756238,0,0,0,data/raw/pdf/Mega/113710/2026090594478-1.pdf,2026-06-30,False,extraccion,99.65004181907538,True,39120.08131868132,True,947.2473770491803,True
Mega,9M 2025,acumulado9m,2025-01-01,2025-09-30,78858624,58873468,19985156,58873468,19985156,0,58873468,58873468,58873468,19985156,19985156,19985156,0,0,0,73610524,53625368,53625368,53625368,53625368,19985156,19985156,19985156,0,0,0,data/raw/pdf/Mega/101641/Estados financieros.pdf,2025-09-30,False,extraccion,99.70640998887205,True,39003.31538461539,True,956.8946236559138,True
Mega,Q3 2025,trimestre,2025-07-01,2025-09-30,24309213,19278606,5030607,19278606,5030607,0,19278606,19278606,19278606,5030607,5030607,5030607,0,0,0,22411817,17381210,17381210,17381210,17381210,5030607,5030607,5030607,0,0,0,data/raw/pdf/Mega/101641/Estados financieros.pdf,2025-09-30,False,extraccion,100.47905530544729,True,39314.96445652174,True,959.1535483870969,True
Mega,FY2025,anual,2025-01-01,2025-12-31,104840064,82713303,22126761,82713303,22126761,0,82713303,82713303,82713303,22126761,22126761,22126761,0,0,0,97281020,75154259,75154259,75154259,75154259,22126761,22126761,22126761,0,0,0,data/raw/pdf/Mega/109207/2026030222620_1.pdf,2025-12-31,False,extraccion,99.99999999999999,True,39156.96745205479,True,951.6412096774194,True
Mega,H2 2025,semestre2,2025-07-01,2025-12-31,50290653,43118441,7172212,43118441,7172212,0,43118441,43118441,43118441,7172212,7172212,7172212,0,0,0,46082313,38910101,38910101,38910101,38910101,7172212,7172212,7172212,0,0,0,data/raw/pdf/Mega/109207/2026030222620_1.pdf − data/raw/pdf/Mega/113710/2026090594478-1.pdf,2025-12-31,False,derivado (anual − H1),100.67991266941551,True,39463.938858695656,True,947.5172580645159,True
Mega,Q1 2026,trimestre,2026-01-01,2026-03-31,30354736,24845102,5509634,24845102,5509634,0,24845102,24845102,24845102,5509634,5509634,5509634,0,0,0,28157369,22647735,22647735,22647735,22647735,5509634,5509634,5509634,0,0,0,data/raw/pdf/Mega/111125/2026050359100_1.pdf,2026-03-31,False,extraccion,101.58767254515989,True,39767.015555555554,True,886.0528571428572,True
Mega,H1 2026,semestre,2026-01-01,2026-06-30,56434970,46331037,10103933,46331037,10103933,0,46331037,46331037,46331037,10103933,10103933,10103933,0,0,0,52211561,42107628,42107628,42107628,42107628,10103933,10103933,10103933,0,0,0,data/raw/pdf/Mega/113710/2026090594478-1.pdf,2026-06-30,False,extraccion,102.65894188969503,True,40063.40762430939,True,892.7671774193549,True
Mega,Q2 2026,trimestre,2026-04-01,2026-06-30,26080234,21485935,4594299,21485935,4594299,0,21485935,21485935,21485935,4594299,4594299,4594299,0,0,0,24054192,19459893,19459893,19459893,19459893,4594299,4594299,4594299,0,0,0,data/raw/pdf/Mega/113710/2026090594478-1.pdf,2026-06-30,False,extraccion,103.73021123423018,True,40356.54263736264,True,899.7016393442623,True
TV+,FY2017,anual,2017-01-01,2017-12-31,1843830,1843830,0,1843830,0,0,1843830,1843830,1843830,0,0,0,0,0,0,1843830,1843830,1843830,1843830,1843830,0,0,0,0,0,0,data/raw/pdf/TV+/29081/articles-29081_recurso_1.pdf,2017-12-31,False,extraccion,67.71114094531596,True,26571.92610958904,True,649.3287854251012,True
TV+,FY2018,anual,2018-01-01,2018-12-31,4069472,2016088,2053384,2016088,2053384,0,4068885,2016088,4069472,587,0,587,0,0,2053384,4069472,2016088,4068885,2016088,4069472,587,0,587,0,0,2053384,data/raw/pdf/TV+/28568/archivo(2).pdf,2019-12-31,False,extraccion,69.30760927123049,True,27165.746301369858,True,640.2907723577235,True
TV+,Q1 2019,trimestre,2019-01-01,2019-03-31,763497,0,763497,0,763497,0,763497,0,763497,0,0,0,0,0,763497,763497,0,763497,0,763497,0,0,0,0,0,763497,data/raw/pdf/TV+/29053/2020050177519_0.pdf,2020-03-31,False,extraccion,70.1698857500604,True,27556.739888888886,True,667.3444444444444,True
TV+,H1 2019,semestre,2019-01-01,2019-06-30,1703999,753398,950601,753398,950601,0,1688084,753398,1703999,15915,0,15915,0,0,950601,1703999,753398,1688084,753398,1703999,15915,0,15915,0,0,950601,data/raw/pdf/TV+/29825/4.pdf,2020-06-30,False,extraccion,70.53347527463977,True,27636.73309392265,True,675.5067200000001,True
TV+,Q2 2019,trimestre,2019-04-01,2019-06-30,940502,468350,472152,468350,472152,0,927613,468350,940502,12889,0,12889,0,0,472152,940502,468350,927613,468350,940502,12889,0,12889,0,0,472152,data/raw/pdf/TV+/29825/4.pdf,2020-06-30,False,extraccion,70.89706479921914,True,27715.847252747248,True,683.8006451612903,True
TV+,9M 2019,acumulado9m,2019-01-01,2019-09-30,2636716,1275582,1361134,1275582,1361134,0,2629683,1275582,2636716,7033,0,7033,0,0,1361134,2636716,1275582,2629683,1275582,2636716,7033,0,7033,0,0,1361134,data/raw/pdf/TV+/38817/2020110477430_3.pdf,2020-09-30,False,extraccion,70.78074277002335,True,27751.876263736263,True,685.2224731182796,True
TV+,FY2019,anual,2019-01-01,2019-12-31,3521641,1709357,1812284,1709357,1812284,0,3479354,1709357,3481301,1947,0,1947,40340,40340,1812284,3521641,1709357,3479354,1709357,3481301,1947,0,1947,40340,40340,1812284,data/raw/pdf/TV+/47354/2021030116956_1.pdf,2020-12-31,False,extraccion,71.07686469490493,True,27854.391863013698,True,702.6310483870968,True
TV+,H2 2019,semestre2,2019-07-01,2019-12-31,1817642,955959,861683,955959,861683,0,1791270,955959,1777302,-13968,0,-13968,40340,40340,861683,1817642,955959,1791270,955959,1777302,-13968,0,-13968,40340,40340,861683,data/raw/pdf/TV+/47354/2021030116956_1.pdf − data/raw/pdf/TV+/29825/4.pdf,2020-12-31,False,derivado (anual − H1),71.62025411517008,True,28068.501847826086,True,730.1964227642276,True
TV+,Q1 2020,trimestre,2020-01-01,2020-03-31,944432,568270,376162,568270,376162,0,921369,568270,933032,11663,0,11663,11400,11400,376162,944432,568270,921369,568270,933032,11663,0,11663,11400,11400,376162,data/raw/pdf/TV+/47719/2021050209482_4.pdf,2021-03-31,False,extraccion,72.73540573351929,True,28417.99516483516,True,803.0015625000001,True
TV+,H1 2020,semestre,2020-01-01,2020-06-30,1848859,1156937,691922,1156937,691922,0,1832128,1156937,1835179,3051,0,3051,13680,13680,691922,1848859,1156937,1832128,1156937,1835179,3051,0,3051,13680,13680,691922,data/raw/pdf/TV+/49400/2021090374499_2 (1).pdf,2021-06-30,False,extraccion,72.82000132352418,True,28554.21956043956,True,812.76352,True
TV+,Q2 2020,trimestre,2020-04-01,2020-06-30,904427,602711,301716,602711,301716,0,901624,602711,902147,523,0,523,2280,2280,301716,904427,602711,901624,602711,902147,523,0,523,2280,2280,301716,data/raw/pdf/TV+/49400/2021090374499_2 (1).pdf,2021-06-30,False,extraccion,72.90459691352908,True,28690.443956043953,True,823.0055737704918,True
TV+,9M 2020,acumulado9m,2020-01-01,2020-09-30,2954065,1945886,1008179,1945886,1008179,0,2928961,1945886,2935785,6824,0,6824,18280,18280,1008179,2954065,1945886,2928961,1945886,2935785,6824,0,6824,18280,18280,1008179,data/raw/pdf/TV+/49909/2021110473098_2 (1).pdf,2021-09-30,False,extraccion,72.91302004610303,True,28596.752700729925,True,802.0043915343916,True
TV+,FY2020,anual,2020-01-01,2020-12-31,4462207,3042986,1419221,3042986,1419221,0,4378335,3042986,4399480,21145,0,21145,62727,62727,1419221,4462207,3042986,4378335,3042986,4399480,21145,0,21145,62727,62727,1419221,data/raw/pdf/TV+/50696/Fecu.pdf,2021-12-31,False,extraccion,73.17320118894278,True,28678.814453551913,True,792.2218326693227,True
TV+,H2 2020,semestre2,2020-07-01,2020-12-31,2613348,1886049,727299,1886049,727299,0,2546207,1886049,2564301,18094,0,18094,49047,49047,727299,2613348,1886049,2546207,1886049,2564301,18094,0,18094,49047,49047,727299,data/raw/pdf/TV+/50696/Fecu.pdf − data/raw/pdf/TV+/49400/2021090374499_2 (1).pdf,2021-12-31,False,derivado (anual − H1),73.52640105436139,True,28802.05505434783,True,771.8431746031746,True
TV+,Q1 2021,trimestre,2021-01-01,2021-03-31,1035093,778538,256555,778538,256555,0,999538,778538,1010378,10840,0,10840,24715,24715,256555,1035093,778538,999538,778538,1010378,10840,0,10840,24715,24715,256555,data/raw/pdf/TV+/51269/Fecu Marzo 2022.pdf,2022-03-31,False,extraccion,74.79446958951426,True,29214.230111111112,True,724.2868253968253,True
TV+,H1 2021,semestre,2021-01-01,2021-06-30,2293309,1760241,533068,1760241,533068,0,2264246,1760241,2284299,20053,0,20053,9010,9010,533068,2293309,1760241,2264246,1760241,2284299,20053,0,20053,9010,9010,533068,data/raw/pdf/TV+/53289/2022090352724_2.pdf,2022-06-30,False,extraccion,75.1570197771643,True,29384.986906077353,True,719.9266129032259,True
TV+,Q2 2021,trimestre,2021-04-01,2021-06-30,1258216,989221,268995,989221,268995,0,1245321,989221,1254534,9213,0,9213,3682,3682,268995,1258216,989221,1245321,989221,1254534,9213,0,9213,3682,3682,268995,data/raw/pdf/TV+/53289/2022090352724_2.pdf,2022-06-30,False,extraccion,75.51956996481432,True,29553.867252747255,True,715.4234426229506,True
TV+,9M 2021,acumulado9m,2021-01-01,2021-09-30,3829362,2929789,899573,2929789,899573,0,3771607,2929789,3801837,30230,0,30230,27525,27525,899573,3829362,2929789,3771607,2929789,3801837,30230,0,30230,27525,27525,899573,data/raw/pdf/TV+/57121/2022110443552_1.pdf,2022-09-30,False,extraccion,75.69135058495596,True,29546.11271062271,True,737.4602127659574,True
TV+,FY2021,anual,2021-01-01,2021-12-31,5549515,4283508,1266007,4283508,1266007,0,5449304,4283508,5517459,68155,0,68155,32056,32056,1266007,5549515,4283508,5449304,4283508,5517459,68155,0,68155,32056,32056,1266007,data/raw/pdf/TV+/68980/2023030131118_2.pdf,2022-12-31,False,extraccion,76.50681815733448,True,29802.931589041098,True,759.2728400000001,True
TV+,H2 2021,semestre2,2021-07-01,2021-12-31,3256206,2523267,732939,2523267,732939,0,3185058,2523267,3233160,48102,0,48102,23046,23046,732939,3256206,2523267,3185058,2523267,3233160,48102,0,48102,23046,23046,732939,data/raw/pdf/TV+/68980/2023030131118_2.pdf − data/raw/pdf/TV+/53289/2022090352724_2.pdf,2022-12-31,False,derivado (anual − H1),77.85661653750465,True,30214.061956521742,True,797.9945238095238,True
TV+,Q1 2022,trimestre,2022-01-01,2022-03-31,1182168,891382,290786,891382,290786,0,1167252,891382,1182168,14916,0,14916,0,0,290786,1182168,891382,1167252,891382,1182168,14916,0,14916,0,0,290786,data/raw/pdf/TV+/70649/2023050230846_2.pdf,2023-03-31,True,extraccion,81.13075711547621,True,31377.420333333335,True,809.151875,True
TV+,H1 2022,semestre,2022-01-01,2022-06-30,2721449,2110744,610705,2110744,610705,0,2680317,2110744,2721449,41132,0,41132,0,0,610705,2721449,2110744,2680317,2110744,2721449,41132,0,41132,0,0,610705,data/raw/pdf/TV+/73704/2023090382166-0 FECU JUNIO 2023.pdf,2023-06-30,True,extraccion,82.71783782793095,True,31900.878397790057,True,824.8424603174606,True
TV+,Q2 2022,trimestre,2022-04-01,2022-06-30,1537235,1217316,319919,1217316,319919,0,1511019,1217316,1537235,26216,0,26216,0,0,319919,1537235,1217316,1511019,1217316,1537235,26216,0,26216,0,0,319919,data/raw/pdf/TV+/73704/2023090382166-0 FECU JUNIO 2023.pdf,2023-06-30,True,extraccion,84.30491854038569,True,32418.584175824177,True,841.0391935483871,True
TV+,9M 2022,acumulado9m,2022-01-01,2022-09-30,4222555,3253280,969275,3253280,969275,0,4124276,3253280,4222020,97744,0,97744,535,535,969275,4222555,3253280,4124276,3253280,4222020,97744,0,97744,535,535,969275,data/raw/pdf/TV+/75787/2023110504810_1.pdf,2023-09-30,False,extraccion,84.24176146381704,True,32488.16208791209,True,858.5919576719577,True
TV+,FY2022,anual,2022-01-01,2022-12-31,5662312,4372952,1289360,4372952,1289360,0,5551849,4372952,5661777,109928,0,109928,535,535,1289360,5662312,4372952,5551849,4372952,5661777,109928,0,109928,535,535,1289360,data/raw/pdf/TV+/79943/2024030188019_4.pdf,2023-12-31,False,extraccion,85.50135647028573,True,33047.14161643836,True,872.3315200000001,True
TV+,H2 2022,semestre2,2022-07-01,2022-12-31,2940863,2262208,678655,2262208,678655,0,2871532,2262208,2940328,68796,0,68796,535,535,678655,2940863,2262208,2871532,2262208,2940328,68796,0,68796,535,535,678655,data/raw/pdf/TV+/79943/2024030188019_4.pdf − data/raw/pdf/TV+/73704/2023090382166-0 FECU JUNIO 2023.pdf,2023-12-31,True,derivado (anual − H1),88.28487511264052,True,34174.71576086956,True,920.5865322580644,True
TV+,Q1 2023,trimestre,2023-01-01,2023-03-31,1103944,767427,336517,767427,336517,0,1056412,767427,1103944,47532,0,47532,0,0,336517,1103944,767427,1056412,767427,1103944,47532,0,47532,0,0,336517,data/raw/pdf/TV+/82009/Estados financieros_0.pdf,2024-03-31,False,extraccion,90.74356805233406,True,35396.80522222222,True,811.51234375,True
TV+,H1 2023,semestre,2023-01-01,2023-06-30,2384914,1706699,678215,1706699,678215,0,2275239,1706699,2384914,109675,0,109675,0,0,678215,2384914,1706699,2275239,1706699,2384914,109675,0,109675,0,0,678215,data/raw/pdf/TV+/85362/2024090475132_3.pdf,2024-06-30,False,extraccion,91.19692377591316,True,35651.08850828729,True,806.21696,True
TV+,Q2 2023,trimestre,2023-04-01,2023-06-30,1283371,945583,337788,945583,337788,0,1225138,945583,1283371,58233,0,58233,0,0,337788,1283371,945583,1225138,945583,1283371,58233,0,58233,0,0,337788,data/raw/pdf/TV+/85362/2024090475132_3.pdf,2024-06-30,False,extraccion,91.65027949949224,True,35902.57747252747,True,800.6611475409835,True
TV+,9M 2023,acumulado9m,2023-01-01,2023-09-30,3556357,3401393,154964,3401393,154964,0,3401393,3401393,3556357,154964,0,154964,0,0,154964,3556357,3401393,3401393,3401393,3556357,154964,0,154964,0,0,154964,data/raw/pdf/TV+/88272/2024110658811_2.pdf,2024-09-30,True,extraccion,91.53152575070652,True,35804.87340659341,True,820.7841711229947,True
TV+,FY2023,anual,2023-01-01,2023-12-31,4706169,3372430,1333739,3372430,1333739,0,4505622,3372430,4706169,200547,0,200547,0,0,1333739,4706169,3372430,4505622,3372430,4706169,200547,0,200547,0,0,1333739,data/raw/pdf/TV+/93021/ESTADOS FINACIONEROS.pdf,2024-12-31,True,extraccion,91.97600291973446,True,35974.36753424657,True,839.0734008097166,True
TV+,H2 2023,semestre2,2023-07-01,2023-12-31,2321255,1665731,655524,1665731,655524,0,2230383,1665731,2321255,90872,0,90872,0,0,655524,2321255,1665731,2230383,1665731,2321255,90872,0,90872,0,0,655524,data/raw/pdf/TV+/93021/ESTADOS FINACIONEROS.pdf − data/raw/pdf/TV+/85362/2024090475132_3.pdf,2024-12-31,True,derivado (anual − H1),92.75508206355578,True,36292.375706521736,True,872.737786885246,True
TV+,Q1 2024,trimestre,2024-01-01,2024-03-31,845352,519777,325575,519777,325575,0,788042,519777,845352,57310,0,57310,0,0,325575,845352,519777,788042,519777,845352,57310,0,57310,0,0,325575,data/raw/pdf/TV+/95053/2025050381488_2.pdf,2025-03-31,False,extraccion,94.36810539787162,True,36849.12065934065,True,945.502380952381,True
TV+,H1 2024,semestre,2024-01-01,2024-06-30,1968126,1286741,681385,1286741,681385,0,1839385,1286741,1968126,128741,0,128741,0,0,681385,1968126,1286741,1839385,1286741,1968126,128741,0,128741,0,0,681385,data/raw/pdf/TV+/98826/2025090624759_3.pdf,2025-06-30,False,extraccion,94.9042516038989,True,37099.92164835164,True,940.4852000000001,True
TV+,Q2 2024,trimestre,2024-04-01,2024-06-30,1122774,766964,355810,766964,355810,0,1051343,766964,1122774,71431,0,71431,0,0,355810,1122774,766964,1051343,766964,1122774,71431,0,71431,0,0,355810,data/raw/pdf/TV+/98826/2025090624759_3.pdf,2025-06-30,False,extraccion,95.44039780992614,True,37350.72263736263,True,935.3870967741934,True
TV+,9M 2024,acumulado9m,2024-01-01,2024-09-30,3133306,2106100,1027206,2106100,1027206,0,2943982,2106100,3133306,189324,0,189324,0,0,1027206,3133306,2106100,2943982,2106100,3133306,189324,0,189324,0,0,1027206,data/raw/pdf/TV+/101643/Estados financieros.pdf,2025-09-30,False,extraccion,95.39106607769124,True,37298.57897810219,True,937.5626344086021,True
TV+,FY2024,anual,2024-01-01,2024-12-31,4314302,2947077,1367225,2947077,1367225,0,4050905,2947077,4314302,263397,0,263397,0,0,1367225,4314302,2947077,4050905,2947077,4314302,263397,0,263397,0,0,1367225,data/raw/pdf/TV+/109185/2026030214030_2.pdf,2025-12-31,False,extraccion,95.9321085325393,True,37508.218415300544,True,943.5824193548387,True
TV+,H2 2024,semestre2,2024-07-01,2024-12-31,2346176,1660336,685840,1660336,685840,0,2211520,1660336,2346176,134656,0,134656,0,0,685840,2346176,1660336,2211520,1660336,2346176,134656,0,134656,0,0,685840,data/raw/pdf/TV+/109185/2026030214030_2.pdf − data/raw/pdf/TV+/98826/2025090624759_3.pdf,2025-12-31,False,derivado (anual − H1),96.95996546117972,True,37912.07717391304,True,946.73,True
TV+,Q1 2025,trimestre,2025-01-01,2025-03-31,837628,546067,291561,546067,291561,0,764920,546067,837628,72708,0,72708,0,0,291561,837628,546067,764920,546067,837628,72708,0,72708,0,0,291561,data/raw/pdf/TV+/111128/2026050359074_2.pdf,2026-03-31,False,extraccion,98.99013284209353,True,38566.67744444444,True,964.0125396825397,True
TV+,H1 2025,semestre,2025-01-01,2025-06-30,1726601,1140441,586160,1140441,586160,0,1581921,1140441,1726601,144680,0,144680,0,0,586160,1726601,1140441,1581921,1140441,1726601,144680,0,144680,0,0,586160,data/raw/pdf/TV+/113712/2026090594782-2.pdf,2026-06-30,False,extraccion,99.32008733058444,True,38844.908121546956,True,955.7651612903226,True
TV+,Q2 2025,trimestre,2025-04-01,2025-06-30,888973,594374,294599,594374,294599,0,817002,594374,888973,71971,0,71971,0,0,294599,888973,594374,817002,594374,888973,71971,0,71971,0,0,294599,data/raw/pdf/TV+/113712/2026090594782-2.pdf,2026-06-30,False,extraccion,99.65004181907538,True,39120.08131868132,True,947.2473770491803,True
TV+,9M 2025,acumulado9m,2025-01-01,2025-09-30,2700183,1757331,942852,1757331,942852,0,2458577,1757331,2700183,241606,0,241606,0,0,942852,2700183,1757331,2458577,1757331,2700183,241606,0,241606,0,0,942852,data/raw/pdf/TV+/101643/Estados financieros.pdf,2025-09-30,False,extraccion,99.70640998887205,True,39003.31538461539,True,956.8946236559138,True
TV+,FY2025,anual,2025-01-01,2025-12-31,3724647,2367726,1356921,2367726,1356921,0,3366251,2367726,3724647,358396,0,358396,0,0,1356921,3724647,2367726,3366251,2367726,3724647,358396,0,358396,0,0,1356921,data/raw/pdf/TV+/109185/2026030214030_2.pdf,2025-12-31,False,extraccion,99.99999999999999,True,39156.96745205479,True,951.6412096774194,True
TV+,H2 2025,semestre2,2025-07-01,2025-12-31,1998046,1227285,770761,1227285,770761,0,1784330,1227285,1998046,213716,0,213716,0,0,770761,1998046,1227285,1784330,1227285,1998046,213716,0,213716,0,0,770761,data/raw/pdf/TV+/109185/2026030214030_2.pdf − data/raw/pdf/TV+/113712/2026090594782-2.pdf,2025-12-31,False,derivado (anual − H1),100.67991266941551,True,39463.938858695656,True,947.5172580645159,True
TV+,Q1 2026,trimestre,2026-01-01,2026-03-31,656874,328979,327895,328979,327895,0,512599,328979,656874,144275,0,144275,0,0,327895,656874,328979,512599,328979,656874,144275,0,144275,0,0,327895,data/raw/pdf/TV+/111128/2026050359074_2.pdf,2026-03-31,False,extraccion,101.58767254515989,True,39767.015555555554,True,886.0528571428572,True
TV+,H1 2026,semestre,2026-01-01,2026-06-30,1366132,682529,683603,682529,683603,0,1096059,682529,1366132,270073,0,270073,0,0,683603,1366132,682529,1096059,682529,1366132,270073,0,270073,0,0,683603,data/raw/pdf/TV+/113712/2026090594782-2.pdf,2026-06-30,False,extraccion,102.65894188969503,True,40063.40762430939,True,892.7671774193549,True
TV+,Q2 2026,trimestre,2026-04-01,2026-06-30,709258,353550,355708,353550,355708,0,583460,353550,709258,125798,0,125798,0,0,355708,709258,353550,583460,353550,709258,125798,0,125798,0,0,355708,data/raw/pdf/TV+/113712/2026090594782-2.pdf,2026-06-30,False,extraccion,103.73021123423018,True,40356.54263736264,True,899.7016393442623,True
TVN,Q1 2016,trimestre,2016-01-01,2016-03-31,9298154,6517385,2780769,6517385,2780769,0,6517385,6517385,9298154,2780769,0,2780769,0,0,2780769,9298154,6517385,6517385,6517385,9298154,2780769,0,2780769,0,0,2780769,data/raw/pdf/TVN/fecu_mar_2017_libro/fecu_mar_2017_libro.pdf,2017-03-31,False,extraccion,65.67553167286722,True,25688.102417582417,True,702.0671428571428,True
TVN,H1 2016,semestre,2016-01-01,2016-06-30,20527246,15294656,5232590,15294656,5232590,0,15294656,15294656,20527246,5232590,0,5232590,0,0,5232590,20527246,15294656,15294656,15294656,20527246,5232590,0,5232590,0,0,5232590,data/raw/pdf/TVN/fecu_jun_2017_libro/fecu_jun_2017_libro.pdf,2017-06-30,False,extraccion,65.98291214618347,True,25817.14917582418,True,689.7832283464569,True
TVN,Q2 2016,trimestre,2016-04-01,2016-06-30,11229092,8777271,2451821,8777271,2451821,0,8777271,8777271,11229092,2451821,0,2451821,0,0,2451821,11229092,8777271,8777271,8777271,11229092,2451821,0,2451821,0,0,2451821,data/raw/pdf/TVN/fecu_jun_2017_libro/fecu_jun_2017_libro.pdf,2017-06-30,False,extraccion,66.29029261949971,True,25946.19593406593,True,677.6912500000001,True
TVN,9M 2016,acumulado9m,2016-01-01,2016-09-30,32777007,24445005,8332002,24445005,8332002,0,24445005,24445005,32777007,8332002,0,8332002,0,0,8332002,32777007,24445005,24445005,24445005,32777007,8332002,0,8332002,0,0,8332002,data/raw/pdf/TVN/fecu_sep_2017_libro/fecu_sep_2017_libro.pdf,2017-09-30,False,extraccion,66.21810010285282,True,25933.984708029195,True,680.357329842932,True
TVN,Q3 2016,trimestre,2016-07-01,2016-09-30,12249761,9150349,3099412,9150349,3099412,0,9150349,9150349,12249761,3099412,0,3099412,0,0,3099412,12249761,9150349,9150349,9150349,12249761,3099412,0,3099412,0,0,3099412,data/raw/pdf/TVN/fecu_sep_2017_libro/fecu_sep_2017_libro.pdf,2017-09-30,False,extraccion,66.68847601619153,True,26165.115869565205,True,661.6528125,True
TVN,FY2016,anual,2016-01-01,2016-12-31,48781990,37867428,10914562,37867428,10914562,0,37867428,37867428,48781990,10914562,0,10914562,0,0,10914562,48781990,37867428,37867428,37867428,48781990,10914562,0,10914562,0,0,10914562,data/raw/pdf/TVN/fecu_dic_2017_libro/fecu_dic_2017_libro.pdf,2017-12-31,False,extraccion,66.39128627896237,True,26022.674754098363,True,676.8324206349207,True
TVN,H2 2016,semestre2,2016-07-01,2016-12-31,28254744,22572772,5681972,22572772,5681972,0,22572772,22572772,28254744,5681972,0,5681972,0,0,5681972,28254744,22572772,22572772,22572772,28254744,5681972,0,5681972,0,0,5681972,data/raw/pdf/TVN/fecu_dic_2017_libro/fecu_dic_2017_libro.pdf − data/raw/pdf/TVN/fecu_jun_2017_libro/fecu_jun_2017_libro.pdf,2017-12-31,False,derivado (anual − H1),66.79966041174129,True,26225.96635869565,True,663.6744,True
TVN,Q1 2017,trimestre,2017-01-01,2017-03-31,11347715,8868483,2479232,8868483,2479232,0,8868483,8868483,11347715,2479232,0,2479232,0,0,2479232,11347715,8868483,8868483,8868483,11347715,2479232,0,2479232,0,0,2479232,data/raw/pdf/TVN/fecu_mar_2018_libro/fecu_mar_2018_libro.pdf,2018-03-31,False,extraccion,67.35738457218287,True,26374.742666666665,True,655.57703125,True
TVN,H1 2017,semestre,2017-01-01,2017-06-30,25242798,19802336,5440462,19802336,5440462,0,19802336,19802336,25242798,5440462,0,5440462,0,0,5440462,25242798,19802336,19802336,19802336,25242798,5440462,0,5440462,0,0,5440462,data/raw/pdf/TVN/fecu_06_2018_libro/fecu_06_2018_libro.pdf,2018-06-30,False,extraccion,67.51449140105287,True,26482.50320441989,True,660.0192,True
TVN,Q2 2017,trimestre,2017-04-01,2017-06-30,13895083,10933853,2961230,10933853,2961230,0,10933853,10933853,13895083,2961230,0,2961230,0,0,2961230,13895083,10933853,10933853,10933853,13895083,2961230,0,2961230,0,0,2961230,data/raw/pdf/TVN/fecu_06_2018_libro/fecu_06_2018_libro.pdf,2018-06-30,False,extraccion,67.67159822992289,True,26589.079560439564,True,664.6798360655737,True
TVN,9M 2017,acumulado9m,2017-01-01,2017-09-30,37811376,28086571,9724805,28086571,9724805,0,28086571,28086571,37811376,9724805,0,9724805,0,0,9724805,37811376,28086571,28086571,28086571,37811376,9724805,0,9724805,0,0,9724805,data/raw/pdf/TVN/fecu_tvn_09_2018_libro/fecu_tvn_09_2018_libro.pdf,2018-09-30,True,extraccion,67.57414336482844,True,26528.734871794873,True,654.4524598930482,True
TVN,Q3 2017,trimestre,2017-07-01,2017-09-30,12568578,9162725,3405853,9162725,3405853,0,9162725,9162725,12568578,3405853,0,3405853,0,0,3405853,12568578,9162725,9162725,9162725,12568578,3405853,0,3405853,0,0,3405853,data/raw/pdf/TVN/fecu_tvn_09_2018_libro/fecu_tvn_09_2018_libro.pdf,2018-09-30,False,extraccion,67.69344729237957,True,26619.690652173915,True,643.2291935483872,True
TVN,FY2017,anual,2017-01-01,2017-12-31,51560229,39587290,11972939,39587290,11972939,0,39587290,39587290,51560229,11972939,0,11972939,0,0,11972939,51560229,39587290,39587290,39587290,51560229,11972939,0,11972939,0,0,11972939,data/raw/pdf/TVN/Fecu_tvn_dic_18_libro/Fecu_tvn_dic_18_libro.pdf,2018-12-31,False,extraccion,67.71114094531596,True,26571.92610958904,True,649.3287854251012,True
TVN,H2 2017,semestre2,2017-07-01,2017-12-31,26317431,19784954,6532477,19784954,6532477,0,19784954,19784954,26317431,6532477,0,6532477,0,0,6532477,26317431,19784954,19784954,19784954,26317431,6532477,0,6532477,0,0,6532477,data/raw/pdf/TVN/Fecu_tvn_dic_18_libro/Fecu_tvn_dic_18_libro.pdf − data/raw/pdf/TVN/fecu_06_2018_libro/fecu_06_2018_libro.pdf,2018-12-31,False,derivado (anual − H1),67.90779048957906,True,26659.891032608695,True,638.3754918032788,True
TVN,Q1 2018,trimestre,2018-01-01,2018-03-31,8872517,5622190,3250327,5622190,3250327,0,5622190,5622190,8872517,3250327,0,3250327,0,0,3250327,8872517,5622190,5622190,5622190,8872517,3250327,0,3250327,0,0,3250327,data/raw/pdf/TVN/FECU_TVN_0319_LIBRO/FECU_TVN_0319_LIBRO.pdf,2019-03-31,True,extraccion,68.57687173484625,True,26879.62644444445,True,602.0755555555558,True
TVN,H1 2018,semestre,2018-01-01,2018-06-30,19718489,12508455,7210034,12508455,7210034,0,12508455,12508455,19718489,7210034,0,7210034,0,0,7210034,19718489,12508455,12508455,12508455,19718489,7210034,0,7210034,0,0,7210034,data/raw/pdf/TVN/Libro_81689800-5-blce-06-2019/Libro_81689800-5-blce-06-2019.pdf,2019-06-30,False,extraccion,68.80594929141357,True,26963.63314917127,True,611.5065873015873,True
TVN,Q2 2018,trimestre,2018-04-01,2018-06-30,10845972,6945698,3900274,6945698,3900274,0,6945698,6945698,10845972,3900274,0,3900274,0,0,3900274,10845972,6945698,6945698,6945698,10845972,3900274,0,3900274,0,0,3900274,data/raw/pdf/TVN/Libro_81689800-5-blce-06-2019/Libro_81689800-5-blce-06-2019.pdf,2019-06-30,False,extraccion,69.03502684798086,True,27046.716703296705,True,620.937619047619,True
TVN,9M 2018,acumulado9m,2018-01-01,2018-09-30,31002968,20075923,10927045,20075923,10927045,0,20075923,20075923,31002968,10927045,0,10927045,0,0,10927045,31002968,20075923,20075923,20075923,31002968,10927045,0,10927045,0,0,10927045,data/raw/pdf/TVN/816898005_eef_0919_libro/816898005_eef_0919_libro.pdf,2019-09-30,False,extraccion,69.06686252202569,True,27060.322564102567,True,627.6272432432432,True
TVN,Q3 2018,trimestre,2018-07-01,2018-09-30,11284479,7566746,3717733,7566746,3717733,0,7566746,7566746,11284479,3717733,0,3717733,0,0,3717733,11284479,7566746,7566746,7566746,11284479,3717733,0,3717733,0,0,3717733,data/raw/pdf/TVN/816898005_eef_0919_libro/816898005_eef_0919_libro.pdf,2019-09-30,False,extraccion,69.58868898324995,True,27250.54847826087,True,662.054406779661,True
TVN,FY2018,anual,2018-01-01,2018-12-31,44368494,29346246,15022248,29346246,15022248,0,29346246,29346246,44368494,15022248,0,15022248,0,0,15022248,44368494,29346246,29346246,29346246,44368494,15022248,0,15022248,0,0,15022248,data/raw/pdf/TVN/fecu dic 2019 libro/fecu dic 2019 libro.pdf,2019-12-31,False,extraccion,69.30760927123049,True,27165.746301369858,True,640.2907723577235,True
TVN,H2 2018,semestre2,2018-07-01,2018-12-31,24650005,16837791,7812214,16837791,7812214,0,16837791,16837791,24650005,7812214,0,7812214,0,0,7812214,24650005,16837791,16837791,16837791,24650005,7812214,0,7812214,0,0,7812214,data/raw/pdf/TVN/fecu dic 2019 libro/fecu dic 2019 libro.pdf − data/raw/pdf/TVN/Libro_81689800-5-blce-06-2019/Libro_81689800-5-blce-06-2019.pdf,2019-12-31,False,derivado (anual − H1),69.80926925104744,True,27364.564130434777,True,670.5141666666666,True
TVN,Q1 2019,trimestre,2019-01-01,2019-03-31,11963197,8247431,3715766,8247431,3715766,0,8247431,8247431,11963197,3715766,0,3715766,0,0,3715766,11963197,8247431,8247431,8247431,11963197,3715766,0,3715766,0,0,3715766,data/raw/pdf/TVN/Libro-TVN-03-2020/Libro-TVN-03-2020.pdf,2020-03-31,False,extraccion,70.1698857500604,True,27556.739888888886,True,667.3444444444444,True
TVN,H1 2019,semestre,2019-01-01,2019-06-30,23483943,16184808,7299135,16184808,7299135,0,16184808,16184808,23483943,7299135,0,7299135,0,0,7299135,23483943,16184808,16184808,16184808,23483943,7299135,0,7299135,0,0,7299135,data/raw/pdf/TVN/fecu-tvn-06-2020-LIBRO/fecu-tvn-06-2020-LIBRO.pdf,2020-06-30,False,extraccion,70.53347527463977,True,27636.73309392265,True,675.5067200000001,True
TVN,Q2 2019,trimestre,2019-04-01,2019-06-30,11520746,7937377,3583369,7937377,3583369,0,7937377,7937377,11520746,3583369,0,3583369,0,0,3583369,11520746,7937377,7937377,7937377,11520746,3583369,0,3583369,0,0,3583369,data/raw/pdf/TVN/fecu-tvn-06-2020-LIBRO/fecu-tvn-06-2020-LIBRO.pdf,2020-06-30,False,extraccion,70.89706479921914,True,27715.847252747248,True,683.8006451612903,True
TVN,9M 2019,acumulado9m,2019-01-01,2019-09-30,33280235,22421302,10858933,22421302,10858933,0,22421302,22421302,33280235,10858933,0,10858933,0,0,10858933,33280235,22421302,22421302,22421302,33280235,10858933,0,10858933,0,0,10858933,data/raw/pdf/TVN/fecu-septiembre-2020/fecu-septiembre-2020.pdf,2020-09-30,False,extraccion,70.78074277002335,True,27751.876263736263,True,685.2224731182796,True
TVN,Q3 2019,trimestre,2019-07-01,2019-09-30,9796292,6236494,3559798,6236494,3559798,0,6236494,6236494,9796292,3559798,0,3559798,0,0,3559798,9796292,6236494,6236494,6236494,9796292,3559798,0,3559798,0,0,3559798,data/raw/pdf/TVN/fecu-septiembre-2020/fecu-septiembre-2020.pdf,2020-09-30,False,extraccion,71.2752777607905,True,27978.40793478261,True,705.1318032786885,True
TVN,FY2019,anual,2019-01-01,2019-12-31,41193889,26799052,14394837,26799052,14394837,0,26799052,26799052,41193889,14394837,0,14394837,0,0,14394837,41193889,26799052,26799052,26799052,41193889,14394837,0,14394837,0,0,14394837,data/raw/pdf/TVN/Librodic2021 81689800_eeff_aud/Librodic2021 81689800_eeff_aud.pdf,2020-12-31,False,extraccion,71.07686469490493,True,27854.391863013698,True,702.6310483870968,True
TVN,H2 2019,semestre2,2019-07-01,2019-12-31,17709946,10614244,7095702,10614244,7095702,0,10614244,10614244,17709946,7095702,0,7095702,0,0,7095702,17709946,10614244,10614244,10614244,17709946,7095702,0,7095702,0,0,7095702,data/raw/pdf/TVN/Librodic2021 81689800_eeff_aud/Librodic2021 81689800_eeff_aud.pdf − data/raw/pdf/TVN/fecu-tvn-06-2020-LIBRO/fecu-tvn-06-2020-LIBRO.pdf,2020-12-31,False,derivado (anual − H1),71.62025411517008,True,28068.501847826086,True,730.1964227642276,True
TVN,Q1 2020,trimestre,2020-01-01,2020-03-31,10234534,6520561,3713973,6520561,3713973,0,6520561,6520561,10234534,3713973,0,3713973,0,0,3713973,10234534,6520561,6520561,6520561,10234534,3713973,0,3713973,0,0,3713973,data/raw/pdf/TVN/fecu_03_21_libro/fecu_03_21_libro.pdf,2021-03-31,True,extraccion,72.73540573351929,True,28417.99516483516,True,803.0015625000001,True
TVN,H1 2020,semestre,2020-01-01,2020-06-30,17955410,11333942,6621468,11333942,6621468,0,11333942,11333942,17955410,6621468,0,6621468,0,0,6621468,17955410,11333942,11333942,11333942,17955410,6621468,0,6621468,0,0,6621468,data/raw/pdf/TVN/FECUTVNLIBROJUNIO2021/FECUTVNLIBROJUNIO2021.pdf,2021-06-30,True,extraccion,72.82000132352418,True,28554.21956043956,True,812.76352,True
TVN,Q2 2020,trimestre,2020-04-01,2020-06-30,7720876,4813381,2907495,4813381,2907495,0,4813381,4813381,7720876,2907495,0,2907495,0,0,2907495,7720876,4813381,4813381,4813381,7720876,2907495,0,2907495,0,0,2907495,data/raw/pdf/TVN/FECUTVNLIBROJUNIO2021/FECUTVNLIBROJUNIO2021.pdf,2021-06-30,True,extraccion,72.90459691352908,True,28690.443956043953,True,823.0055737704918,True
TVN,9M 2020,acumulado9m,2020-01-01,2020-09-30,27231267,17336822,9894445,17336822,9894445,0,17336822,17336822,27231267,9894445,0,9894445,0,0,9894445,27231267,17336822,17336822,17336822,27231267,9894445,0,9894445,0,0,9894445,data/raw/pdf/TVN/LIBRO_EEFF-09-2021/LIBRO_EEFF-09-2021.pdf,2021-09-30,False,extraccion,72.91302004610303,True,28596.752700729925,True,802.0043915343916,True
TVN,Q3 2020,trimestre,2020-07-01,2020-09-30,9275857,6002880,3272977,6002880,3272977,0,6002880,6002880,9275857,3272977,0,3272977,0,0,3272977,9275857,6002880,6002880,6002880,9275857,3272977,0,3272977,0,0,3272977,data/raw/pdf/TVN/LIBRO_EEFF-09-2021/LIBRO_EEFF-09-2021.pdf,2021-09-30,True,extraccion,73.09905749126075,True,28680.894347826088,True,780.99046875,True
TVN,FY2020,anual,2020-01-01,2020-12-31,41267734,26916556,14351178,26916556,14351178,0,26916556,26916556,41267734,14351178,0,14351178,0,0,14351178,41267734,26916556,26916556,26916556,41267734,14351178,0,14351178,0,0,14351178,data/raw/pdf/TVN/LIBROFECUTVNDIC2021/LIBROFECUTVNDIC2021.pdf,2021-12-31,False,extraccion,73.17320118894278,True,28678.814453551913,True,792.2218326693227,True
TVN,H2 2020,semestre2,2020-07-01,2020-12-31,23312324,15582614,7729710,15582614,7729710,0,15582614,15582614,23312324,7729710,0,7729710,0,0,7729710,23312324,15582614,15582614,15582614,23312324,7729710,0,7729710,0,0,7729710,data/raw/pdf/TVN/LIBROFECUTVNDIC2021/LIBROFECUTVNDIC2021.pdf − data/raw/pdf/TVN/FECUTVNLIBROJUNIO2021/FECUTVNLIBROJUNIO2021.pdf,2021-12-31,True,derivado (anual − H1),73.52640105436139,True,28802.05505434783,True,771.8431746031746,True
TVN,Q1 2021,trimestre,2021-01-01,2021-03-31,10132346,6745744,3386602,6745744,3386602,0,6745744,6745744,10132346,3386602,0,3386602,0,0,3386602,10132346,6745744,6745744,6745744,10132346,3386602,0,3386602,0,0,3386602,data/raw/pdf/TVN/FECUTVN03_2022/FECUTVN03_2022.pdf,2022-03-31,False,extraccion,74.79446958951426,True,29214.230111111112,True,724.2868253968253,True
TVN,H1 2021,semestre,2021-01-01,2021-06-30,22821998,15590497,7231501,15590497,7231501,0,15590497,15590497,22821998,7231501,0,7231501,0,0,7231501,22821998,15590497,15590497,15590497,22821998,7231501,0,7231501,0,0,7231501,data/raw/pdf/TVN/fecutvnjunio2022/fecutvnjunio2022.pdf,2022-06-30,False,extraccion,75.1570197771643,True,29384.986906077353,True,719.9266129032259,True
TVN,Q2 2021,trimestre,2021-04-01,2021-06-30,12689652,8844753,3844899,8844753,3844899,0,8844753,8844753,12689652,3844899,0,3844899,0,0,3844899,12689652,8844753,8844753,8844753,12689652,3844899,0,3844899,0,0,3844899,data/raw/pdf/TVN/fecutvnjunio2022/fecutvnjunio2022.pdf,2022-06-30,False,extraccion,75.51956996481432,True,29553.867252747255,True,715.4234426229506,True
TVN,9M 2021,acumulado9m,2021-01-01,2021-09-30,37260528,25685382,11575146,25685382,11575146,0,25685382,25685382,37260528,11575146,0,11575146,0,0,11575146,37260528,25685382,25685382,25685382,37260528,11575146,0,11575146,0,0,11575146,data/raw/pdf/TVN/LIBRO_FECU_TVN_09_22/LIBRO_FECU_TVN_09_22.pdf,2022-09-30,False,extraccion,75.69135058495596,True,29546.11271062271,True,737.4602127659574,True
TVN,Q3 2021,trimestre,2021-07-01,2021-09-30,14438530,10094885,4343645,10094885,4343645,0,10094885,10094885,14438530,4343645,0,4343645,0,0,4343645,14438530,10094885,10094885,10094885,14438530,4343645,0,4343645,0,0,4343645,data/raw/pdf/TVN/LIBRO_FECU_TVN_09_22/LIBRO_FECU_TVN_09_22.pdf,2022-09-30,False,extraccion,76.7600122005393,True,29863.110217391306,True,771.4315624999999,True
TVN,FY2021,anual,2021-01-01,2021-12-31,55389010,38656026,16732984,38656026,16732984,0,38656026,38656026,55389010,16732984,0,16732984,0,0,16732984,55389010,38656026,38656026,38656026,55389010,16732984,0,16732984,0,0,16732984,data/raw/pdf/TVN/Fecu_tvn_2022_dec/Fecu_tvn_2022_dec.pdf,2022-12-31,False,extraccion,76.50681815733448,True,29802.931589041098,True,759.2728400000001,True
TVN,H2 2021,semestre2,2021-07-01,2021-12-31,32567012,23065529,9501483,23065529,9501483,0,23065529,23065529,32567012,9501483,0,9501483,0,0,9501483,32567012,23065529,23065529,23065529,32567012,9501483,0,9501483,0,0,9501483,data/raw/pdf/TVN/Fecu_tvn_2022_dec/Fecu_tvn_2022_dec.pdf − data/raw/pdf/TVN/fecutvnjunio2022/fecutvnjunio2022.pdf,2022-12-31,False,derivado (anual − H1),77.85661653750465,True,30214.061956521742,True,797.9945238095238,True
TVN,Q1 2022,trimestre,2022-01-01,2022-03-31,12283407,8209220,4074187,8209220,4074187,0,8209220,8209220,12283407,4074187,0,4074187,0,0,4074187,12283407,8209220,8209220,8209220,12283407,4074187,0,4074187,0,0,4074187,data/raw/pdf/TVN/LIBRO_EEFF_032023_816898005/LIBRO_EEFF_032023_816898005.pdf,2023-03-31,False,extraccion,81.13075711547621,True,31377.420333333335,True,809.151875,True
TVN,H1 2022,semestre,2022-01-01,2022-06-30,26453322,17897051,8556271,17897051,8556271,0,17897051,17897051,26453322,8556271,0,8556271,0,0,8556271,26453322,17897051,17897051,17897051,26453322,8556271,0,8556271,0,0,8556271,data/raw/pdf/TVN/Libro_FECU_30_06_2023/Libro_FECU_30_06_2023.pdf,2023-06-30,False,extraccion,82.71783782793095,True,31900.878397790057,True,824.8424603174606,True
TVN,Q2 2022,trimestre,2022-04-01,2022-06-30,14169915,9687831,4482084,9687831,4482084,0,9687831,9687831,14169915,4482084,0,4482084,0,0,4482084,14169915,9687831,9687831,9687831,14169915,4482084,0,4482084,0,0,4482084,data/raw/pdf/TVN/Libro_FECU_30_06_2023/Libro_FECU_30_06_2023.pdf,2023-06-30,False,extraccion,84.30491854038569,True,32418.584175824177,True,841.0391935483871,True
TVN,9M 2022,acumulado9m,2022-01-01,2022-09-30,39863649,26905531,12958118,26905531,12958118,0,26905531,26905531,39863649,12958118,0,12958118,0,0,12958118,39863649,26905531,26905531,26905531,39863649,12958118,0,12958118,0,0,12958118,data/raw/pdf/TVN/LIBRO_EEFF_816898005_09_23/LIBRO_EEFF_816898005_09_23.pdf,2023-09-30,False,extraccion,84.24176146381704,True,32488.16208791209,True,858.5919576719577,True
TVN,Q3 2022,trimestre,2022-07-01,2022-09-30,13410327,9008480,4401847,9008480,4401847,0,9008480,9008480,13410327,4401847,0,4401847,0,0,4401847,13410327,9008480,9008480,9008480,13410327,4401847,0,4401847,0,0,4401847,data/raw/pdf/TVN/LIBRO_EEFF_816898005_09_23/LIBRO_EEFF_816898005_09_23.pdf,2023-09-30,False,extraccion,87.28960873558924,True,33643.57891304348,True,926.0909523809523,True
TVN,FY2022,anual,2022-01-01,2022-12-31,55699724,37468108,18231616,37468108,18231616,0,37468108,37468108,55699724,18231616,0,18231616,0,0,18231616,55699724,37468108,37468108,37468108,55699724,18231616,0,18231616,0,0,18231616,data/raw/pdf/TVN/FECU-dic-2023/FECU-dic-2023.pdf,2023-12-31,False,extraccion,85.50135647028573,True,33047.14161643836,True,872.3315200000001,True
TVN,H2 2022,semestre2,2022-07-01,2022-12-31,29246402,19571057,9675345,19571057,9675345,0,19571057,19571057,29246402,9675345,0,9675345,0,0,9675345,29246402,19571057,19571057,19571057,29246402,9675345,0,9675345,0,0,9675345,data/raw/pdf/TVN/FECU-dic-2023/FECU-dic-2023.pdf − data/raw/pdf/TVN/Libro_FECU_30_06_2023/Libro_FECU_30_06_2023.pdf,2023-12-31,False,derivado (anual − H1),88.28487511264052,True,34174.71576086956,True,920.5865322580644,True
TVN,Q1 2023,trimestre,2023-01-01,2023-03-31,13335225,9352427,3982798,9352427,3982798,0,9352427,9352427,13335225,3982798,0,3982798,0,0,3982798,13335225,9352427,9352427,9352427,13335225,3982798,0,3982798,0,0,3982798,data/raw/pdf/TVN/2024-03-Estados-Financieros-TVN/2024-03-Estados-Financieros-TVN.pdf,2024-03-31,False,extraccion,90.74356805233406,True,35396.80522222222,True,811.51234375,True
TVN,H1 2023,semestre,2023-01-01,2023-06-30,26516136,18143084,8373052,18143084,8373052,0,18143084,18143084,26516136,8373052,0,8373052,0,0,8373052,26516136,18143084,18143084,18143084,26516136,8373052,0,8373052,0,0,8373052,data/raw/pdf/TVN/2024-06-Estados-Financieros-TVN/2024-06-Estados-Financieros-TVN.pdf,2024-06-30,False,extraccion,91.19692377591316,True,35651.08850828729,True,806.21696,True
TVN,Q2 2023,trimestre,2023-04-01,2023-06-30,13180911,8790657,4390254,8790657,4390254,0,8790657,8790657,13180911,4390254,0,4390254,0,0,4390254,13180911,8790657,8790657,8790657,13180911,4390254,0,4390254,0,0,4390254,data/raw/pdf/TVN/2024-06-Estados-Financieros-TVN/2024-06-Estados-Financieros-TVN.pdf,2024-06-30,False,extraccion,91.65027949949224,True,35902.57747252747,True,800.6611475409835,True
TVN,9M 2023,acumulado9m,2023-01-01,2023-09-30,38082608,25642608,12440000,25642608,12440000,0,25642608,25642608,38082608,12440000,0,12440000,0,0,12440000,38082608,25642608,25642608,25642608,38082608,12440000,0,12440000,0,0,12440000,data/raw/pdf/TVN/2024-09-Estados-Financieros-TVN/2024-09-Estados-Financieros-TVN.pdf,2024-09-30,False,extraccion,91.53152575070652,True,35804.87340659341,True,820.7841711229947,True
TVN,Q3 2023,trimestre,2023-07-01,2023-09-30,11566472,7499524,4066948,7499524,4066948,0,7499524,7499524,11566472,4066948,0,4066948,0,0,4066948,11566472,7499524,7499524,7499524,11566472,4066948,0,4066948,0,0,4066948,data/raw/pdf/TVN/2024-09-Estados-Financieros-TVN/2024-09-Estados-Financieros-TVN.pdf,2024-09-30,False,extraccion,92.20072970029327,True,36107.42847826087,True,850.1535483870967,True
TVN,FY2023,anual,2023-01-01,2023-12-31,52026148,34655366,17370782,34655366,17370782,0,34655366,34655366,52026148,17370782,0,17370782,0,0,17370782,52026148,34655366,34655366,34655366,52026148,17370782,0,17370782,0,0,17370782,data/raw/pdf/TVN/Estados-Financieros-TVN-31-12-2024/Estados-Financieros-TVN-31-12-2024.pdf,2024-12-31,False,extraccion,91.97600291973446,True,35974.36753424657,True,839.0734008097166,True
TVN,H2 2023,semestre2,2023-07-01,2023-12-31,25510012,16512282,8997730,16512282,8997730,0,16512282,16512282,25510012,8997730,0,8997730,0,0,8997730,25510012,16512282,16512282,16512282,25510012,8997730,0,8997730,0,0,8997730,data/raw/pdf/TVN/Estados-Financieros-TVN-31-12-2024/Estados-Financieros-TVN-31-12-2024.pdf − data/raw/pdf/TVN/2024-06-Estados-Financieros-TVN/2024-06-Estados-Financieros-TVN.pdf,2024-12-31,False,derivado (anual − H1),92.75508206355578,True,36292.375706521736,True,872.737786885246,True
TVN,Q1 2024,trimestre,2024-01-01,2024-03-31,12089545,8169143,3920402,8169143,3920402,0,8169143,8169143,12089545,3920402,0,3920402,0,0,3920402,12089545,8169143,8169143,8169143,12089545,3920402,0,3920402,0,0,3920402,data/raw/pdf/TVN/1-Estados-Financieros-TVN-032025/1-Estados-Financieros-TVN-032025.pdf,2025-03-31,False,extraccion,94.36810539787162,True,36849.12065934065,True,945.502380952381,True
TVN,H1 2024,semestre,2024-01-01,2024-06-30,23163911,15257940,7905971,15257940,7905971,0,15257940,15257940,23163911,7905971,0,7905971,0,0,7905971,23163911,15257940,15257940,15257940,23163911,7905971,0,7905971,0,0,7905971,data/raw/pdf/TVN/Estados-Financieros-TVN-junio-2025/Estados-Financieros-TVN-junio-2025.pdf,2025-06-30,False,extraccion,94.9042516038989,True,37099.92164835164,True,940.4852000000001,True
TVN,Q2 2024,trimestre,2024-04-01,2024-06-30,11074366,7088797,3985569,7088797,3985569,0,7088797,7088797,11074366,3985569,0,3985569,0,0,3985569,11074366,7088797,7088797,7088797,11074366,3985569,0,3985569,0,0,3985569,data/raw/pdf/TVN/Estados-Financieros-TVN-junio-2025/Estados-Financieros-TVN-junio-2025.pdf,2025-06-30,False,extraccion,95.44039780992614,True,37350.72263736263,True,935.3870967741934,True
TVN,9M 2024,acumulado9m,2024-01-01,2024-09-30,33933490,21441547,12491943,21441547,12491943,0,21441547,21441547,33933490,12491943,0,12491943,0,0,12491943,33933490,21441547,21441547,21441547,33933490,12491943,0,12491943,0,0,12491943,data/raw/pdf/TVN/Estados_Financieros_TVN-30_09_2025/Estados_Financieros_TVN-30_09_2025.pdf,2025-09-30,False,extraccion,95.39106607769124,True,37298.57897810219,True,937.5626344086021,True
TVN,Q3 2024,trimestre,2024-07-01,2024-09-30,10769579,6183607,4585972,6183607,4585972,0,6183607,6183607,10769579,4585972,0,4585972,0,0,4585972,10769579,6183607,6183607,6183607,10769579,4585972,0,4585972,0,0,4585972,data/raw/pdf/TVN/Estados_Financieros_TVN-30_09_2025/Estados_Financieros_TVN-30_09_2025.pdf,2025-09-30,False,extraccion,96.36469502527594,True,37691.575,True,931.5737704918033,True
TVN,FY2024,anual,2024-01-01,2024-12-31,46850034,29763217,17086817,29763217,17086817,0,29763217,29763217,46850034,17086817,0,17086817,0,0,17086817,46850034,29763217,29763217,29763217,46850034,17086817,0,17086817,0,0,17086817,data/raw/pdf/TVN/Estados-Financieros-TVN-31-12-2025/Estados-Financieros-TVN-31-12-2025.pdf,2025-12-31,False,extraccion,95.9321085325393,True,37508.218415300544,True,943.5824193548387,True
TVN,H2 2024,semestre2,2024-07-01,2024-12-31,23686123,14505277,9180846,14505277,9180846,0,14505277,14505277,23686123,9180846,0,9180846,0,0,9180846,23686123,14505277,14505277,14505277,23686123,9180846,0,9180846,0,0,9180846,data/raw/pdf/TVN/Estados-Financieros-TVN-31-12-2025/Estados-Financieros-TVN-31-12-2025.pdf − data/raw/pdf/TVN/Estados-Financieros-TVN-junio-2025/Estados-Financieros-TVN-junio-2025.pdf,2025-12-31,False,derivado (anual − H1),96.95996546117972,True,37912.07717391304,True,946.73,True
TVN,Q1 2025,trimestre,2025-01-01,2025-03-31,10488822,6418065,4070757,6418065,4070757,0,6418065,6418065,10488822,4070757,0,4070757,0,0,4070757,10488822,6418065,6418065,6418065,10488822,4070757,0,4070757,0,0,4070757,data/raw/pdf/TVN/Estados-Financieros-TVN-03-2026/Estados-Financieros-TVN-03-2026.pdf,2026-03-31,False,extraccion,98.99013284209353,True,38566.67744444444,True,964.0125396825397,True
TVN,H1 2025,semestre,2025-01-01,2025-06-30,24237233,14095458,10141775,14095458,8141775,2000000,14095458,14095458,22237233,8141775,0,8141775,2000000,2000000,10141775,24237233,14095458,14095458,14095458,22237233,8141775,0,8141775,2000000,2000000,10141775,data/raw/pdf/TVN/Estados Financieros TVN al 06-2026/Estados Financieros TVN al 06-2026.pdf,2026-06-30,True,extraccion,99.32008733058444,True,38844.908121546956,True,955.7651612903226,True
TVN,Q2 2025,trimestre,2025-04-01,2025-06-30,13748411,7677393,6071018,7677393,4071018,2000000,7677393,7677393,11748411,4071018,0,4071018,2000000,2000000,6071018,13748411,7677393,7677393,7677393,11748411,4071018,0,4071018,2000000,2000000,6071018,data/raw/pdf/TVN/Estados Financieros TVN al 06-2026/Estados Financieros TVN al 06-2026.pdf,2026-06-30,True,extraccion,99.65004181907538,True,39120.08131868132,True,947.2473770491803,True
TVN,9M 2025,acumulado9m,2025-01-01,2025-09-30,35543509,21057822,14485687,21057822,14485687,0,21057822,21057822,35543509,14485687,0,14485687,0,0,14485687,35543509,21057822,21057822,21057822,35543509,14485687,0,14485687,0,0,14485687,data/raw/pdf/TVN/Estados_Financieros_TVN-30_09_2025/Estados_Financieros_TVN-30_09_2025.pdf,2025-09-30,False,extraccion,99.70640998887205,True,39003.31538461539,True,956.8946236559138,True
TVN,Q3 2025,trimestre,2025-07-01,2025-09-30,11306276,6962364,4343912,6962364,4343912,0,6962364,6962364,11306276,4343912,0,4343912,0,0,4343912,11306276,6962364,6962364,6962364,11306276,4343912,0,4343912,0,0,4343912,data/raw/pdf/TVN/Estados_Financieros_TVN-30_09_2025/Estados_Financieros_TVN-30_09_2025.pdf,2025-09-30,False,extraccion,100.47905530544729,True,39314.96445652174,True,959.1535483870969,True
TVN,FY2025,anual,2025-01-01,2025-12-31,47915398,28787675,19127723,28787675,17127723,2000000,28787675,28787675,45915398,17127723,0,17127723,2000000,2000000,19127723,47915398,28787675,28787675,28787675,45915398,17127723,0,17127723,2000000,2000000,19127723,data/raw/pdf/TVN/Estados-Financieros-TVN-31-12-2025/Estados-Financieros-TVN-31-12-2025.pdf,2025-12-31,False,manual,99.99999999999999,True,39156.96745205479,True,951.6412096774194,True
TVN,H2 2025,semestre2,2025-07-01,2025-12-31,23678165,14692217,8985948,14692217,8985948,0,14692217,14692217,23678165,8985948,0,8985948,0,0,8985948,23678165,14692217,14692217,14692217,23678165,8985948,0,8985948,0,0,8985948,data/raw/pdf/TVN/Estados-Financieros-TVN-31-12-2025/Estados-Financieros-TVN-31-12-2025.pdf − data/raw/pdf/TVN/Estados Financieros TVN al 06-2026/Estados Financieros TVN al 06-2026.pdf,2025-12-31,True,derivado (anual − H1),100.67991266941551,True,39463.938858695656,True,947.5172580645159,True
TVN,Q1 2026,trimestre,2026-01-01,2026-03-31,10801240,5978199,4823041,5978199,4823041,0,5978199,5978199,10801240,4823041,0,4823041,0,0,4823041,10801240,5978199,5978199,5978199,10801240,4823041,0,4823041,0,0,4823041,data/raw/pdf/TVN/Estados-Financieros-TVN-03-2026/Estados-Financieros-TVN-03-2026.pdf,2026-03-31,False,extraccion,101.58767254515989,True,39767.015555555554,True,886.0528571428572,True
TVN,H1 2026,semestre,2026-01-01,2026-06-30,22291139,12596474,9694665,12596474,7990951,1703714,12596474,12596474,20587425,7990951,0,7990951,1703714,1703714,9694665,22291139,12596474,12596474,12596474,20587425,7990951,0,7990951,1703714,1703714,9694665,data/raw/pdf/TVN/Estados Financieros TVN al 06-2026/Estados Financieros TVN al 06-2026.pdf,2026-06-30,False,extraccion,102.65894188969503,True,40063.40762430939,True,892.7671774193549,True
TVN,Q2 2026,trimestre,2026-04-01,2026-06-30,11489899,6618275,4871624,6618275,3843535,1028089,6618275,6618275,10461810,3843535,0,3843535,1028089,1028089,4871624,11489899,6618275,6618275,6618275,10461810,3843535,0,3843535,1028089,1028089,4871624,data/raw/pdf/TVN/Estados Financieros TVN al 06-2026/Estados Financieros TVN al 06-2026.pdf,2026-06-30,False,extraccion,103.73021123423018,True,40356.54263736264,True,899.7016393442623,True
